Compound SMILES,Plate,Well,ch1_path,ch2_path,ch3_path,ch4_path,ch5_path
C[C@]12CC[C@@H]3c4ccc(O)cc4CC[C@H]3[C@@H]1CC[C@@H]2O,24277,A16,s3://morphology_profiles/filtered_mp/24277-Hoechst/merged_24277-Hoechst_a16.tif,s3://morphology_profiles/filtered_mp/24277-ERSyto/merged_24277-ERSyto_a16.tif,s3://morphology_profiles/filtered_mp/24277-ERSytoBleed/merged_24277-ERSytoBleed_a16.tif,s3://morphology_profiles/filtered_mp/24277-Ph_golgi/merged_24277-Ph_golgi_a16.tif,s3://morphology_profiles/filtered_mp/24277-Mito/merged_24277-Mito_a16.tif
N=c1[nH]c2ccc(OC(F)(F)F)cc2s1,24277,B19,s3://morphology_profiles/filtered_mp/24277-Hoechst/merged_24277-Hoechst_b19.tif,s3://morphology_profiles/filtered_mp/24277-ERSyto/merged_24277-ERSyto_b19.tif,s3://morphology_profiles/filtered_mp/24277-ERSytoBleed/merged_24277-ERSytoBleed_b19.tif,s3://morphology_profiles/filtered_mp/24277-Ph_golgi/merged_24277-Ph_golgi_b19.tif,s3://morphology_profiles/filtered_mp/24277-Mito/merged_24277-Mito_b19.tif
CS(=O)(=O)c1ccc(C2=C(c3ccccc3)C(=O)OC2)cc1,24277,C3,s3://morphology_profiles/filtered_mp/24277-Hoechst/merged_24277-Hoechst_c03.tif,s3://morphology_profiles/filtered_mp/24277-ERSyto/merged_24277-ERSyto_c03.tif,s3://morphology_profiles/filtered_mp/24277-ERSytoBleed/merged_24277-ERSytoBleed_c03.tif,s3://morphology_profiles/filtered_mp/24277-Ph_golgi/merged_24277-Ph_golgi_c03.tif,s3://morphology_profiles/filtered_mp/24277-Mito/merged_24277-Mito_c03.tif
O=c1ccc2ccccc2o1,24277,D7,s3://morphology_profiles/filtered_mp/24277-Hoechst/merged_24277-Hoechst_d07.tif,s3://morphology_profiles/filtered_mp/24277-ERSyto/merged_24277-ERSyto_d07.tif,s3://morphology_profiles/filtered_mp/24277-ERSytoBleed/merged_24277-ERSytoBleed_d07.tif,s3://morphology_profiles/filtered_mp/24277-Ph_golgi/merged_24277-Ph_golgi_d07.tif,s3://morphology_profiles/filtered_mp/24277-Mito/merged_24277-Mito_d07.tif
CC(=O)OCC(=O)[C@H]1CC[C@H]2[C@@H]3CCC4=CC(=O)CC[C@]4(C)[C@H]3CC[C@]12C,24277,D21,s3://morphology_profiles/filtered_mp/24277-Hoechst/merged_24277-Hoechst_d21.tif,s3://morphology_profiles/filtered_mp/24277-ERSyto/merged_24277-ERSyto_d21.tif,s3://morphology_profiles/filtered_mp/24277-ERSytoBleed/merged_24277-ERSytoBleed_d21.tif,s3://morphology_profiles/filtered_mp/24277-Ph_golgi/merged_24277-Ph_golgi_d21.tif,s3://morphology_profiles/filtered_mp/24277-Mito/merged_24277-Mito_d21.tif
CCCCC[C@H](O)/C=C/[C@H]1[C@H](O)CC(=O)[C@@H]1C/C=C\CCCC(=O)O,24277,F4,s3://morphology_profiles/filtered_mp/24277-Hoechst/merged_24277-Hoechst_f04.tif,s3://morphology_profiles/filtered_mp/24277-ERSyto/merged_24277-ERSyto_f04.tif,s3://morphology_profiles/filtered_mp/24277-ERSytoBleed/merged_24277-ERSytoBleed_f04.tif,s3://morphology_profiles/filtered_mp/24277-Ph_golgi/merged_24277-Ph_golgi_f04.tif,s3://morphology_profiles/filtered_mp/24277-Mito/merged_24277-Mito_f04.tif
CC(C)NC(=N)NC(=N)Nc1ccc(Cl)cc1,24277,G15,s3://morphology_profiles/filtered_mp/24277-Hoechst/merged_24277-Hoechst_g15.tif,s3://morphology_profiles/filtered_mp/24277-ERSyto/merged_24277-ERSyto_g15.tif,s3://morphology_profiles/filtered_mp/24277-ERSytoBleed/merged_24277-ERSytoBleed_g15.tif,s3://morphology_profiles/filtered_mp/24277-Ph_golgi/merged_24277-Ph_golgi_g15.tif,s3://morphology_profiles/filtered_mp/24277-Mito/merged_24277-Mito_g15.tif
CCC(O)=NCC[C@@H]1CCc2ccc3c(c21)CCO3,24277,H5,s3://morphology_profiles/filtered_mp/24277-Hoechst/merged_24277-Hoechst_h05.tif,s3://morphology_profiles/filtered_mp/24277-ERSyto/merged_24277-ERSyto_h05.tif,s3://morphology_profiles/filtered_mp/24277-ERSytoBleed/merged_24277-ERSytoBleed_h05.tif,s3://morphology_profiles/filtered_mp/24277-Ph_golgi/merged_24277-Ph_golgi_h05.tif,s3://morphology_profiles/filtered_mp/24277-Mito/merged_24277-Mito_h05.tif
C#C[C@]1(O)CC[C@H]2[C@@H]3CCc4cc(OC)ccc4[C@H]3CC[C@@]21C,24277,J11,s3://morphology_profiles/filtered_mp/24277-Hoechst/merged_24277-Hoechst_j11.tif,s3://morphology_profiles/filtered_mp/24277-ERSyto/merged_24277-ERSyto_j11.tif,s3://morphology_profiles/filtered_mp/24277-ERSytoBleed/merged_24277-ERSytoBleed_j11.tif,s3://morphology_profiles/filtered_mp/24277-Ph_golgi/merged_24277-Ph_golgi_j11.tif,s3://morphology_profiles/filtered_mp/24277-Mito/merged_24277-Mito_j11.tif
Cc1ccc(S(=O)(=O)NC(O)=NN2CCCCCC2)cc1,24277,J15,s3://morphology_profiles/filtered_mp/24277-Hoechst/merged_24277-Hoechst_j15.tif,s3://morphology_profiles/filtered_mp/24277-ERSyto/merged_24277-ERSyto_j15.tif,s3://morphology_profiles/filtered_mp/24277-ERSytoBleed/merged_24277-ERSytoBleed_j15.tif,s3://morphology_profiles/filtered_mp/24277-Ph_golgi/merged_24277-Ph_golgi_j15.tif,s3://morphology_profiles/filtered_mp/24277-Mito/merged_24277-Mito_j15.tif
CCc1cc(C(=N)S)ccn1,24277,L3,s3://morphology_profiles/filtered_mp/24277-Hoechst/merged_24277-Hoechst_l03.tif,s3://morphology_profiles/filtered_mp/24277-ERSyto/merged_24277-ERSyto_l03.tif,s3://morphology_profiles/filtered_mp/24277-ERSytoBleed/merged_24277-ERSytoBleed_l03.tif,s3://morphology_profiles/filtered_mp/24277-Ph_golgi/merged_24277-Ph_golgi_l03.tif,s3://morphology_profiles/filtered_mp/24277-Mito/merged_24277-Mito_l03.tif
C[C@H]1C[C@@H]2[C@H]([C@@H](O)C[C@@]3(C)[C@H]2CC[C@]3(O)C(=O)CO)[C@@]2(C)C=CC(=O)C=C12,24277,M6,s3://morphology_profiles/filtered_mp/24277-Hoechst/merged_24277-Hoechst_m06.tif,s3://morphology_profiles/filtered_mp/24277-ERSyto/merged_24277-ERSyto_m06.tif,s3://morphology_profiles/filtered_mp/24277-ERSytoBleed/merged_24277-ERSytoBleed_m06.tif,s3://morphology_profiles/filtered_mp/24277-Ph_golgi/merged_24277-Ph_golgi_m06.tif,s3://morphology_profiles/filtered_mp/24277-Mito/merged_24277-Mito_m06.tif
CC1=NN(c2ccccc2)C(=O)C1,24277,M8,s3://morphology_profiles/filtered_mp/24277-Hoechst/merged_24277-Hoechst_m08.tif,s3://morphology_profiles/filtered_mp/24277-ERSyto/merged_24277-ERSyto_m08.tif,s3://morphology_profiles/filtered_mp/24277-ERSytoBleed/merged_24277-ERSytoBleed_m08.tif,s3://morphology_profiles/filtered_mp/24277-Ph_golgi/merged_24277-Ph_golgi_m08.tif,s3://morphology_profiles/filtered_mp/24277-Mito/merged_24277-Mito_m08.tif
COC(=O)[C@@H]1[C@H]2C[C@H]3c4[nH]c5ccccc5c4CCN3C[C@@H]2CC[C@@H]1O,24277,M12,s3://morphology_profiles/filtered_mp/24277-Hoechst/merged_24277-Hoechst_m12.tif,s3://morphology_profiles/filtered_mp/24277-ERSyto/merged_24277-ERSyto_m12.tif,s3://morphology_profiles/filtered_mp/24277-ERSytoBleed/merged_24277-ERSytoBleed_m12.tif,s3://morphology_profiles/filtered_mp/24277-Ph_golgi/merged_24277-Ph_golgi_m12.tif,s3://morphology_profiles/filtered_mp/24277-Mito/merged_24277-Mito_m12.tif
CCC1(CC)C(=O)C=CN=C1O,24277,M24,s3://morphology_profiles/filtered_mp/24277-Hoechst/merged_24277-Hoechst_m24.tif,s3://morphology_profiles/filtered_mp/24277-ERSyto/merged_24277-ERSyto_m24.tif,s3://morphology_profiles/filtered_mp/24277-ERSytoBleed/merged_24277-ERSytoBleed_m24.tif,s3://morphology_profiles/filtered_mp/24277-Ph_golgi/merged_24277-Ph_golgi_m24.tif,s3://morphology_profiles/filtered_mp/24277-Mito/merged_24277-Mito_m24.tif
COc1ccc(Cl)cc1C(O)=NCCc1ccc(S(=O)(=O)NC(O)=NC2CCCCC2)cc1,24277,N15,s3://morphology_profiles/filtered_mp/24277-Hoechst/merged_24277-Hoechst_n15.tif,s3://morphology_profiles/filtered_mp/24277-ERSyto/merged_24277-ERSyto_n15.tif,s3://morphology_profiles/filtered_mp/24277-ERSytoBleed/merged_24277-ERSytoBleed_n15.tif,s3://morphology_profiles/filtered_mp/24277-Ph_golgi/merged_24277-Ph_golgi_n15.tif,s3://morphology_profiles/filtered_mp/24277-Mito/merged_24277-Mito_n15.tif
NCc1ccccc1CC(O)=N[C@@H]1C(=O)N2C(C(=O)O)=C(CSc3nnnn3CC(=O)O)CS[C@H]12,24277,O9,s3://morphology_profiles/filtered_mp/24277-Hoechst/merged_24277-Hoechst_o09.tif,s3://morphology_profiles/filtered_mp/24277-ERSyto/merged_24277-ERSyto_o09.tif,s3://morphology_profiles/filtered_mp/24277-ERSytoBleed/merged_24277-ERSytoBleed_o09.tif,s3://morphology_profiles/filtered_mp/24277-Ph_golgi/merged_24277-Ph_golgi_o09.tif,s3://morphology_profiles/filtered_mp/24277-Mito/merged_24277-Mito_o09.tif
CCCCNc1cc(C(=O)O)cc(S(N)(=O)=O)c1Oc1ccccc1,24277,O17,s3://morphology_profiles/filtered_mp/24277-Hoechst/merged_24277-Hoechst_o17.tif,s3://morphology_profiles/filtered_mp/24277-ERSyto/merged_24277-ERSyto_o17.tif,s3://morphology_profiles/filtered_mp/24277-ERSytoBleed/merged_24277-ERSytoBleed_o17.tif,s3://morphology_profiles/filtered_mp/24277-Ph_golgi/merged_24277-Ph_golgi_o17.tif,s3://morphology_profiles/filtered_mp/24277-Mito/merged_24277-Mito_o17.tif
CCOc1ccc(N=C(C)O)cc1,24277,O20,s3://morphology_profiles/filtered_mp/24277-Hoechst/merged_24277-Hoechst_o20.tif,s3://morphology_profiles/filtered_mp/24277-ERSyto/merged_24277-ERSyto_o20.tif,s3://morphology_profiles/filtered_mp/24277-ERSytoBleed/merged_24277-ERSytoBleed_o20.tif,s3://morphology_profiles/filtered_mp/24277-Ph_golgi/merged_24277-Ph_golgi_o20.tif,s3://morphology_profiles/filtered_mp/24277-Mito/merged_24277-Mito_o20.tif
C[C@@H]1C[C@H]2[C@@H]3CCC4=CC(=O)C=C[C@]4(C)[C@@]3(F)[C@@H](O)C[C@]2(C)[C@@]1(O)C(=O)CO,24277,P3,s3://morphology_profiles/filtered_mp/24277-Hoechst/merged_24277-Hoechst_p03.tif,s3://morphology_profiles/filtered_mp/24277-ERSyto/merged_24277-ERSyto_p03.tif,s3://morphology_profiles/filtered_mp/24277-ERSytoBleed/merged_24277-ERSytoBleed_p03.tif,s3://morphology_profiles/filtered_mp/24277-Ph_golgi/merged_24277-Ph_golgi_p03.tif,s3://morphology_profiles/filtered_mp/24277-Mito/merged_24277-Mito_p03.tif
COc1ccc([C@@H]2CC(=O)c3c(O)cc(O[C@@H]4O[C@H](CO[C@@H]5O[C@@H](C)[C@H](O)[C@@H](O)[C@H]5O)[C@@H](O)[C@H](O)[C@H]4O)cc3O2)cc1O,24277,P4,s3://morphology_profiles/filtered_mp/24277-Hoechst/merged_24277-Hoechst_p04.tif,s3://morphology_profiles/filtered_mp/24277-ERSyto/merged_24277-ERSyto_p04.tif,s3://morphology_profiles/filtered_mp/24277-ERSytoBleed/merged_24277-ERSytoBleed_p04.tif,s3://morphology_profiles/filtered_mp/24277-Ph_golgi/merged_24277-Ph_golgi_p04.tif,s3://morphology_profiles/filtered_mp/24277-Mito/merged_24277-Mito_p04.tif
C[C@H]1C[C@H]2[C@@H]3CCC4=CC(=O)C=C[C@]4(C)[C@@]3(F)[C@@H](O)C[C@]2(C)[C@@]1(O)C(=O)CO,24277,P8,s3://morphology_profiles/filtered_mp/24277-Hoechst/merged_24277-Hoechst_p08.tif,s3://morphology_profiles/filtered_mp/24277-ERSyto/merged_24277-ERSyto_p08.tif,s3://morphology_profiles/filtered_mp/24277-ERSytoBleed/merged_24277-ERSytoBleed_p08.tif,s3://morphology_profiles/filtered_mp/24277-Ph_golgi/merged_24277-Ph_golgi_p08.tif,s3://morphology_profiles/filtered_mp/24277-Mito/merged_24277-Mito_p08.tif
CCCc1nn(C)c2c(=O)[nH]c(-c3cc(S(=O)(=O)N4CCN(C)CC4)ccc3OCC)nc12,24278,B6,s3://morphology_profiles/filtered_mp/24278-Hoechst/merged_24278-Hoechst_b06.tif,s3://morphology_profiles/filtered_mp/24278-ERSyto/merged_24278-ERSyto_b06.tif,s3://morphology_profiles/filtered_mp/24278-ERSytoBleed/merged_24278-ERSytoBleed_b06.tif,s3://morphology_profiles/filtered_mp/24278-Ph_golgi/merged_24278-Ph_golgi_b06.tif,s3://morphology_profiles/filtered_mp/24278-Mito/merged_24278-Mito_b06.tif
C#C[C@]1(O)CC[C@H]2[C@@H]3CCC4=C(CCC(=O)C4)[C@H]3CC[C@@]21C,24278,B12,s3://morphology_profiles/filtered_mp/24278-Hoechst/merged_24278-Hoechst_b12.tif,s3://morphology_profiles/filtered_mp/24278-ERSyto/merged_24278-ERSyto_b12.tif,s3://morphology_profiles/filtered_mp/24278-ERSytoBleed/merged_24278-ERSytoBleed_b12.tif,s3://morphology_profiles/filtered_mp/24278-Ph_golgi/merged_24278-Ph_golgi_b12.tif,s3://morphology_profiles/filtered_mp/24278-Mito/merged_24278-Mito_b12.tif
CC1(C)O[C@@H]2C[C@H]3[C@@H]4CCC5=CC(=O)CC[C@]5(C)[C@@]4(F)[C@@H](O)C[C@]3(C)[C@]2(C(=O)CCl)O1,24278,C14,s3://morphology_profiles/filtered_mp/24278-Hoechst/merged_24278-Hoechst_c14.tif,s3://morphology_profiles/filtered_mp/24278-ERSyto/merged_24278-ERSyto_c14.tif,s3://morphology_profiles/filtered_mp/24278-ERSytoBleed/merged_24278-ERSytoBleed_c14.tif,s3://morphology_profiles/filtered_mp/24278-Ph_golgi/merged_24278-Ph_golgi_c14.tif,s3://morphology_profiles/filtered_mp/24278-Mito/merged_24278-Mito_c14.tif
NN=c1[nH]ncc2ccccc12,24278,C23,s3://morphology_profiles/filtered_mp/24278-Hoechst/merged_24278-Hoechst_c23.tif,s3://morphology_profiles/filtered_mp/24278-ERSyto/merged_24278-ERSyto_c23.tif,s3://morphology_profiles/filtered_mp/24278-ERSytoBleed/merged_24278-ERSytoBleed_c23.tif,s3://morphology_profiles/filtered_mp/24278-Ph_golgi/merged_24278-Ph_golgi_c23.tif,s3://morphology_profiles/filtered_mp/24278-Mito/merged_24278-Mito_c23.tif
Cc1ccc(C(=O)c2ccc(CC(=O)O)n2C)cc1,24278,D6,s3://morphology_profiles/filtered_mp/24278-Hoechst/merged_24278-Hoechst_d06.tif,s3://morphology_profiles/filtered_mp/24278-ERSyto/merged_24278-ERSyto_d06.tif,s3://morphology_profiles/filtered_mp/24278-ERSytoBleed/merged_24278-ERSytoBleed_d06.tif,s3://morphology_profiles/filtered_mp/24278-Ph_golgi/merged_24278-Ph_golgi_d06.tif,s3://morphology_profiles/filtered_mp/24278-Mito/merged_24278-Mito_d06.tif
CCOC(=O)N1CCC(=C2c3ccc(Cl)cc3CCc3cccnc32)CC1,24278,D9,s3://morphology_profiles/filtered_mp/24278-Hoechst/merged_24278-Hoechst_d09.tif,s3://morphology_profiles/filtered_mp/24278-ERSyto/merged_24278-ERSyto_d09.tif,s3://morphology_profiles/filtered_mp/24278-ERSytoBleed/merged_24278-ERSytoBleed_d09.tif,s3://morphology_profiles/filtered_mp/24278-Ph_golgi/merged_24278-Ph_golgi_d09.tif,s3://morphology_profiles/filtered_mp/24278-Mito/merged_24278-Mito_d09.tif
CCOc1cc(CC(O)=N[C@@H](CC(C)C)c2ccccc2N2CCCCC2)ccc1C(=O)O,24278,D13,s3://morphology_profiles/filtered_mp/24278-Hoechst/merged_24278-Hoechst_d13.tif,s3://morphology_profiles/filtered_mp/24278-ERSyto/merged_24278-ERSyto_d13.tif,s3://morphology_profiles/filtered_mp/24278-ERSytoBleed/merged_24278-ERSytoBleed_d13.tif,s3://morphology_profiles/filtered_mp/24278-Ph_golgi/merged_24278-Ph_golgi_d13.tif,s3://morphology_profiles/filtered_mp/24278-Mito/merged_24278-Mito_d13.tif
C#CCN(C)Cc1ccccc1,24278,E6,s3://morphology_profiles/filtered_mp/24278-Hoechst/merged_24278-Hoechst_e06.tif,s3://morphology_profiles/filtered_mp/24278-ERSyto/merged_24278-ERSyto_e06.tif,s3://morphology_profiles/filtered_mp/24278-ERSytoBleed/merged_24278-ERSytoBleed_e06.tif,s3://morphology_profiles/filtered_mp/24278-Ph_golgi/merged_24278-Ph_golgi_e06.tif,s3://morphology_profiles/filtered_mp/24278-Mito/merged_24278-Mito_e06.tif
CCCCN=C(O)NS(=O)(=O)c1ccc(C)cc1,24278,E22,s3://morphology_profiles/filtered_mp/24278-Hoechst/merged_24278-Hoechst_e22.tif,s3://morphology_profiles/filtered_mp/24278-ERSyto/merged_24278-ERSyto_e22.tif,s3://morphology_profiles/filtered_mp/24278-ERSytoBleed/merged_24278-ERSytoBleed_e22.tif,s3://morphology_profiles/filtered_mp/24278-Ph_golgi/merged_24278-Ph_golgi_e22.tif,s3://morphology_profiles/filtered_mp/24278-Mito/merged_24278-Mito_e22.tif
CC(C)N1CCN(c2ccc(OC[C@H]3CO[C@](Cn4cncn4)(c4ccc(Cl)cc4Cl)O3)cc2)CC1,24278,F12,s3://morphology_profiles/filtered_mp/24278-Hoechst/merged_24278-Hoechst_f12.tif,s3://morphology_profiles/filtered_mp/24278-ERSyto/merged_24278-ERSyto_f12.tif,s3://morphology_profiles/filtered_mp/24278-ERSytoBleed/merged_24278-ERSytoBleed_f12.tif,s3://morphology_profiles/filtered_mp/24278-Ph_golgi/merged_24278-Ph_golgi_f12.tif,s3://morphology_profiles/filtered_mp/24278-Mito/merged_24278-Mito_f12.tif
C#CCN(C)[C@H](C)Cc1ccccc1,24278,F14,s3://morphology_profiles/filtered_mp/24278-Hoechst/merged_24278-Hoechst_f14.tif,s3://morphology_profiles/filtered_mp/24278-ERSyto/merged_24278-ERSyto_f14.tif,s3://morphology_profiles/filtered_mp/24278-ERSytoBleed/merged_24278-ERSytoBleed_f14.tif,s3://morphology_profiles/filtered_mp/24278-Ph_golgi/merged_24278-Ph_golgi_f14.tif,s3://morphology_profiles/filtered_mp/24278-Mito/merged_24278-Mito_f14.tif
CCN1CCN(C(O)=N[C@@H](C(O)=N[C@@H]2C(=O)N3[C@@H]2SC(C)(C)[C@@H]3C(=O)O)c2ccccc2)C(=O)C1=O,24278,F21,s3://morphology_profiles/filtered_mp/24278-Hoechst/merged_24278-Hoechst_f21.tif,s3://morphology_profiles/filtered_mp/24278-ERSyto/merged_24278-ERSyto_f21.tif,s3://morphology_profiles/filtered_mp/24278-ERSytoBleed/merged_24278-ERSytoBleed_f21.tif,s3://morphology_profiles/filtered_mp/24278-Ph_golgi/merged_24278-Ph_golgi_f21.tif,s3://morphology_profiles/filtered_mp/24278-Mito/merged_24278-Mito_f21.tif
C=CCN1C[C@H](C(=O)N(CCCN(C)C)C(O)=NCC)C[C@@H]2c3cccc4[nH]cc(c34)C[C@H]21,24278,F22,s3://morphology_profiles/filtered_mp/24278-Hoechst/merged_24278-Hoechst_f22.tif,s3://morphology_profiles/filtered_mp/24278-ERSyto/merged_24278-ERSyto_f22.tif,s3://morphology_profiles/filtered_mp/24278-ERSytoBleed/merged_24278-ERSytoBleed_f22.tif,s3://morphology_profiles/filtered_mp/24278-Ph_golgi/merged_24278-Ph_golgi_f22.tif,s3://morphology_profiles/filtered_mp/24278-Mito/merged_24278-Mito_f22.tif
N#Cc1ccc(C(c2ccc(C#N)cc2)n2cncn2)cc1,24278,H13,s3://morphology_profiles/filtered_mp/24278-Hoechst/merged_24278-Hoechst_h13.tif,s3://morphology_profiles/filtered_mp/24278-ERSyto/merged_24278-ERSyto_h13.tif,s3://morphology_profiles/filtered_mp/24278-ERSytoBleed/merged_24278-ERSytoBleed_h13.tif,s3://morphology_profiles/filtered_mp/24278-Ph_golgi/merged_24278-Ph_golgi_h13.tif,s3://morphology_profiles/filtered_mp/24278-Mito/merged_24278-Mito_h13.tif
CC1(C)S[C@@H]2[C@H](N=C(O)C3(N)CCCCC3)C(=O)N2[C@H]1C(=O)O,24278,H18,s3://morphology_profiles/filtered_mp/24278-Hoechst/merged_24278-Hoechst_h18.tif,s3://morphology_profiles/filtered_mp/24278-ERSyto/merged_24278-ERSyto_h18.tif,s3://morphology_profiles/filtered_mp/24278-ERSytoBleed/merged_24278-ERSytoBleed_h18.tif,s3://morphology_profiles/filtered_mp/24278-Ph_golgi/merged_24278-Ph_golgi_h18.tif,s3://morphology_profiles/filtered_mp/24278-Mito/merged_24278-Mito_h18.tif
CCS(=O)(=O)CCn1c([N+](=O)[O-])cnc1C,24278,H23,s3://morphology_profiles/filtered_mp/24278-Hoechst/merged_24278-Hoechst_h23.tif,s3://morphology_profiles/filtered_mp/24278-ERSyto/merged_24278-ERSyto_h23.tif,s3://morphology_profiles/filtered_mp/24278-ERSytoBleed/merged_24278-ERSytoBleed_h23.tif,s3://morphology_profiles/filtered_mp/24278-Ph_golgi/merged_24278-Ph_golgi_h23.tif,s3://morphology_profiles/filtered_mp/24278-Mito/merged_24278-Mito_h23.tif
N[C@@H](Cc1cc(I)c(Oc2ccc(O)c(I)c2)c(I)c1)C(=O)O,24278,H24,s3://morphology_profiles/filtered_mp/24278-Hoechst/merged_24278-Hoechst_h24.tif,s3://morphology_profiles/filtered_mp/24278-ERSyto/merged_24278-ERSyto_h24.tif,s3://morphology_profiles/filtered_mp/24278-ERSytoBleed/merged_24278-ERSytoBleed_h24.tif,s3://morphology_profiles/filtered_mp/24278-Ph_golgi/merged_24278-Ph_golgi_h24.tif,s3://morphology_profiles/filtered_mp/24278-Mito/merged_24278-Mito_h24.tif
CC(=O)S[C@@H]1CC2=CC(=O)CC[C@]2(C)[C@H]2CC[C@@]3(C)[C@@H](CC[C@@]34CCC(=O)O4)[C@H]12,24278,I17,s3://morphology_profiles/filtered_mp/24278-Hoechst/merged_24278-Hoechst_i17.tif,s3://morphology_profiles/filtered_mp/24278-ERSyto/merged_24278-ERSyto_i17.tif,s3://morphology_profiles/filtered_mp/24278-ERSytoBleed/merged_24278-ERSytoBleed_i17.tif,s3://morphology_profiles/filtered_mp/24278-Ph_golgi/merged_24278-Ph_golgi_i17.tif,s3://morphology_profiles/filtered_mp/24278-Mito/merged_24278-Mito_i17.tif
Cc1ccc(N(CC2=NCCN2)c2cccc(O)c2)cc1,24278,I24,s3://morphology_profiles/filtered_mp/24278-Hoechst/merged_24278-Hoechst_i24.tif,s3://morphology_profiles/filtered_mp/24278-ERSyto/merged_24278-ERSyto_i24.tif,s3://morphology_profiles/filtered_mp/24278-ERSytoBleed/merged_24278-ERSytoBleed_i24.tif,s3://morphology_profiles/filtered_mp/24278-Ph_golgi/merged_24278-Ph_golgi_i24.tif,s3://morphology_profiles/filtered_mp/24278-Mito/merged_24278-Mito_i24.tif
C[C@H](CCC(=O)O)[C@H]1CC[C@H]2[C@@H]3C(=O)C[C@@H]4CC(=O)CC[C@]4(C)[C@H]3CC(=O)[C@]12C,24278,J9,s3://morphology_profiles/filtered_mp/24278-Hoechst/merged_24278-Hoechst_j09.tif,s3://morphology_profiles/filtered_mp/24278-ERSyto/merged_24278-ERSyto_j09.tif,s3://morphology_profiles/filtered_mp/24278-ERSytoBleed/merged_24278-ERSytoBleed_j09.tif,s3://morphology_profiles/filtered_mp/24278-Ph_golgi/merged_24278-Ph_golgi_j09.tif,s3://morphology_profiles/filtered_mp/24278-Mito/merged_24278-Mito_j09.tif
Cc1cc(C(=O)NNCc2ccccc2)no1,24278,L10,s3://morphology_profiles/filtered_mp/24278-Hoechst/merged_24278-Hoechst_l10.tif,s3://morphology_profiles/filtered_mp/24278-ERSyto/merged_24278-ERSyto_l10.tif,s3://morphology_profiles/filtered_mp/24278-ERSytoBleed/merged_24278-ERSytoBleed_l10.tif,s3://morphology_profiles/filtered_mp/24278-Ph_golgi/merged_24278-Ph_golgi_l10.tif,s3://morphology_profiles/filtered_mp/24278-Mito/merged_24278-Mito_l10.tif
C[C@]12CCC(=O)C=C1CC[C@@H]1[C@@H]2[C@@H](O)C[C@@]2(C)[C@H]1CC[C@]2(O)C(=O)CO,24278,L19,s3://morphology_profiles/filtered_mp/24278-Hoechst/merged_24278-Hoechst_l19.tif,s3://morphology_profiles/filtered_mp/24278-ERSyto/merged_24278-ERSyto_l19.tif,s3://morphology_profiles/filtered_mp/24278-ERSytoBleed/merged_24278-ERSytoBleed_l19.tif,s3://morphology_profiles/filtered_mp/24278-Ph_golgi/merged_24278-Ph_golgi_l19.tif,s3://morphology_profiles/filtered_mp/24278-Mito/merged_24278-Mito_l19.tif
CC/C(=C(\c1ccccc1)c1ccc(OCCN(C)C)cc1)c1ccccc1,24278,L21,s3://morphology_profiles/filtered_mp/24278-Hoechst/merged_24278-Hoechst_l21.tif,s3://morphology_profiles/filtered_mp/24278-ERSyto/merged_24278-ERSyto_l21.tif,s3://morphology_profiles/filtered_mp/24278-ERSytoBleed/merged_24278-ERSytoBleed_l21.tif,s3://morphology_profiles/filtered_mp/24278-Ph_golgi/merged_24278-Ph_golgi_l21.tif,s3://morphology_profiles/filtered_mp/24278-Mito/merged_24278-Mito_l21.tif
COc1cc2c(cc1OC)[C@@H]1CC(=O)[C@@H](CC(C)C)CN1CC2,24278,N15,s3://morphology_profiles/filtered_mp/24278-Hoechst/merged_24278-Hoechst_n15.tif,s3://morphology_profiles/filtered_mp/24278-ERSyto/merged_24278-ERSyto_n15.tif,s3://morphology_profiles/filtered_mp/24278-ERSytoBleed/merged_24278-ERSytoBleed_n15.tif,s3://morphology_profiles/filtered_mp/24278-Ph_golgi/merged_24278-Ph_golgi_n15.tif,s3://morphology_profiles/filtered_mp/24278-Mito/merged_24278-Mito_n15.tif
Cc1ccc(=O)n(-c2ccccc2)c1,24278,O16,s3://morphology_profiles/filtered_mp/24278-Hoechst/merged_24278-Hoechst_o16.tif,s3://morphology_profiles/filtered_mp/24278-ERSyto/merged_24278-ERSyto_o16.tif,s3://morphology_profiles/filtered_mp/24278-ERSytoBleed/merged_24278-ERSytoBleed_o16.tif,s3://morphology_profiles/filtered_mp/24278-Ph_golgi/merged_24278-Ph_golgi_o16.tif,s3://morphology_profiles/filtered_mp/24278-Mito/merged_24278-Mito_o16.tif
OC(c1ccccc1)(c1ccccc1)C1CCNCC1,24278,O17,s3://morphology_profiles/filtered_mp/24278-Hoechst/merged_24278-Hoechst_o17.tif,s3://morphology_profiles/filtered_mp/24278-ERSyto/merged_24278-ERSyto_o17.tif,s3://morphology_profiles/filtered_mp/24278-ERSytoBleed/merged_24278-ERSytoBleed_o17.tif,s3://morphology_profiles/filtered_mp/24278-Ph_golgi/merged_24278-Ph_golgi_o17.tif,s3://morphology_profiles/filtered_mp/24278-Mito/merged_24278-Mito_o17.tif
O=c1c(O)c(-c2ccc(O)c(O)c2)oc2cc(O)cc(O)c12,24278,P1,s3://morphology_profiles/filtered_mp/24278-Hoechst/merged_24278-Hoechst_p01.tif,s3://morphology_profiles/filtered_mp/24278-ERSyto/merged_24278-ERSyto_p01.tif,s3://morphology_profiles/filtered_mp/24278-ERSytoBleed/merged_24278-ERSytoBleed_p01.tif,s3://morphology_profiles/filtered_mp/24278-Ph_golgi/merged_24278-Ph_golgi_p01.tif,s3://morphology_profiles/filtered_mp/24278-Mito/merged_24278-Mito_p01.tif
Cn1c(=O)c2nc[nH]c2n(C)c1=O,24278,P15,s3://morphology_profiles/filtered_mp/24278-Hoechst/merged_24278-Hoechst_p15.tif,s3://morphology_profiles/filtered_mp/24278-ERSyto/merged_24278-ERSyto_p15.tif,s3://morphology_profiles/filtered_mp/24278-ERSytoBleed/merged_24278-ERSytoBleed_p15.tif,s3://morphology_profiles/filtered_mp/24278-Ph_golgi/merged_24278-Ph_golgi_p15.tif,s3://morphology_profiles/filtered_mp/24278-Mito/merged_24278-Mito_p15.tif
C[C@]12C=CC(=O)C=C1CC[C@@H]1[C@@H]2[C@@H](O)C[C@@]2(C)[C@H]1CC[C@]2(O)C(=O)CO,24278,P17,s3://morphology_profiles/filtered_mp/24278-Hoechst/merged_24278-Hoechst_p17.tif,s3://morphology_profiles/filtered_mp/24278-ERSyto/merged_24278-ERSyto_p17.tif,s3://morphology_profiles/filtered_mp/24278-ERSytoBleed/merged_24278-ERSytoBleed_p17.tif,s3://morphology_profiles/filtered_mp/24278-Ph_golgi/merged_24278-Ph_golgi_p17.tif,s3://morphology_profiles/filtered_mp/24278-Mito/merged_24278-Mito_p17.tif
Oc1nc2cc(Cl)ccc2o1,24278,P21,s3://morphology_profiles/filtered_mp/24278-Hoechst/merged_24278-Hoechst_p21.tif,s3://morphology_profiles/filtered_mp/24278-ERSyto/merged_24278-ERSyto_p21.tif,s3://morphology_profiles/filtered_mp/24278-ERSytoBleed/merged_24278-ERSytoBleed_p21.tif,s3://morphology_profiles/filtered_mp/24278-Ph_golgi/merged_24278-Ph_golgi_p21.tif,s3://morphology_profiles/filtered_mp/24278-Mito/merged_24278-Mito_p21.tif
CCCc1nn(C)c2c(=O)[nH]c(-c3cc(S(=O)(=O)N4CCN(C)CC4)ccc3OCC)nc12,24279,B6,s3://morphology_profiles/filtered_mp/24279-Hoechst/merged_24279-Hoechst_b06.tif,s3://morphology_profiles/filtered_mp/24279-ERSyto/merged_24279-ERSyto_b06.tif,s3://morphology_profiles/filtered_mp/24279-ERSytoBleed/merged_24279-ERSytoBleed_b06.tif,s3://morphology_profiles/filtered_mp/24279-Ph_golgi/merged_24279-Ph_golgi_b06.tif,s3://morphology_profiles/filtered_mp/24279-Mito/merged_24279-Mito_b06.tif
C#C[C@]1(O)CC[C@H]2[C@@H]3CCC4=C(CCC(=O)C4)[C@H]3CC[C@@]21C,24279,B12,s3://morphology_profiles/filtered_mp/24279-Hoechst/merged_24279-Hoechst_b12.tif,s3://morphology_profiles/filtered_mp/24279-ERSyto/merged_24279-ERSyto_b12.tif,s3://morphology_profiles/filtered_mp/24279-ERSytoBleed/merged_24279-ERSytoBleed_b12.tif,s3://morphology_profiles/filtered_mp/24279-Ph_golgi/merged_24279-Ph_golgi_b12.tif,s3://morphology_profiles/filtered_mp/24279-Mito/merged_24279-Mito_b12.tif
CC1(C)O[C@@H]2C[C@H]3[C@@H]4CCC5=CC(=O)CC[C@]5(C)[C@@]4(F)[C@@H](O)C[C@]3(C)[C@]2(C(=O)CCl)O1,24279,C14,s3://morphology_profiles/filtered_mp/24279-Hoechst/merged_24279-Hoechst_c14.tif,s3://morphology_profiles/filtered_mp/24279-ERSyto/merged_24279-ERSyto_c14.tif,s3://morphology_profiles/filtered_mp/24279-ERSytoBleed/merged_24279-ERSytoBleed_c14.tif,s3://morphology_profiles/filtered_mp/24279-Ph_golgi/merged_24279-Ph_golgi_c14.tif,s3://morphology_profiles/filtered_mp/24279-Mito/merged_24279-Mito_c14.tif
NN=c1[nH]ncc2ccccc12,24279,C23,s3://morphology_profiles/filtered_mp/24279-Hoechst/merged_24279-Hoechst_c23.tif,s3://morphology_profiles/filtered_mp/24279-ERSyto/merged_24279-ERSyto_c23.tif,s3://morphology_profiles/filtered_mp/24279-ERSytoBleed/merged_24279-ERSytoBleed_c23.tif,s3://morphology_profiles/filtered_mp/24279-Ph_golgi/merged_24279-Ph_golgi_c23.tif,s3://morphology_profiles/filtered_mp/24279-Mito/merged_24279-Mito_c23.tif
Cc1ccc(C(=O)c2ccc(CC(=O)O)n2C)cc1,24279,D6,s3://morphology_profiles/filtered_mp/24279-Hoechst/merged_24279-Hoechst_d06.tif,s3://morphology_profiles/filtered_mp/24279-ERSyto/merged_24279-ERSyto_d06.tif,s3://morphology_profiles/filtered_mp/24279-ERSytoBleed/merged_24279-ERSytoBleed_d06.tif,s3://morphology_profiles/filtered_mp/24279-Ph_golgi/merged_24279-Ph_golgi_d06.tif,s3://morphology_profiles/filtered_mp/24279-Mito/merged_24279-Mito_d06.tif
CCOC(=O)N1CCC(=C2c3ccc(Cl)cc3CCc3cccnc32)CC1,24279,D9,s3://morphology_profiles/filtered_mp/24279-Hoechst/merged_24279-Hoechst_d09.tif,s3://morphology_profiles/filtered_mp/24279-ERSyto/merged_24279-ERSyto_d09.tif,s3://morphology_profiles/filtered_mp/24279-ERSytoBleed/merged_24279-ERSytoBleed_d09.tif,s3://morphology_profiles/filtered_mp/24279-Ph_golgi/merged_24279-Ph_golgi_d09.tif,s3://morphology_profiles/filtered_mp/24279-Mito/merged_24279-Mito_d09.tif
CCOc1cc(CC(O)=N[C@@H](CC(C)C)c2ccccc2N2CCCCC2)ccc1C(=O)O,24279,D13,s3://morphology_profiles/filtered_mp/24279-Hoechst/merged_24279-Hoechst_d13.tif,s3://morphology_profiles/filtered_mp/24279-ERSyto/merged_24279-ERSyto_d13.tif,s3://morphology_profiles/filtered_mp/24279-ERSytoBleed/merged_24279-ERSytoBleed_d13.tif,s3://morphology_profiles/filtered_mp/24279-Ph_golgi/merged_24279-Ph_golgi_d13.tif,s3://morphology_profiles/filtered_mp/24279-Mito/merged_24279-Mito_d13.tif
C#CCN(C)Cc1ccccc1,24279,E6,s3://morphology_profiles/filtered_mp/24279-Hoechst/merged_24279-Hoechst_e06.tif,s3://morphology_profiles/filtered_mp/24279-ERSyto/merged_24279-ERSyto_e06.tif,s3://morphology_profiles/filtered_mp/24279-ERSytoBleed/merged_24279-ERSytoBleed_e06.tif,s3://morphology_profiles/filtered_mp/24279-Ph_golgi/merged_24279-Ph_golgi_e06.tif,s3://morphology_profiles/filtered_mp/24279-Mito/merged_24279-Mito_e06.tif
CCCCN=C(O)NS(=O)(=O)c1ccc(C)cc1,24279,E22,s3://morphology_profiles/filtered_mp/24279-Hoechst/merged_24279-Hoechst_e22.tif,s3://morphology_profiles/filtered_mp/24279-ERSyto/merged_24279-ERSyto_e22.tif,s3://morphology_profiles/filtered_mp/24279-ERSytoBleed/merged_24279-ERSytoBleed_e22.tif,s3://morphology_profiles/filtered_mp/24279-Ph_golgi/merged_24279-Ph_golgi_e22.tif,s3://morphology_profiles/filtered_mp/24279-Mito/merged_24279-Mito_e22.tif
CC(C)N1CCN(c2ccc(OC[C@H]3CO[C@](Cn4cncn4)(c4ccc(Cl)cc4Cl)O3)cc2)CC1,24279,F12,s3://morphology_profiles/filtered_mp/24279-Hoechst/merged_24279-Hoechst_f12.tif,s3://morphology_profiles/filtered_mp/24279-ERSyto/merged_24279-ERSyto_f12.tif,s3://morphology_profiles/filtered_mp/24279-ERSytoBleed/merged_24279-ERSytoBleed_f12.tif,s3://morphology_profiles/filtered_mp/24279-Ph_golgi/merged_24279-Ph_golgi_f12.tif,s3://morphology_profiles/filtered_mp/24279-Mito/merged_24279-Mito_f12.tif
C#CCN(C)[C@H](C)Cc1ccccc1,24279,F14,s3://morphology_profiles/filtered_mp/24279-Hoechst/merged_24279-Hoechst_f14.tif,s3://morphology_profiles/filtered_mp/24279-ERSyto/merged_24279-ERSyto_f14.tif,s3://morphology_profiles/filtered_mp/24279-ERSytoBleed/merged_24279-ERSytoBleed_f14.tif,s3://morphology_profiles/filtered_mp/24279-Ph_golgi/merged_24279-Ph_golgi_f14.tif,s3://morphology_profiles/filtered_mp/24279-Mito/merged_24279-Mito_f14.tif
CCN1CCN(C(O)=N[C@@H](C(O)=N[C@@H]2C(=O)N3[C@@H]2SC(C)(C)[C@@H]3C(=O)O)c2ccccc2)C(=O)C1=O,24279,F21,s3://morphology_profiles/filtered_mp/24279-Hoechst/merged_24279-Hoechst_f21.tif,s3://morphology_profiles/filtered_mp/24279-ERSyto/merged_24279-ERSyto_f21.tif,s3://morphology_profiles/filtered_mp/24279-ERSytoBleed/merged_24279-ERSytoBleed_f21.tif,s3://morphology_profiles/filtered_mp/24279-Ph_golgi/merged_24279-Ph_golgi_f21.tif,s3://morphology_profiles/filtered_mp/24279-Mito/merged_24279-Mito_f21.tif
C=CCN1C[C@H](C(=O)N(CCCN(C)C)C(O)=NCC)C[C@@H]2c3cccc4[nH]cc(c34)C[C@H]21,24279,F22,s3://morphology_profiles/filtered_mp/24279-Hoechst/merged_24279-Hoechst_f22.tif,s3://morphology_profiles/filtered_mp/24279-ERSyto/merged_24279-ERSyto_f22.tif,s3://morphology_profiles/filtered_mp/24279-ERSytoBleed/merged_24279-ERSytoBleed_f22.tif,s3://morphology_profiles/filtered_mp/24279-Ph_golgi/merged_24279-Ph_golgi_f22.tif,s3://morphology_profiles/filtered_mp/24279-Mito/merged_24279-Mito_f22.tif
N#Cc1ccc(C(c2ccc(C#N)cc2)n2cncn2)cc1,24279,H13,s3://morphology_profiles/filtered_mp/24279-Hoechst/merged_24279-Hoechst_h13.tif,s3://morphology_profiles/filtered_mp/24279-ERSyto/merged_24279-ERSyto_h13.tif,s3://morphology_profiles/filtered_mp/24279-ERSytoBleed/merged_24279-ERSytoBleed_h13.tif,s3://morphology_profiles/filtered_mp/24279-Ph_golgi/merged_24279-Ph_golgi_h13.tif,s3://morphology_profiles/filtered_mp/24279-Mito/merged_24279-Mito_h13.tif
CC1(C)S[C@@H]2[C@H](N=C(O)C3(N)CCCCC3)C(=O)N2[C@H]1C(=O)O,24279,H18,s3://morphology_profiles/filtered_mp/24279-Hoechst/merged_24279-Hoechst_h18.tif,s3://morphology_profiles/filtered_mp/24279-ERSyto/merged_24279-ERSyto_h18.tif,s3://morphology_profiles/filtered_mp/24279-ERSytoBleed/merged_24279-ERSytoBleed_h18.tif,s3://morphology_profiles/filtered_mp/24279-Ph_golgi/merged_24279-Ph_golgi_h18.tif,s3://morphology_profiles/filtered_mp/24279-Mito/merged_24279-Mito_h18.tif
CCS(=O)(=O)CCn1c([N+](=O)[O-])cnc1C,24279,H23,s3://morphology_profiles/filtered_mp/24279-Hoechst/merged_24279-Hoechst_h23.tif,s3://morphology_profiles/filtered_mp/24279-ERSyto/merged_24279-ERSyto_h23.tif,s3://morphology_profiles/filtered_mp/24279-ERSytoBleed/merged_24279-ERSytoBleed_h23.tif,s3://morphology_profiles/filtered_mp/24279-Ph_golgi/merged_24279-Ph_golgi_h23.tif,s3://morphology_profiles/filtered_mp/24279-Mito/merged_24279-Mito_h23.tif
N[C@@H](Cc1cc(I)c(Oc2ccc(O)c(I)c2)c(I)c1)C(=O)O,24279,H24,s3://morphology_profiles/filtered_mp/24279-Hoechst/merged_24279-Hoechst_h24.tif,s3://morphology_profiles/filtered_mp/24279-ERSyto/merged_24279-ERSyto_h24.tif,s3://morphology_profiles/filtered_mp/24279-ERSytoBleed/merged_24279-ERSytoBleed_h24.tif,s3://morphology_profiles/filtered_mp/24279-Ph_golgi/merged_24279-Ph_golgi_h24.tif,s3://morphology_profiles/filtered_mp/24279-Mito/merged_24279-Mito_h24.tif
CC(=O)S[C@@H]1CC2=CC(=O)CC[C@]2(C)[C@H]2CC[C@@]3(C)[C@@H](CC[C@@]34CCC(=O)O4)[C@H]12,24279,I17,s3://morphology_profiles/filtered_mp/24279-Hoechst/merged_24279-Hoechst_i17.tif,s3://morphology_profiles/filtered_mp/24279-ERSyto/merged_24279-ERSyto_i17.tif,s3://morphology_profiles/filtered_mp/24279-ERSytoBleed/merged_24279-ERSytoBleed_i17.tif,s3://morphology_profiles/filtered_mp/24279-Ph_golgi/merged_24279-Ph_golgi_i17.tif,s3://morphology_profiles/filtered_mp/24279-Mito/merged_24279-Mito_i17.tif
Cc1ccc(N(CC2=NCCN2)c2cccc(O)c2)cc1,24279,I24,s3://morphology_profiles/filtered_mp/24279-Hoechst/merged_24279-Hoechst_i24.tif,s3://morphology_profiles/filtered_mp/24279-ERSyto/merged_24279-ERSyto_i24.tif,s3://morphology_profiles/filtered_mp/24279-ERSytoBleed/merged_24279-ERSytoBleed_i24.tif,s3://morphology_profiles/filtered_mp/24279-Ph_golgi/merged_24279-Ph_golgi_i24.tif,s3://morphology_profiles/filtered_mp/24279-Mito/merged_24279-Mito_i24.tif
C[C@H](CCC(=O)O)[C@H]1CC[C@H]2[C@@H]3C(=O)C[C@@H]4CC(=O)CC[C@]4(C)[C@H]3CC(=O)[C@]12C,24279,J9,s3://morphology_profiles/filtered_mp/24279-Hoechst/merged_24279-Hoechst_j09.tif,s3://morphology_profiles/filtered_mp/24279-ERSyto/merged_24279-ERSyto_j09.tif,s3://morphology_profiles/filtered_mp/24279-ERSytoBleed/merged_24279-ERSytoBleed_j09.tif,s3://morphology_profiles/filtered_mp/24279-Ph_golgi/merged_24279-Ph_golgi_j09.tif,s3://morphology_profiles/filtered_mp/24279-Mito/merged_24279-Mito_j09.tif
Cc1cc(C(=O)NNCc2ccccc2)no1,24279,L10,s3://morphology_profiles/filtered_mp/24279-Hoechst/merged_24279-Hoechst_l10.tif,s3://morphology_profiles/filtered_mp/24279-ERSyto/merged_24279-ERSyto_l10.tif,s3://morphology_profiles/filtered_mp/24279-ERSytoBleed/merged_24279-ERSytoBleed_l10.tif,s3://morphology_profiles/filtered_mp/24279-Ph_golgi/merged_24279-Ph_golgi_l10.tif,s3://morphology_profiles/filtered_mp/24279-Mito/merged_24279-Mito_l10.tif
C[C@]12CCC(=O)C=C1CC[C@@H]1[C@@H]2[C@@H](O)C[C@@]2(C)[C@H]1CC[C@]2(O)C(=O)CO,24279,L19,s3://morphology_profiles/filtered_mp/24279-Hoechst/merged_24279-Hoechst_l19.tif,s3://morphology_profiles/filtered_mp/24279-ERSyto/merged_24279-ERSyto_l19.tif,s3://morphology_profiles/filtered_mp/24279-ERSytoBleed/merged_24279-ERSytoBleed_l19.tif,s3://morphology_profiles/filtered_mp/24279-Ph_golgi/merged_24279-Ph_golgi_l19.tif,s3://morphology_profiles/filtered_mp/24279-Mito/merged_24279-Mito_l19.tif
CC/C(=C(\c1ccccc1)c1ccc(OCCN(C)C)cc1)c1ccccc1,24279,L21,s3://morphology_profiles/filtered_mp/24279-Hoechst/merged_24279-Hoechst_l21.tif,s3://morphology_profiles/filtered_mp/24279-ERSyto/merged_24279-ERSyto_l21.tif,s3://morphology_profiles/filtered_mp/24279-ERSytoBleed/merged_24279-ERSytoBleed_l21.tif,s3://morphology_profiles/filtered_mp/24279-Ph_golgi/merged_24279-Ph_golgi_l21.tif,s3://morphology_profiles/filtered_mp/24279-Mito/merged_24279-Mito_l21.tif
COc1cc2c(cc1OC)[C@@H]1CC(=O)[C@@H](CC(C)C)CN1CC2,24279,N15,s3://morphology_profiles/filtered_mp/24279-Hoechst/merged_24279-Hoechst_n15.tif,s3://morphology_profiles/filtered_mp/24279-ERSyto/merged_24279-ERSyto_n15.tif,s3://morphology_profiles/filtered_mp/24279-ERSytoBleed/merged_24279-ERSytoBleed_n15.tif,s3://morphology_profiles/filtered_mp/24279-Ph_golgi/merged_24279-Ph_golgi_n15.tif,s3://morphology_profiles/filtered_mp/24279-Mito/merged_24279-Mito_n15.tif
Cc1ccc(=O)n(-c2ccccc2)c1,24279,O16,s3://morphology_profiles/filtered_mp/24279-Hoechst/merged_24279-Hoechst_o16.tif,s3://morphology_profiles/filtered_mp/24279-ERSyto/merged_24279-ERSyto_o16.tif,s3://morphology_profiles/filtered_mp/24279-ERSytoBleed/merged_24279-ERSytoBleed_o16.tif,s3://morphology_profiles/filtered_mp/24279-Ph_golgi/merged_24279-Ph_golgi_o16.tif,s3://morphology_profiles/filtered_mp/24279-Mito/merged_24279-Mito_o16.tif
OC(c1ccccc1)(c1ccccc1)C1CCNCC1,24279,O17,s3://morphology_profiles/filtered_mp/24279-Hoechst/merged_24279-Hoechst_o17.tif,s3://morphology_profiles/filtered_mp/24279-ERSyto/merged_24279-ERSyto_o17.tif,s3://morphology_profiles/filtered_mp/24279-ERSytoBleed/merged_24279-ERSytoBleed_o17.tif,s3://morphology_profiles/filtered_mp/24279-Ph_golgi/merged_24279-Ph_golgi_o17.tif,s3://morphology_profiles/filtered_mp/24279-Mito/merged_24279-Mito_o17.tif
O=c1c(O)c(-c2ccc(O)c(O)c2)oc2cc(O)cc(O)c12,24279,P1,s3://morphology_profiles/filtered_mp/24279-Hoechst/merged_24279-Hoechst_p01.tif,s3://morphology_profiles/filtered_mp/24279-ERSyto/merged_24279-ERSyto_p01.tif,s3://morphology_profiles/filtered_mp/24279-ERSytoBleed/merged_24279-ERSytoBleed_p01.tif,s3://morphology_profiles/filtered_mp/24279-Ph_golgi/merged_24279-Ph_golgi_p01.tif,s3://morphology_profiles/filtered_mp/24279-Mito/merged_24279-Mito_p01.tif
Cn1c(=O)c2nc[nH]c2n(C)c1=O,24279,P15,s3://morphology_profiles/filtered_mp/24279-Hoechst/merged_24279-Hoechst_p15.tif,s3://morphology_profiles/filtered_mp/24279-ERSyto/merged_24279-ERSyto_p15.tif,s3://morphology_profiles/filtered_mp/24279-ERSytoBleed/merged_24279-ERSytoBleed_p15.tif,s3://morphology_profiles/filtered_mp/24279-Ph_golgi/merged_24279-Ph_golgi_p15.tif,s3://morphology_profiles/filtered_mp/24279-Mito/merged_24279-Mito_p15.tif
C[C@]12C=CC(=O)C=C1CC[C@@H]1[C@@H]2[C@@H](O)C[C@@]2(C)[C@H]1CC[C@]2(O)C(=O)CO,24279,P17,s3://morphology_profiles/filtered_mp/24279-Hoechst/merged_24279-Hoechst_p17.tif,s3://morphology_profiles/filtered_mp/24279-ERSyto/merged_24279-ERSyto_p17.tif,s3://morphology_profiles/filtered_mp/24279-ERSytoBleed/merged_24279-ERSytoBleed_p17.tif,s3://morphology_profiles/filtered_mp/24279-Ph_golgi/merged_24279-Ph_golgi_p17.tif,s3://morphology_profiles/filtered_mp/24279-Mito/merged_24279-Mito_p17.tif
Oc1nc2cc(Cl)ccc2o1,24279,P21,s3://morphology_profiles/filtered_mp/24279-Hoechst/merged_24279-Hoechst_p21.tif,s3://morphology_profiles/filtered_mp/24279-ERSyto/merged_24279-ERSyto_p21.tif,s3://morphology_profiles/filtered_mp/24279-ERSytoBleed/merged_24279-ERSytoBleed_p21.tif,s3://morphology_profiles/filtered_mp/24279-Ph_golgi/merged_24279-Ph_golgi_p21.tif,s3://morphology_profiles/filtered_mp/24279-Mito/merged_24279-Mito_p21.tif
CCCc1nn(C)c2c(=O)[nH]c(-c3cc(S(=O)(=O)N4CCN(C)CC4)ccc3OCC)nc12,24280,B6,s3://morphology_profiles/filtered_mp/24280-Hoechst/merged_24280-Hoechst_b06.tif,s3://morphology_profiles/filtered_mp/24280-ERSyto/merged_24280-ERSyto_b06.tif,s3://morphology_profiles/filtered_mp/24280-ERSytoBleed/merged_24280-ERSytoBleed_b06.tif,s3://morphology_profiles/filtered_mp/24280-Ph_golgi/merged_24280-Ph_golgi_b06.tif,s3://morphology_profiles/filtered_mp/24280-Mito/merged_24280-Mito_b06.tif
C#C[C@]1(O)CC[C@H]2[C@@H]3CCC4=C(CCC(=O)C4)[C@H]3CC[C@@]21C,24280,B12,s3://morphology_profiles/filtered_mp/24280-Hoechst/merged_24280-Hoechst_b12.tif,s3://morphology_profiles/filtered_mp/24280-ERSyto/merged_24280-ERSyto_b12.tif,s3://morphology_profiles/filtered_mp/24280-ERSytoBleed/merged_24280-ERSytoBleed_b12.tif,s3://morphology_profiles/filtered_mp/24280-Ph_golgi/merged_24280-Ph_golgi_b12.tif,s3://morphology_profiles/filtered_mp/24280-Mito/merged_24280-Mito_b12.tif
CC1(C)O[C@@H]2C[C@H]3[C@@H]4CCC5=CC(=O)CC[C@]5(C)[C@@]4(F)[C@@H](O)C[C@]3(C)[C@]2(C(=O)CCl)O1,24280,C14,s3://morphology_profiles/filtered_mp/24280-Hoechst/merged_24280-Hoechst_c14.tif,s3://morphology_profiles/filtered_mp/24280-ERSyto/merged_24280-ERSyto_c14.tif,s3://morphology_profiles/filtered_mp/24280-ERSytoBleed/merged_24280-ERSytoBleed_c14.tif,s3://morphology_profiles/filtered_mp/24280-Ph_golgi/merged_24280-Ph_golgi_c14.tif,s3://morphology_profiles/filtered_mp/24280-Mito/merged_24280-Mito_c14.tif
NN=c1[nH]ncc2ccccc12,24280,C23,s3://morphology_profiles/filtered_mp/24280-Hoechst/merged_24280-Hoechst_c23.tif,s3://morphology_profiles/filtered_mp/24280-ERSyto/merged_24280-ERSyto_c23.tif,s3://morphology_profiles/filtered_mp/24280-ERSytoBleed/merged_24280-ERSytoBleed_c23.tif,s3://morphology_profiles/filtered_mp/24280-Ph_golgi/merged_24280-Ph_golgi_c23.tif,s3://morphology_profiles/filtered_mp/24280-Mito/merged_24280-Mito_c23.tif
Cc1ccc(C(=O)c2ccc(CC(=O)O)n2C)cc1,24280,D6,s3://morphology_profiles/filtered_mp/24280-Hoechst/merged_24280-Hoechst_d06.tif,s3://morphology_profiles/filtered_mp/24280-ERSyto/merged_24280-ERSyto_d06.tif,s3://morphology_profiles/filtered_mp/24280-ERSytoBleed/merged_24280-ERSytoBleed_d06.tif,s3://morphology_profiles/filtered_mp/24280-Ph_golgi/merged_24280-Ph_golgi_d06.tif,s3://morphology_profiles/filtered_mp/24280-Mito/merged_24280-Mito_d06.tif
CCOC(=O)N1CCC(=C2c3ccc(Cl)cc3CCc3cccnc32)CC1,24280,D9,s3://morphology_profiles/filtered_mp/24280-Hoechst/merged_24280-Hoechst_d09.tif,s3://morphology_profiles/filtered_mp/24280-ERSyto/merged_24280-ERSyto_d09.tif,s3://morphology_profiles/filtered_mp/24280-ERSytoBleed/merged_24280-ERSytoBleed_d09.tif,s3://morphology_profiles/filtered_mp/24280-Ph_golgi/merged_24280-Ph_golgi_d09.tif,s3://morphology_profiles/filtered_mp/24280-Mito/merged_24280-Mito_d09.tif
CCOc1cc(CC(O)=N[C@@H](CC(C)C)c2ccccc2N2CCCCC2)ccc1C(=O)O,24280,D13,s3://morphology_profiles/filtered_mp/24280-Hoechst/merged_24280-Hoechst_d13.tif,s3://morphology_profiles/filtered_mp/24280-ERSyto/merged_24280-ERSyto_d13.tif,s3://morphology_profiles/filtered_mp/24280-ERSytoBleed/merged_24280-ERSytoBleed_d13.tif,s3://morphology_profiles/filtered_mp/24280-Ph_golgi/merged_24280-Ph_golgi_d13.tif,s3://morphology_profiles/filtered_mp/24280-Mito/merged_24280-Mito_d13.tif
C#CCN(C)Cc1ccccc1,24280,E6,s3://morphology_profiles/filtered_mp/24280-Hoechst/merged_24280-Hoechst_e06.tif,s3://morphology_profiles/filtered_mp/24280-ERSyto/merged_24280-ERSyto_e06.tif,s3://morphology_profiles/filtered_mp/24280-ERSytoBleed/merged_24280-ERSytoBleed_e06.tif,s3://morphology_profiles/filtered_mp/24280-Ph_golgi/merged_24280-Ph_golgi_e06.tif,s3://morphology_profiles/filtered_mp/24280-Mito/merged_24280-Mito_e06.tif
CCCCN=C(O)NS(=O)(=O)c1ccc(C)cc1,24280,E22,s3://morphology_profiles/filtered_mp/24280-Hoechst/merged_24280-Hoechst_e22.tif,s3://morphology_profiles/filtered_mp/24280-ERSyto/merged_24280-ERSyto_e22.tif,s3://morphology_profiles/filtered_mp/24280-ERSytoBleed/merged_24280-ERSytoBleed_e22.tif,s3://morphology_profiles/filtered_mp/24280-Ph_golgi/merged_24280-Ph_golgi_e22.tif,s3://morphology_profiles/filtered_mp/24280-Mito/merged_24280-Mito_e22.tif
CC(C)N1CCN(c2ccc(OC[C@H]3CO[C@](Cn4cncn4)(c4ccc(Cl)cc4Cl)O3)cc2)CC1,24280,F12,s3://morphology_profiles/filtered_mp/24280-Hoechst/merged_24280-Hoechst_f12.tif,s3://morphology_profiles/filtered_mp/24280-ERSyto/merged_24280-ERSyto_f12.tif,s3://morphology_profiles/filtered_mp/24280-ERSytoBleed/merged_24280-ERSytoBleed_f12.tif,s3://morphology_profiles/filtered_mp/24280-Ph_golgi/merged_24280-Ph_golgi_f12.tif,s3://morphology_profiles/filtered_mp/24280-Mito/merged_24280-Mito_f12.tif
C#CCN(C)[C@H](C)Cc1ccccc1,24280,F14,s3://morphology_profiles/filtered_mp/24280-Hoechst/merged_24280-Hoechst_f14.tif,s3://morphology_profiles/filtered_mp/24280-ERSyto/merged_24280-ERSyto_f14.tif,s3://morphology_profiles/filtered_mp/24280-ERSytoBleed/merged_24280-ERSytoBleed_f14.tif,s3://morphology_profiles/filtered_mp/24280-Ph_golgi/merged_24280-Ph_golgi_f14.tif,s3://morphology_profiles/filtered_mp/24280-Mito/merged_24280-Mito_f14.tif
CCN1CCN(C(O)=N[C@@H](C(O)=N[C@@H]2C(=O)N3[C@@H]2SC(C)(C)[C@@H]3C(=O)O)c2ccccc2)C(=O)C1=O,24280,F21,s3://morphology_profiles/filtered_mp/24280-Hoechst/merged_24280-Hoechst_f21.tif,s3://morphology_profiles/filtered_mp/24280-ERSyto/merged_24280-ERSyto_f21.tif,s3://morphology_profiles/filtered_mp/24280-ERSytoBleed/merged_24280-ERSytoBleed_f21.tif,s3://morphology_profiles/filtered_mp/24280-Ph_golgi/merged_24280-Ph_golgi_f21.tif,s3://morphology_profiles/filtered_mp/24280-Mito/merged_24280-Mito_f21.tif
C=CCN1C[C@H](C(=O)N(CCCN(C)C)C(O)=NCC)C[C@@H]2c3cccc4[nH]cc(c34)C[C@H]21,24280,F22,s3://morphology_profiles/filtered_mp/24280-Hoechst/merged_24280-Hoechst_f22.tif,s3://morphology_profiles/filtered_mp/24280-ERSyto/merged_24280-ERSyto_f22.tif,s3://morphology_profiles/filtered_mp/24280-ERSytoBleed/merged_24280-ERSytoBleed_f22.tif,s3://morphology_profiles/filtered_mp/24280-Ph_golgi/merged_24280-Ph_golgi_f22.tif,s3://morphology_profiles/filtered_mp/24280-Mito/merged_24280-Mito_f22.tif
N#Cc1ccc(C(c2ccc(C#N)cc2)n2cncn2)cc1,24280,H13,s3://morphology_profiles/filtered_mp/24280-Hoechst/merged_24280-Hoechst_h13.tif,s3://morphology_profiles/filtered_mp/24280-ERSyto/merged_24280-ERSyto_h13.tif,s3://morphology_profiles/filtered_mp/24280-ERSytoBleed/merged_24280-ERSytoBleed_h13.tif,s3://morphology_profiles/filtered_mp/24280-Ph_golgi/merged_24280-Ph_golgi_h13.tif,s3://morphology_profiles/filtered_mp/24280-Mito/merged_24280-Mito_h13.tif
CC1(C)S[C@@H]2[C@H](N=C(O)C3(N)CCCCC3)C(=O)N2[C@H]1C(=O)O,24280,H18,s3://morphology_profiles/filtered_mp/24280-Hoechst/merged_24280-Hoechst_h18.tif,s3://morphology_profiles/filtered_mp/24280-ERSyto/merged_24280-ERSyto_h18.tif,s3://morphology_profiles/filtered_mp/24280-ERSytoBleed/merged_24280-ERSytoBleed_h18.tif,s3://morphology_profiles/filtered_mp/24280-Ph_golgi/merged_24280-Ph_golgi_h18.tif,s3://morphology_profiles/filtered_mp/24280-Mito/merged_24280-Mito_h18.tif
CCS(=O)(=O)CCn1c([N+](=O)[O-])cnc1C,24280,H23,s3://morphology_profiles/filtered_mp/24280-Hoechst/merged_24280-Hoechst_h23.tif,s3://morphology_profiles/filtered_mp/24280-ERSyto/merged_24280-ERSyto_h23.tif,s3://morphology_profiles/filtered_mp/24280-ERSytoBleed/merged_24280-ERSytoBleed_h23.tif,s3://morphology_profiles/filtered_mp/24280-Ph_golgi/merged_24280-Ph_golgi_h23.tif,s3://morphology_profiles/filtered_mp/24280-Mito/merged_24280-Mito_h23.tif
N[C@@H](Cc1cc(I)c(Oc2ccc(O)c(I)c2)c(I)c1)C(=O)O,24280,H24,s3://morphology_profiles/filtered_mp/24280-Hoechst/merged_24280-Hoechst_h24.tif,s3://morphology_profiles/filtered_mp/24280-ERSyto/merged_24280-ERSyto_h24.tif,s3://morphology_profiles/filtered_mp/24280-ERSytoBleed/merged_24280-ERSytoBleed_h24.tif,s3://morphology_profiles/filtered_mp/24280-Ph_golgi/merged_24280-Ph_golgi_h24.tif,s3://morphology_profiles/filtered_mp/24280-Mito/merged_24280-Mito_h24.tif
CC(=O)S[C@@H]1CC2=CC(=O)CC[C@]2(C)[C@H]2CC[C@@]3(C)[C@@H](CC[C@@]34CCC(=O)O4)[C@H]12,24280,I17,s3://morphology_profiles/filtered_mp/24280-Hoechst/merged_24280-Hoechst_i17.tif,s3://morphology_profiles/filtered_mp/24280-ERSyto/merged_24280-ERSyto_i17.tif,s3://morphology_profiles/filtered_mp/24280-ERSytoBleed/merged_24280-ERSytoBleed_i17.tif,s3://morphology_profiles/filtered_mp/24280-Ph_golgi/merged_24280-Ph_golgi_i17.tif,s3://morphology_profiles/filtered_mp/24280-Mito/merged_24280-Mito_i17.tif
Cc1ccc(N(CC2=NCCN2)c2cccc(O)c2)cc1,24280,I24,s3://morphology_profiles/filtered_mp/24280-Hoechst/merged_24280-Hoechst_i24.tif,s3://morphology_profiles/filtered_mp/24280-ERSyto/merged_24280-ERSyto_i24.tif,s3://morphology_profiles/filtered_mp/24280-ERSytoBleed/merged_24280-ERSytoBleed_i24.tif,s3://morphology_profiles/filtered_mp/24280-Ph_golgi/merged_24280-Ph_golgi_i24.tif,s3://morphology_profiles/filtered_mp/24280-Mito/merged_24280-Mito_i24.tif
C[C@H](CCC(=O)O)[C@H]1CC[C@H]2[C@@H]3C(=O)C[C@@H]4CC(=O)CC[C@]4(C)[C@H]3CC(=O)[C@]12C,24280,J9,s3://morphology_profiles/filtered_mp/24280-Hoechst/merged_24280-Hoechst_j09.tif,s3://morphology_profiles/filtered_mp/24280-ERSyto/merged_24280-ERSyto_j09.tif,s3://morphology_profiles/filtered_mp/24280-ERSytoBleed/merged_24280-ERSytoBleed_j09.tif,s3://morphology_profiles/filtered_mp/24280-Ph_golgi/merged_24280-Ph_golgi_j09.tif,s3://morphology_profiles/filtered_mp/24280-Mito/merged_24280-Mito_j09.tif
Cc1cc(C(=O)NNCc2ccccc2)no1,24280,L10,s3://morphology_profiles/filtered_mp/24280-Hoechst/merged_24280-Hoechst_l10.tif,s3://morphology_profiles/filtered_mp/24280-ERSyto/merged_24280-ERSyto_l10.tif,s3://morphology_profiles/filtered_mp/24280-ERSytoBleed/merged_24280-ERSytoBleed_l10.tif,s3://morphology_profiles/filtered_mp/24280-Ph_golgi/merged_24280-Ph_golgi_l10.tif,s3://morphology_profiles/filtered_mp/24280-Mito/merged_24280-Mito_l10.tif
C[C@]12CCC(=O)C=C1CC[C@@H]1[C@@H]2[C@@H](O)C[C@@]2(C)[C@H]1CC[C@]2(O)C(=O)CO,24280,L19,s3://morphology_profiles/filtered_mp/24280-Hoechst/merged_24280-Hoechst_l19.tif,s3://morphology_profiles/filtered_mp/24280-ERSyto/merged_24280-ERSyto_l19.tif,s3://morphology_profiles/filtered_mp/24280-ERSytoBleed/merged_24280-ERSytoBleed_l19.tif,s3://morphology_profiles/filtered_mp/24280-Ph_golgi/merged_24280-Ph_golgi_l19.tif,s3://morphology_profiles/filtered_mp/24280-Mito/merged_24280-Mito_l19.tif
CC/C(=C(\c1ccccc1)c1ccc(OCCN(C)C)cc1)c1ccccc1,24280,L21,s3://morphology_profiles/filtered_mp/24280-Hoechst/merged_24280-Hoechst_l21.tif,s3://morphology_profiles/filtered_mp/24280-ERSyto/merged_24280-ERSyto_l21.tif,s3://morphology_profiles/filtered_mp/24280-ERSytoBleed/merged_24280-ERSytoBleed_l21.tif,s3://morphology_profiles/filtered_mp/24280-Ph_golgi/merged_24280-Ph_golgi_l21.tif,s3://morphology_profiles/filtered_mp/24280-Mito/merged_24280-Mito_l21.tif
COc1cc2c(cc1OC)[C@@H]1CC(=O)[C@@H](CC(C)C)CN1CC2,24280,N15,s3://morphology_profiles/filtered_mp/24280-Hoechst/merged_24280-Hoechst_n15.tif,s3://morphology_profiles/filtered_mp/24280-ERSyto/merged_24280-ERSyto_n15.tif,s3://morphology_profiles/filtered_mp/24280-ERSytoBleed/merged_24280-ERSytoBleed_n15.tif,s3://morphology_profiles/filtered_mp/24280-Ph_golgi/merged_24280-Ph_golgi_n15.tif,s3://morphology_profiles/filtered_mp/24280-Mito/merged_24280-Mito_n15.tif
Cc1ccc(=O)n(-c2ccccc2)c1,24280,O16,s3://morphology_profiles/filtered_mp/24280-Hoechst/merged_24280-Hoechst_o16.tif,s3://morphology_profiles/filtered_mp/24280-ERSyto/merged_24280-ERSyto_o16.tif,s3://morphology_profiles/filtered_mp/24280-ERSytoBleed/merged_24280-ERSytoBleed_o16.tif,s3://morphology_profiles/filtered_mp/24280-Ph_golgi/merged_24280-Ph_golgi_o16.tif,s3://morphology_profiles/filtered_mp/24280-Mito/merged_24280-Mito_o16.tif
OC(c1ccccc1)(c1ccccc1)C1CCNCC1,24280,O17,s3://morphology_profiles/filtered_mp/24280-Hoechst/merged_24280-Hoechst_o17.tif,s3://morphology_profiles/filtered_mp/24280-ERSyto/merged_24280-ERSyto_o17.tif,s3://morphology_profiles/filtered_mp/24280-ERSytoBleed/merged_24280-ERSytoBleed_o17.tif,s3://morphology_profiles/filtered_mp/24280-Ph_golgi/merged_24280-Ph_golgi_o17.tif,s3://morphology_profiles/filtered_mp/24280-Mito/merged_24280-Mito_o17.tif
O=c1c(O)c(-c2ccc(O)c(O)c2)oc2cc(O)cc(O)c12,24280,P1,s3://morphology_profiles/filtered_mp/24280-Hoechst/merged_24280-Hoechst_p01.tif,s3://morphology_profiles/filtered_mp/24280-ERSyto/merged_24280-ERSyto_p01.tif,s3://morphology_profiles/filtered_mp/24280-ERSytoBleed/merged_24280-ERSytoBleed_p01.tif,s3://morphology_profiles/filtered_mp/24280-Ph_golgi/merged_24280-Ph_golgi_p01.tif,s3://morphology_profiles/filtered_mp/24280-Mito/merged_24280-Mito_p01.tif
Cn1c(=O)c2nc[nH]c2n(C)c1=O,24280,P15,s3://morphology_profiles/filtered_mp/24280-Hoechst/merged_24280-Hoechst_p15.tif,s3://morphology_profiles/filtered_mp/24280-ERSyto/merged_24280-ERSyto_p15.tif,s3://morphology_profiles/filtered_mp/24280-ERSytoBleed/merged_24280-ERSytoBleed_p15.tif,s3://morphology_profiles/filtered_mp/24280-Ph_golgi/merged_24280-Ph_golgi_p15.tif,s3://morphology_profiles/filtered_mp/24280-Mito/merged_24280-Mito_p15.tif
C[C@]12C=CC(=O)C=C1CC[C@@H]1[C@@H]2[C@@H](O)C[C@@]2(C)[C@H]1CC[C@]2(O)C(=O)CO,24280,P17,s3://morphology_profiles/filtered_mp/24280-Hoechst/merged_24280-Hoechst_p17.tif,s3://morphology_profiles/filtered_mp/24280-ERSyto/merged_24280-ERSyto_p17.tif,s3://morphology_profiles/filtered_mp/24280-ERSytoBleed/merged_24280-ERSytoBleed_p17.tif,s3://morphology_profiles/filtered_mp/24280-Ph_golgi/merged_24280-Ph_golgi_p17.tif,s3://morphology_profiles/filtered_mp/24280-Mito/merged_24280-Mito_p17.tif
Oc1nc2cc(Cl)ccc2o1,24280,P21,s3://morphology_profiles/filtered_mp/24280-Hoechst/merged_24280-Hoechst_p21.tif,s3://morphology_profiles/filtered_mp/24280-ERSyto/merged_24280-ERSyto_p21.tif,s3://morphology_profiles/filtered_mp/24280-ERSytoBleed/merged_24280-ERSytoBleed_p21.tif,s3://morphology_profiles/filtered_mp/24280-Ph_golgi/merged_24280-Ph_golgi_p21.tif,s3://morphology_profiles/filtered_mp/24280-Mito/merged_24280-Mito_p21.tif
CCCc1nn(C)c2c(=O)[nH]c(-c3cc(S(=O)(=O)N4CCN(C)CC4)ccc3OCC)nc12,24293,B6,s3://morphology_profiles/filtered_mp/24293-Hoechst/merged_24293-Hoechst_b06.tif,s3://morphology_profiles/filtered_mp/24293-ERSyto/merged_24293-ERSyto_b06.tif,s3://morphology_profiles/filtered_mp/24293-ERSytoBleed/merged_24293-ERSytoBleed_b06.tif,s3://morphology_profiles/filtered_mp/24293-Ph_golgi/merged_24293-Ph_golgi_b06.tif,s3://morphology_profiles/filtered_mp/24293-Mito/merged_24293-Mito_b06.tif
C#C[C@]1(O)CC[C@H]2[C@@H]3CCC4=C(CCC(=O)C4)[C@H]3CC[C@@]21C,24293,B12,s3://morphology_profiles/filtered_mp/24293-Hoechst/merged_24293-Hoechst_b12.tif,s3://morphology_profiles/filtered_mp/24293-ERSyto/merged_24293-ERSyto_b12.tif,s3://morphology_profiles/filtered_mp/24293-ERSytoBleed/merged_24293-ERSytoBleed_b12.tif,s3://morphology_profiles/filtered_mp/24293-Ph_golgi/merged_24293-Ph_golgi_b12.tif,s3://morphology_profiles/filtered_mp/24293-Mito/merged_24293-Mito_b12.tif
CC1(C)O[C@@H]2C[C@H]3[C@@H]4CCC5=CC(=O)CC[C@]5(C)[C@@]4(F)[C@@H](O)C[C@]3(C)[C@]2(C(=O)CCl)O1,24293,C14,s3://morphology_profiles/filtered_mp/24293-Hoechst/merged_24293-Hoechst_c14.tif,s3://morphology_profiles/filtered_mp/24293-ERSyto/merged_24293-ERSyto_c14.tif,s3://morphology_profiles/filtered_mp/24293-ERSytoBleed/merged_24293-ERSytoBleed_c14.tif,s3://morphology_profiles/filtered_mp/24293-Ph_golgi/merged_24293-Ph_golgi_c14.tif,s3://morphology_profiles/filtered_mp/24293-Mito/merged_24293-Mito_c14.tif
NN=c1[nH]ncc2ccccc12,24293,C23,s3://morphology_profiles/filtered_mp/24293-Hoechst/merged_24293-Hoechst_c23.tif,s3://morphology_profiles/filtered_mp/24293-ERSyto/merged_24293-ERSyto_c23.tif,s3://morphology_profiles/filtered_mp/24293-ERSytoBleed/merged_24293-ERSytoBleed_c23.tif,s3://morphology_profiles/filtered_mp/24293-Ph_golgi/merged_24293-Ph_golgi_c23.tif,s3://morphology_profiles/filtered_mp/24293-Mito/merged_24293-Mito_c23.tif
Cc1ccc(C(=O)c2ccc(CC(=O)O)n2C)cc1,24293,D6,s3://morphology_profiles/filtered_mp/24293-Hoechst/merged_24293-Hoechst_d06.tif,s3://morphology_profiles/filtered_mp/24293-ERSyto/merged_24293-ERSyto_d06.tif,s3://morphology_profiles/filtered_mp/24293-ERSytoBleed/merged_24293-ERSytoBleed_d06.tif,s3://morphology_profiles/filtered_mp/24293-Ph_golgi/merged_24293-Ph_golgi_d06.tif,s3://morphology_profiles/filtered_mp/24293-Mito/merged_24293-Mito_d06.tif
CCOC(=O)N1CCC(=C2c3ccc(Cl)cc3CCc3cccnc32)CC1,24293,D9,s3://morphology_profiles/filtered_mp/24293-Hoechst/merged_24293-Hoechst_d09.tif,s3://morphology_profiles/filtered_mp/24293-ERSyto/merged_24293-ERSyto_d09.tif,s3://morphology_profiles/filtered_mp/24293-ERSytoBleed/merged_24293-ERSytoBleed_d09.tif,s3://morphology_profiles/filtered_mp/24293-Ph_golgi/merged_24293-Ph_golgi_d09.tif,s3://morphology_profiles/filtered_mp/24293-Mito/merged_24293-Mito_d09.tif
CCOc1cc(CC(O)=N[C@@H](CC(C)C)c2ccccc2N2CCCCC2)ccc1C(=O)O,24293,D13,s3://morphology_profiles/filtered_mp/24293-Hoechst/merged_24293-Hoechst_d13.tif,s3://morphology_profiles/filtered_mp/24293-ERSyto/merged_24293-ERSyto_d13.tif,s3://morphology_profiles/filtered_mp/24293-ERSytoBleed/merged_24293-ERSytoBleed_d13.tif,s3://morphology_profiles/filtered_mp/24293-Ph_golgi/merged_24293-Ph_golgi_d13.tif,s3://morphology_profiles/filtered_mp/24293-Mito/merged_24293-Mito_d13.tif
C#CCN(C)Cc1ccccc1,24293,E6,s3://morphology_profiles/filtered_mp/24293-Hoechst/merged_24293-Hoechst_e06.tif,s3://morphology_profiles/filtered_mp/24293-ERSyto/merged_24293-ERSyto_e06.tif,s3://morphology_profiles/filtered_mp/24293-ERSytoBleed/merged_24293-ERSytoBleed_e06.tif,s3://morphology_profiles/filtered_mp/24293-Ph_golgi/merged_24293-Ph_golgi_e06.tif,s3://morphology_profiles/filtered_mp/24293-Mito/merged_24293-Mito_e06.tif
CCCCN=C(O)NS(=O)(=O)c1ccc(C)cc1,24293,E22,s3://morphology_profiles/filtered_mp/24293-Hoechst/merged_24293-Hoechst_e22.tif,s3://morphology_profiles/filtered_mp/24293-ERSyto/merged_24293-ERSyto_e22.tif,s3://morphology_profiles/filtered_mp/24293-ERSytoBleed/merged_24293-ERSytoBleed_e22.tif,s3://morphology_profiles/filtered_mp/24293-Ph_golgi/merged_24293-Ph_golgi_e22.tif,s3://morphology_profiles/filtered_mp/24293-Mito/merged_24293-Mito_e22.tif
CC(C)N1CCN(c2ccc(OC[C@H]3CO[C@](Cn4cncn4)(c4ccc(Cl)cc4Cl)O3)cc2)CC1,24293,F12,s3://morphology_profiles/filtered_mp/24293-Hoechst/merged_24293-Hoechst_f12.tif,s3://morphology_profiles/filtered_mp/24293-ERSyto/merged_24293-ERSyto_f12.tif,s3://morphology_profiles/filtered_mp/24293-ERSytoBleed/merged_24293-ERSytoBleed_f12.tif,s3://morphology_profiles/filtered_mp/24293-Ph_golgi/merged_24293-Ph_golgi_f12.tif,s3://morphology_profiles/filtered_mp/24293-Mito/merged_24293-Mito_f12.tif
C#CCN(C)[C@H](C)Cc1ccccc1,24293,F14,s3://morphology_profiles/filtered_mp/24293-Hoechst/merged_24293-Hoechst_f14.tif,s3://morphology_profiles/filtered_mp/24293-ERSyto/merged_24293-ERSyto_f14.tif,s3://morphology_profiles/filtered_mp/24293-ERSytoBleed/merged_24293-ERSytoBleed_f14.tif,s3://morphology_profiles/filtered_mp/24293-Ph_golgi/merged_24293-Ph_golgi_f14.tif,s3://morphology_profiles/filtered_mp/24293-Mito/merged_24293-Mito_f14.tif
CCN1CCN(C(O)=N[C@@H](C(O)=N[C@@H]2C(=O)N3[C@@H]2SC(C)(C)[C@@H]3C(=O)O)c2ccccc2)C(=O)C1=O,24293,F21,s3://morphology_profiles/filtered_mp/24293-Hoechst/merged_24293-Hoechst_f21.tif,s3://morphology_profiles/filtered_mp/24293-ERSyto/merged_24293-ERSyto_f21.tif,s3://morphology_profiles/filtered_mp/24293-ERSytoBleed/merged_24293-ERSytoBleed_f21.tif,s3://morphology_profiles/filtered_mp/24293-Ph_golgi/merged_24293-Ph_golgi_f21.tif,s3://morphology_profiles/filtered_mp/24293-Mito/merged_24293-Mito_f21.tif
C=CCN1C[C@H](C(=O)N(CCCN(C)C)C(O)=NCC)C[C@@H]2c3cccc4[nH]cc(c34)C[C@H]21,24293,F22,s3://morphology_profiles/filtered_mp/24293-Hoechst/merged_24293-Hoechst_f22.tif,s3://morphology_profiles/filtered_mp/24293-ERSyto/merged_24293-ERSyto_f22.tif,s3://morphology_profiles/filtered_mp/24293-ERSytoBleed/merged_24293-ERSytoBleed_f22.tif,s3://morphology_profiles/filtered_mp/24293-Ph_golgi/merged_24293-Ph_golgi_f22.tif,s3://morphology_profiles/filtered_mp/24293-Mito/merged_24293-Mito_f22.tif
N#Cc1ccc(C(c2ccc(C#N)cc2)n2cncn2)cc1,24293,H13,s3://morphology_profiles/filtered_mp/24293-Hoechst/merged_24293-Hoechst_h13.tif,s3://morphology_profiles/filtered_mp/24293-ERSyto/merged_24293-ERSyto_h13.tif,s3://morphology_profiles/filtered_mp/24293-ERSytoBleed/merged_24293-ERSytoBleed_h13.tif,s3://morphology_profiles/filtered_mp/24293-Ph_golgi/merged_24293-Ph_golgi_h13.tif,s3://morphology_profiles/filtered_mp/24293-Mito/merged_24293-Mito_h13.tif
CC1(C)S[C@@H]2[C@H](N=C(O)C3(N)CCCCC3)C(=O)N2[C@H]1C(=O)O,24293,H18,s3://morphology_profiles/filtered_mp/24293-Hoechst/merged_24293-Hoechst_h18.tif,s3://morphology_profiles/filtered_mp/24293-ERSyto/merged_24293-ERSyto_h18.tif,s3://morphology_profiles/filtered_mp/24293-ERSytoBleed/merged_24293-ERSytoBleed_h18.tif,s3://morphology_profiles/filtered_mp/24293-Ph_golgi/merged_24293-Ph_golgi_h18.tif,s3://morphology_profiles/filtered_mp/24293-Mito/merged_24293-Mito_h18.tif
CCS(=O)(=O)CCn1c([N+](=O)[O-])cnc1C,24293,H23,s3://morphology_profiles/filtered_mp/24293-Hoechst/merged_24293-Hoechst_h23.tif,s3://morphology_profiles/filtered_mp/24293-ERSyto/merged_24293-ERSyto_h23.tif,s3://morphology_profiles/filtered_mp/24293-ERSytoBleed/merged_24293-ERSytoBleed_h23.tif,s3://morphology_profiles/filtered_mp/24293-Ph_golgi/merged_24293-Ph_golgi_h23.tif,s3://morphology_profiles/filtered_mp/24293-Mito/merged_24293-Mito_h23.tif
N[C@@H](Cc1cc(I)c(Oc2ccc(O)c(I)c2)c(I)c1)C(=O)O,24293,H24,s3://morphology_profiles/filtered_mp/24293-Hoechst/merged_24293-Hoechst_h24.tif,s3://morphology_profiles/filtered_mp/24293-ERSyto/merged_24293-ERSyto_h24.tif,s3://morphology_profiles/filtered_mp/24293-ERSytoBleed/merged_24293-ERSytoBleed_h24.tif,s3://morphology_profiles/filtered_mp/24293-Ph_golgi/merged_24293-Ph_golgi_h24.tif,s3://morphology_profiles/filtered_mp/24293-Mito/merged_24293-Mito_h24.tif
CC(=O)S[C@@H]1CC2=CC(=O)CC[C@]2(C)[C@H]2CC[C@@]3(C)[C@@H](CC[C@@]34CCC(=O)O4)[C@H]12,24293,I17,s3://morphology_profiles/filtered_mp/24293-Hoechst/merged_24293-Hoechst_i17.tif,s3://morphology_profiles/filtered_mp/24293-ERSyto/merged_24293-ERSyto_i17.tif,s3://morphology_profiles/filtered_mp/24293-ERSytoBleed/merged_24293-ERSytoBleed_i17.tif,s3://morphology_profiles/filtered_mp/24293-Ph_golgi/merged_24293-Ph_golgi_i17.tif,s3://morphology_profiles/filtered_mp/24293-Mito/merged_24293-Mito_i17.tif
Cc1ccc(N(CC2=NCCN2)c2cccc(O)c2)cc1,24293,I24,s3://morphology_profiles/filtered_mp/24293-Hoechst/merged_24293-Hoechst_i24.tif,s3://morphology_profiles/filtered_mp/24293-ERSyto/merged_24293-ERSyto_i24.tif,s3://morphology_profiles/filtered_mp/24293-ERSytoBleed/merged_24293-ERSytoBleed_i24.tif,s3://morphology_profiles/filtered_mp/24293-Ph_golgi/merged_24293-Ph_golgi_i24.tif,s3://morphology_profiles/filtered_mp/24293-Mito/merged_24293-Mito_i24.tif
C[C@H](CCC(=O)O)[C@H]1CC[C@H]2[C@@H]3C(=O)C[C@@H]4CC(=O)CC[C@]4(C)[C@H]3CC(=O)[C@]12C,24293,J9,s3://morphology_profiles/filtered_mp/24293-Hoechst/merged_24293-Hoechst_j09.tif,s3://morphology_profiles/filtered_mp/24293-ERSyto/merged_24293-ERSyto_j09.tif,s3://morphology_profiles/filtered_mp/24293-ERSytoBleed/merged_24293-ERSytoBleed_j09.tif,s3://morphology_profiles/filtered_mp/24293-Ph_golgi/merged_24293-Ph_golgi_j09.tif,s3://morphology_profiles/filtered_mp/24293-Mito/merged_24293-Mito_j09.tif
Cc1cc(C(=O)NNCc2ccccc2)no1,24293,L10,s3://morphology_profiles/filtered_mp/24293-Hoechst/merged_24293-Hoechst_l10.tif,s3://morphology_profiles/filtered_mp/24293-ERSyto/merged_24293-ERSyto_l10.tif,s3://morphology_profiles/filtered_mp/24293-ERSytoBleed/merged_24293-ERSytoBleed_l10.tif,s3://morphology_profiles/filtered_mp/24293-Ph_golgi/merged_24293-Ph_golgi_l10.tif,s3://morphology_profiles/filtered_mp/24293-Mito/merged_24293-Mito_l10.tif
C[C@]12CCC(=O)C=C1CC[C@@H]1[C@@H]2[C@@H](O)C[C@@]2(C)[C@H]1CC[C@]2(O)C(=O)CO,24293,L19,s3://morphology_profiles/filtered_mp/24293-Hoechst/merged_24293-Hoechst_l19.tif,s3://morphology_profiles/filtered_mp/24293-ERSyto/merged_24293-ERSyto_l19.tif,s3://morphology_profiles/filtered_mp/24293-ERSytoBleed/merged_24293-ERSytoBleed_l19.tif,s3://morphology_profiles/filtered_mp/24293-Ph_golgi/merged_24293-Ph_golgi_l19.tif,s3://morphology_profiles/filtered_mp/24293-Mito/merged_24293-Mito_l19.tif
CC/C(=C(\c1ccccc1)c1ccc(OCCN(C)C)cc1)c1ccccc1,24293,L21,s3://morphology_profiles/filtered_mp/24293-Hoechst/merged_24293-Hoechst_l21.tif,s3://morphology_profiles/filtered_mp/24293-ERSyto/merged_24293-ERSyto_l21.tif,s3://morphology_profiles/filtered_mp/24293-ERSytoBleed/merged_24293-ERSytoBleed_l21.tif,s3://morphology_profiles/filtered_mp/24293-Ph_golgi/merged_24293-Ph_golgi_l21.tif,s3://morphology_profiles/filtered_mp/24293-Mito/merged_24293-Mito_l21.tif
COc1cc2c(cc1OC)[C@@H]1CC(=O)[C@@H](CC(C)C)CN1CC2,24293,N15,s3://morphology_profiles/filtered_mp/24293-Hoechst/merged_24293-Hoechst_n15.tif,s3://morphology_profiles/filtered_mp/24293-ERSyto/merged_24293-ERSyto_n15.tif,s3://morphology_profiles/filtered_mp/24293-ERSytoBleed/merged_24293-ERSytoBleed_n15.tif,s3://morphology_profiles/filtered_mp/24293-Ph_golgi/merged_24293-Ph_golgi_n15.tif,s3://morphology_profiles/filtered_mp/24293-Mito/merged_24293-Mito_n15.tif
Cc1ccc(=O)n(-c2ccccc2)c1,24293,O16,s3://morphology_profiles/filtered_mp/24293-Hoechst/merged_24293-Hoechst_o16.tif,s3://morphology_profiles/filtered_mp/24293-ERSyto/merged_24293-ERSyto_o16.tif,s3://morphology_profiles/filtered_mp/24293-ERSytoBleed/merged_24293-ERSytoBleed_o16.tif,s3://morphology_profiles/filtered_mp/24293-Ph_golgi/merged_24293-Ph_golgi_o16.tif,s3://morphology_profiles/filtered_mp/24293-Mito/merged_24293-Mito_o16.tif
OC(c1ccccc1)(c1ccccc1)C1CCNCC1,24293,O17,s3://morphology_profiles/filtered_mp/24293-Hoechst/merged_24293-Hoechst_o17.tif,s3://morphology_profiles/filtered_mp/24293-ERSyto/merged_24293-ERSyto_o17.tif,s3://morphology_profiles/filtered_mp/24293-ERSytoBleed/merged_24293-ERSytoBleed_o17.tif,s3://morphology_profiles/filtered_mp/24293-Ph_golgi/merged_24293-Ph_golgi_o17.tif,s3://morphology_profiles/filtered_mp/24293-Mito/merged_24293-Mito_o17.tif
O=c1c(O)c(-c2ccc(O)c(O)c2)oc2cc(O)cc(O)c12,24293,P1,s3://morphology_profiles/filtered_mp/24293-Hoechst/merged_24293-Hoechst_p01.tif,s3://morphology_profiles/filtered_mp/24293-ERSyto/merged_24293-ERSyto_p01.tif,s3://morphology_profiles/filtered_mp/24293-ERSytoBleed/merged_24293-ERSytoBleed_p01.tif,s3://morphology_profiles/filtered_mp/24293-Ph_golgi/merged_24293-Ph_golgi_p01.tif,s3://morphology_profiles/filtered_mp/24293-Mito/merged_24293-Mito_p01.tif
Cn1c(=O)c2nc[nH]c2n(C)c1=O,24293,P15,s3://morphology_profiles/filtered_mp/24293-Hoechst/merged_24293-Hoechst_p15.tif,s3://morphology_profiles/filtered_mp/24293-ERSyto/merged_24293-ERSyto_p15.tif,s3://morphology_profiles/filtered_mp/24293-ERSytoBleed/merged_24293-ERSytoBleed_p15.tif,s3://morphology_profiles/filtered_mp/24293-Ph_golgi/merged_24293-Ph_golgi_p15.tif,s3://morphology_profiles/filtered_mp/24293-Mito/merged_24293-Mito_p15.tif
C[C@]12C=CC(=O)C=C1CC[C@@H]1[C@@H]2[C@@H](O)C[C@@]2(C)[C@H]1CC[C@]2(O)C(=O)CO,24293,P17,s3://morphology_profiles/filtered_mp/24293-Hoechst/merged_24293-Hoechst_p17.tif,s3://morphology_profiles/filtered_mp/24293-ERSyto/merged_24293-ERSyto_p17.tif,s3://morphology_profiles/filtered_mp/24293-ERSytoBleed/merged_24293-ERSytoBleed_p17.tif,s3://morphology_profiles/filtered_mp/24293-Ph_golgi/merged_24293-Ph_golgi_p17.tif,s3://morphology_profiles/filtered_mp/24293-Mito/merged_24293-Mito_p17.tif
Oc1nc2cc(Cl)ccc2o1,24293,P21,s3://morphology_profiles/filtered_mp/24293-Hoechst/merged_24293-Hoechst_p21.tif,s3://morphology_profiles/filtered_mp/24293-ERSyto/merged_24293-ERSyto_p21.tif,s3://morphology_profiles/filtered_mp/24293-ERSytoBleed/merged_24293-ERSytoBleed_p21.tif,s3://morphology_profiles/filtered_mp/24293-Ph_golgi/merged_24293-Ph_golgi_p21.tif,s3://morphology_profiles/filtered_mp/24293-Mito/merged_24293-Mito_p21.tif
OCc1cc(C(O)CNCCCCCCOCCCCc2ccccc2)ccc1O,24294,A9,s3://morphology_profiles/filtered_mp/24294-Hoechst/merged_24294-Hoechst_a09.tif,s3://morphology_profiles/filtered_mp/24294-ERSyto/merged_24294-ERSyto_a09.tif,s3://morphology_profiles/filtered_mp/24294-ERSytoBleed/merged_24294-ERSytoBleed_a09.tif,s3://morphology_profiles/filtered_mp/24294-Ph_golgi/merged_24294-Ph_golgi_a09.tif,s3://morphology_profiles/filtered_mp/24294-Mito/merged_24294-Mito_a09.tif
Cc1cccc(C)c1N=C(O)C1CCCCN1C,24294,A23,s3://morphology_profiles/filtered_mp/24294-Hoechst/merged_24294-Hoechst_a23.tif,s3://morphology_profiles/filtered_mp/24294-ERSyto/merged_24294-ERSyto_a23.tif,s3://morphology_profiles/filtered_mp/24294-ERSytoBleed/merged_24294-ERSytoBleed_a23.tif,s3://morphology_profiles/filtered_mp/24294-Ph_golgi/merged_24294-Ph_golgi_a23.tif,s3://morphology_profiles/filtered_mp/24294-Mito/merged_24294-Mito_a23.tif
COCCc1ccc(OCC(O)CNC(C)C)cc1,24294,B2,s3://morphology_profiles/filtered_mp/24294-Hoechst/merged_24294-Hoechst_b02.tif,s3://morphology_profiles/filtered_mp/24294-ERSyto/merged_24294-ERSyto_b02.tif,s3://morphology_profiles/filtered_mp/24294-ERSytoBleed/merged_24294-ERSytoBleed_b02.tif,s3://morphology_profiles/filtered_mp/24294-Ph_golgi/merged_24294-Ph_golgi_b02.tif,s3://morphology_profiles/filtered_mp/24294-Mito/merged_24294-Mito_b02.tif
COc1cc2nc(N(C)CCCN=C(O)C3CCCO3)[nH]c(=N)c2cc1OC,24294,C24,s3://morphology_profiles/filtered_mp/24294-Hoechst/merged_24294-Hoechst_c24.tif,s3://morphology_profiles/filtered_mp/24294-ERSyto/merged_24294-ERSyto_c24.tif,s3://morphology_profiles/filtered_mp/24294-ERSytoBleed/merged_24294-ERSytoBleed_c24.tif,s3://morphology_profiles/filtered_mp/24294-Ph_golgi/merged_24294-Ph_golgi_c24.tif,s3://morphology_profiles/filtered_mp/24294-Mito/merged_24294-Mito_c24.tif
COc1ccccc1OCCNCC(O)COc1cccc2[nH]c3ccccc3c12,24294,D22,s3://morphology_profiles/filtered_mp/24294-Hoechst/merged_24294-Hoechst_d22.tif,s3://morphology_profiles/filtered_mp/24294-ERSyto/merged_24294-ERSyto_d22.tif,s3://morphology_profiles/filtered_mp/24294-ERSytoBleed/merged_24294-ERSytoBleed_d22.tif,s3://morphology_profiles/filtered_mp/24294-Ph_golgi/merged_24294-Ph_golgi_d22.tif,s3://morphology_profiles/filtered_mp/24294-Mito/merged_24294-Mito_d22.tif
COc1cc2nc(N3CCN(C(=O)C4COc5ccccc5O4)CC3)[nH]c(=N)c2cc1OC,24294,E14,s3://morphology_profiles/filtered_mp/24294-Hoechst/merged_24294-Hoechst_e14.tif,s3://morphology_profiles/filtered_mp/24294-ERSyto/merged_24294-ERSyto_e14.tif,s3://morphology_profiles/filtered_mp/24294-ERSytoBleed/merged_24294-ERSytoBleed_e14.tif,s3://morphology_profiles/filtered_mp/24294-Ph_golgi/merged_24294-Ph_golgi_e14.tif,s3://morphology_profiles/filtered_mp/24294-Mito/merged_24294-Mito_e14.tif
CN1CCCCC1CCN1c2ccccc2Sc2ccc(S(C)=O)cc21,24294,E23,s3://morphology_profiles/filtered_mp/24294-Hoechst/merged_24294-Hoechst_e23.tif,s3://morphology_profiles/filtered_mp/24294-ERSyto/merged_24294-ERSyto_e23.tif,s3://morphology_profiles/filtered_mp/24294-ERSytoBleed/merged_24294-ERSytoBleed_e23.tif,s3://morphology_profiles/filtered_mp/24294-Ph_golgi/merged_24294-Ph_golgi_e23.tif,s3://morphology_profiles/filtered_mp/24294-Mito/merged_24294-Mito_e23.tif
CC(C)Cc1ccc(C(C)C(=O)O)cc1,24294,G5,s3://morphology_profiles/filtered_mp/24294-Hoechst/merged_24294-Hoechst_g05.tif,s3://morphology_profiles/filtered_mp/24294-ERSyto/merged_24294-ERSyto_g05.tif,s3://morphology_profiles/filtered_mp/24294-ERSytoBleed/merged_24294-ERSytoBleed_g05.tif,s3://morphology_profiles/filtered_mp/24294-Ph_golgi/merged_24294-Ph_golgi_g05.tif,s3://morphology_profiles/filtered_mp/24294-Mito/merged_24294-Mito_g05.tif
CN1C(=O)CC(c2ccccc2)C1=O,24294,G8,s3://morphology_profiles/filtered_mp/24294-Hoechst/merged_24294-Hoechst_g08.tif,s3://morphology_profiles/filtered_mp/24294-ERSyto/merged_24294-ERSyto_g08.tif,s3://morphology_profiles/filtered_mp/24294-ERSytoBleed/merged_24294-ERSytoBleed_g08.tif,s3://morphology_profiles/filtered_mp/24294-Ph_golgi/merged_24294-Ph_golgi_g08.tif,s3://morphology_profiles/filtered_mp/24294-Mito/merged_24294-Mito_g08.tif
CC(C)NCC(O)COc1ccc(CC(=N)O)cc1,24294,G23,s3://morphology_profiles/filtered_mp/24294-Hoechst/merged_24294-Hoechst_g23.tif,s3://morphology_profiles/filtered_mp/24294-ERSyto/merged_24294-ERSyto_g23.tif,s3://morphology_profiles/filtered_mp/24294-ERSytoBleed/merged_24294-ERSytoBleed_g23.tif,s3://morphology_profiles/filtered_mp/24294-Ph_golgi/merged_24294-Ph_golgi_g23.tif,s3://morphology_profiles/filtered_mp/24294-Mito/merged_24294-Mito_g23.tif
CC(=O)CC(c1ccccc1)c1c(O)c2ccccc2oc1=O,24294,I13,s3://morphology_profiles/filtered_mp/24294-Hoechst/merged_24294-Hoechst_i13.tif,s3://morphology_profiles/filtered_mp/24294-ERSyto/merged_24294-ERSyto_i13.tif,s3://morphology_profiles/filtered_mp/24294-ERSytoBleed/merged_24294-ERSytoBleed_i13.tif,s3://morphology_profiles/filtered_mp/24294-Ph_golgi/merged_24294-Ph_golgi_i13.tif,s3://morphology_profiles/filtered_mp/24294-Mito/merged_24294-Mito_i13.tif
CC(C)N(CCC(C(=N)O)(c1ccccc1)c1ccccn1)C(C)C,24294,K5,s3://morphology_profiles/filtered_mp/24294-Hoechst/merged_24294-Hoechst_k05.tif,s3://morphology_profiles/filtered_mp/24294-ERSyto/merged_24294-ERSyto_k05.tif,s3://morphology_profiles/filtered_mp/24294-ERSytoBleed/merged_24294-ERSytoBleed_k05.tif,s3://morphology_profiles/filtered_mp/24294-Ph_golgi/merged_24294-Ph_golgi_k05.tif,s3://morphology_profiles/filtered_mp/24294-Mito/merged_24294-Mito_k05.tif
OC(=Nc1ccccc1)OCC(CN1CCCCC1)OC(O)=Nc1ccccc1,24294,K12,s3://morphology_profiles/filtered_mp/24294-Hoechst/merged_24294-Hoechst_k12.tif,s3://morphology_profiles/filtered_mp/24294-ERSyto/merged_24294-ERSyto_k12.tif,s3://morphology_profiles/filtered_mp/24294-ERSytoBleed/merged_24294-ERSytoBleed_k12.tif,s3://morphology_profiles/filtered_mp/24294-Ph_golgi/merged_24294-Ph_golgi_k12.tif,s3://morphology_profiles/filtered_mp/24294-Mito/merged_24294-Mito_k12.tif
CCOC(=O)C1=C(C)NC(C)=C(C(=O)OC)C1c1cccc(Cl)c1Cl,24294,K14,s3://morphology_profiles/filtered_mp/24294-Hoechst/merged_24294-Hoechst_k14.tif,s3://morphology_profiles/filtered_mp/24294-ERSyto/merged_24294-ERSyto_k14.tif,s3://morphology_profiles/filtered_mp/24294-ERSytoBleed/merged_24294-ERSytoBleed_k14.tif,s3://morphology_profiles/filtered_mp/24294-Ph_golgi/merged_24294-Ph_golgi_k14.tif,s3://morphology_profiles/filtered_mp/24294-Mito/merged_24294-Mito_k14.tif
NS(=O)(=O)c1cc2c(cc1Cl)NC(C1CC3C=CC1C3)NS2(=O)=O,24294,N16,s3://morphology_profiles/filtered_mp/24294-Hoechst/merged_24294-Hoechst_n16.tif,s3://morphology_profiles/filtered_mp/24294-ERSyto/merged_24294-ERSyto_n16.tif,s3://morphology_profiles/filtered_mp/24294-ERSytoBleed/merged_24294-ERSytoBleed_n16.tif,s3://morphology_profiles/filtered_mp/24294-Ph_golgi/merged_24294-Ph_golgi_n16.tif,s3://morphology_profiles/filtered_mp/24294-Mito/merged_24294-Mito_n16.tif
OCc1cc(C(O)CNCCCCCCOCCCCc2ccccc2)ccc1O,24295,A9,s3://morphology_profiles/filtered_mp/24295-Hoechst/merged_24295-Hoechst_a09.tif,s3://morphology_profiles/filtered_mp/24295-ERSyto/merged_24295-ERSyto_a09.tif,s3://morphology_profiles/filtered_mp/24295-ERSytoBleed/merged_24295-ERSytoBleed_a09.tif,s3://morphology_profiles/filtered_mp/24295-Ph_golgi/merged_24295-Ph_golgi_a09.tif,s3://morphology_profiles/filtered_mp/24295-Mito/merged_24295-Mito_a09.tif
Cc1cccc(C)c1N=C(O)C1CCCCN1C,24295,A23,s3://morphology_profiles/filtered_mp/24295-Hoechst/merged_24295-Hoechst_a23.tif,s3://morphology_profiles/filtered_mp/24295-ERSyto/merged_24295-ERSyto_a23.tif,s3://morphology_profiles/filtered_mp/24295-ERSytoBleed/merged_24295-ERSytoBleed_a23.tif,s3://morphology_profiles/filtered_mp/24295-Ph_golgi/merged_24295-Ph_golgi_a23.tif,s3://morphology_profiles/filtered_mp/24295-Mito/merged_24295-Mito_a23.tif
COCCc1ccc(OCC(O)CNC(C)C)cc1,24295,B2,s3://morphology_profiles/filtered_mp/24295-Hoechst/merged_24295-Hoechst_b02.tif,s3://morphology_profiles/filtered_mp/24295-ERSyto/merged_24295-ERSyto_b02.tif,s3://morphology_profiles/filtered_mp/24295-ERSytoBleed/merged_24295-ERSytoBleed_b02.tif,s3://morphology_profiles/filtered_mp/24295-Ph_golgi/merged_24295-Ph_golgi_b02.tif,s3://morphology_profiles/filtered_mp/24295-Mito/merged_24295-Mito_b02.tif
COc1cc2nc(N(C)CCCN=C(O)C3CCCO3)[nH]c(=N)c2cc1OC,24295,C24,s3://morphology_profiles/filtered_mp/24295-Hoechst/merged_24295-Hoechst_c24.tif,s3://morphology_profiles/filtered_mp/24295-ERSyto/merged_24295-ERSyto_c24.tif,s3://morphology_profiles/filtered_mp/24295-ERSytoBleed/merged_24295-ERSytoBleed_c24.tif,s3://morphology_profiles/filtered_mp/24295-Ph_golgi/merged_24295-Ph_golgi_c24.tif,s3://morphology_profiles/filtered_mp/24295-Mito/merged_24295-Mito_c24.tif
COc1ccccc1OCCNCC(O)COc1cccc2[nH]c3ccccc3c12,24295,D22,s3://morphology_profiles/filtered_mp/24295-Hoechst/merged_24295-Hoechst_d22.tif,s3://morphology_profiles/filtered_mp/24295-ERSyto/merged_24295-ERSyto_d22.tif,s3://morphology_profiles/filtered_mp/24295-ERSytoBleed/merged_24295-ERSytoBleed_d22.tif,s3://morphology_profiles/filtered_mp/24295-Ph_golgi/merged_24295-Ph_golgi_d22.tif,s3://morphology_profiles/filtered_mp/24295-Mito/merged_24295-Mito_d22.tif
COc1cc2nc(N3CCN(C(=O)C4COc5ccccc5O4)CC3)[nH]c(=N)c2cc1OC,24295,E14,s3://morphology_profiles/filtered_mp/24295-Hoechst/merged_24295-Hoechst_e14.tif,s3://morphology_profiles/filtered_mp/24295-ERSyto/merged_24295-ERSyto_e14.tif,s3://morphology_profiles/filtered_mp/24295-ERSytoBleed/merged_24295-ERSytoBleed_e14.tif,s3://morphology_profiles/filtered_mp/24295-Ph_golgi/merged_24295-Ph_golgi_e14.tif,s3://morphology_profiles/filtered_mp/24295-Mito/merged_24295-Mito_e14.tif
CN1CCCCC1CCN1c2ccccc2Sc2ccc(S(C)=O)cc21,24295,E23,s3://morphology_profiles/filtered_mp/24295-Hoechst/merged_24295-Hoechst_e23.tif,s3://morphology_profiles/filtered_mp/24295-ERSyto/merged_24295-ERSyto_e23.tif,s3://morphology_profiles/filtered_mp/24295-ERSytoBleed/merged_24295-ERSytoBleed_e23.tif,s3://morphology_profiles/filtered_mp/24295-Ph_golgi/merged_24295-Ph_golgi_e23.tif,s3://morphology_profiles/filtered_mp/24295-Mito/merged_24295-Mito_e23.tif
CC(C)Cc1ccc(C(C)C(=O)O)cc1,24295,G5,s3://morphology_profiles/filtered_mp/24295-Hoechst/merged_24295-Hoechst_g05.tif,s3://morphology_profiles/filtered_mp/24295-ERSyto/merged_24295-ERSyto_g05.tif,s3://morphology_profiles/filtered_mp/24295-ERSytoBleed/merged_24295-ERSytoBleed_g05.tif,s3://morphology_profiles/filtered_mp/24295-Ph_golgi/merged_24295-Ph_golgi_g05.tif,s3://morphology_profiles/filtered_mp/24295-Mito/merged_24295-Mito_g05.tif
CN1C(=O)CC(c2ccccc2)C1=O,24295,G8,s3://morphology_profiles/filtered_mp/24295-Hoechst/merged_24295-Hoechst_g08.tif,s3://morphology_profiles/filtered_mp/24295-ERSyto/merged_24295-ERSyto_g08.tif,s3://morphology_profiles/filtered_mp/24295-ERSytoBleed/merged_24295-ERSytoBleed_g08.tif,s3://morphology_profiles/filtered_mp/24295-Ph_golgi/merged_24295-Ph_golgi_g08.tif,s3://morphology_profiles/filtered_mp/24295-Mito/merged_24295-Mito_g08.tif
CC(C)NCC(O)COc1ccc(CC(=N)O)cc1,24295,G23,s3://morphology_profiles/filtered_mp/24295-Hoechst/merged_24295-Hoechst_g23.tif,s3://morphology_profiles/filtered_mp/24295-ERSyto/merged_24295-ERSyto_g23.tif,s3://morphology_profiles/filtered_mp/24295-ERSytoBleed/merged_24295-ERSytoBleed_g23.tif,s3://morphology_profiles/filtered_mp/24295-Ph_golgi/merged_24295-Ph_golgi_g23.tif,s3://morphology_profiles/filtered_mp/24295-Mito/merged_24295-Mito_g23.tif
CC(=O)CC(c1ccccc1)c1c(O)c2ccccc2oc1=O,24295,I13,s3://morphology_profiles/filtered_mp/24295-Hoechst/merged_24295-Hoechst_i13.tif,s3://morphology_profiles/filtered_mp/24295-ERSyto/merged_24295-ERSyto_i13.tif,s3://morphology_profiles/filtered_mp/24295-ERSytoBleed/merged_24295-ERSytoBleed_i13.tif,s3://morphology_profiles/filtered_mp/24295-Ph_golgi/merged_24295-Ph_golgi_i13.tif,s3://morphology_profiles/filtered_mp/24295-Mito/merged_24295-Mito_i13.tif
CC(C)N(CCC(C(=N)O)(c1ccccc1)c1ccccn1)C(C)C,24295,K5,s3://morphology_profiles/filtered_mp/24295-Hoechst/merged_24295-Hoechst_k05.tif,s3://morphology_profiles/filtered_mp/24295-ERSyto/merged_24295-ERSyto_k05.tif,s3://morphology_profiles/filtered_mp/24295-ERSytoBleed/merged_24295-ERSytoBleed_k05.tif,s3://morphology_profiles/filtered_mp/24295-Ph_golgi/merged_24295-Ph_golgi_k05.tif,s3://morphology_profiles/filtered_mp/24295-Mito/merged_24295-Mito_k05.tif
OC(=Nc1ccccc1)OCC(CN1CCCCC1)OC(O)=Nc1ccccc1,24295,K12,s3://morphology_profiles/filtered_mp/24295-Hoechst/merged_24295-Hoechst_k12.tif,s3://morphology_profiles/filtered_mp/24295-ERSyto/merged_24295-ERSyto_k12.tif,s3://morphology_profiles/filtered_mp/24295-ERSytoBleed/merged_24295-ERSytoBleed_k12.tif,s3://morphology_profiles/filtered_mp/24295-Ph_golgi/merged_24295-Ph_golgi_k12.tif,s3://morphology_profiles/filtered_mp/24295-Mito/merged_24295-Mito_k12.tif
CCOC(=O)C1=C(C)NC(C)=C(C(=O)OC)C1c1cccc(Cl)c1Cl,24295,K14,s3://morphology_profiles/filtered_mp/24295-Hoechst/merged_24295-Hoechst_k14.tif,s3://morphology_profiles/filtered_mp/24295-ERSyto/merged_24295-ERSyto_k14.tif,s3://morphology_profiles/filtered_mp/24295-ERSytoBleed/merged_24295-ERSytoBleed_k14.tif,s3://morphology_profiles/filtered_mp/24295-Ph_golgi/merged_24295-Ph_golgi_k14.tif,s3://morphology_profiles/filtered_mp/24295-Mito/merged_24295-Mito_k14.tif
NS(=O)(=O)c1cc2c(cc1Cl)NC(C1CC3C=CC1C3)NS2(=O)=O,24295,N16,s3://morphology_profiles/filtered_mp/24295-Hoechst/merged_24295-Hoechst_n16.tif,s3://morphology_profiles/filtered_mp/24295-ERSyto/merged_24295-ERSyto_n16.tif,s3://morphology_profiles/filtered_mp/24295-ERSytoBleed/merged_24295-ERSytoBleed_n16.tif,s3://morphology_profiles/filtered_mp/24295-Ph_golgi/merged_24295-Ph_golgi_n16.tif,s3://morphology_profiles/filtered_mp/24295-Mito/merged_24295-Mito_n16.tif
C[C@]12CC[C@@H]3c4ccc(O)cc4CC[C@H]3[C@@H]1CC[C@@H]2O,24296,A16,s3://morphology_profiles/filtered_mp/24296-Hoechst/merged_24296-Hoechst_a16.tif,s3://morphology_profiles/filtered_mp/24296-ERSyto/merged_24296-ERSyto_a16.tif,s3://morphology_profiles/filtered_mp/24296-ERSytoBleed/merged_24296-ERSytoBleed_a16.tif,s3://morphology_profiles/filtered_mp/24296-Ph_golgi/merged_24296-Ph_golgi_a16.tif,s3://morphology_profiles/filtered_mp/24296-Mito/merged_24296-Mito_a16.tif
N=c1[nH]c2ccc(OC(F)(F)F)cc2s1,24296,B19,s3://morphology_profiles/filtered_mp/24296-Hoechst/merged_24296-Hoechst_b19.tif,s3://morphology_profiles/filtered_mp/24296-ERSyto/merged_24296-ERSyto_b19.tif,s3://morphology_profiles/filtered_mp/24296-ERSytoBleed/merged_24296-ERSytoBleed_b19.tif,s3://morphology_profiles/filtered_mp/24296-Ph_golgi/merged_24296-Ph_golgi_b19.tif,s3://morphology_profiles/filtered_mp/24296-Mito/merged_24296-Mito_b19.tif
CS(=O)(=O)c1ccc(C2=C(c3ccccc3)C(=O)OC2)cc1,24296,C3,s3://morphology_profiles/filtered_mp/24296-Hoechst/merged_24296-Hoechst_c03.tif,s3://morphology_profiles/filtered_mp/24296-ERSyto/merged_24296-ERSyto_c03.tif,s3://morphology_profiles/filtered_mp/24296-ERSytoBleed/merged_24296-ERSytoBleed_c03.tif,s3://morphology_profiles/filtered_mp/24296-Ph_golgi/merged_24296-Ph_golgi_c03.tif,s3://morphology_profiles/filtered_mp/24296-Mito/merged_24296-Mito_c03.tif
O=c1ccc2ccccc2o1,24296,D7,s3://morphology_profiles/filtered_mp/24296-Hoechst/merged_24296-Hoechst_d07.tif,s3://morphology_profiles/filtered_mp/24296-ERSyto/merged_24296-ERSyto_d07.tif,s3://morphology_profiles/filtered_mp/24296-ERSytoBleed/merged_24296-ERSytoBleed_d07.tif,s3://morphology_profiles/filtered_mp/24296-Ph_golgi/merged_24296-Ph_golgi_d07.tif,s3://morphology_profiles/filtered_mp/24296-Mito/merged_24296-Mito_d07.tif
CC(=O)OCC(=O)[C@H]1CC[C@H]2[C@@H]3CCC4=CC(=O)CC[C@]4(C)[C@H]3CC[C@]12C,24296,D21,s3://morphology_profiles/filtered_mp/24296-Hoechst/merged_24296-Hoechst_d21.tif,s3://morphology_profiles/filtered_mp/24296-ERSyto/merged_24296-ERSyto_d21.tif,s3://morphology_profiles/filtered_mp/24296-ERSytoBleed/merged_24296-ERSytoBleed_d21.tif,s3://morphology_profiles/filtered_mp/24296-Ph_golgi/merged_24296-Ph_golgi_d21.tif,s3://morphology_profiles/filtered_mp/24296-Mito/merged_24296-Mito_d21.tif
CCCCC[C@H](O)/C=C/[C@H]1[C@H](O)CC(=O)[C@@H]1C/C=C\CCCC(=O)O,24296,F4,s3://morphology_profiles/filtered_mp/24296-Hoechst/merged_24296-Hoechst_f04.tif,s3://morphology_profiles/filtered_mp/24296-ERSyto/merged_24296-ERSyto_f04.tif,s3://morphology_profiles/filtered_mp/24296-ERSytoBleed/merged_24296-ERSytoBleed_f04.tif,s3://morphology_profiles/filtered_mp/24296-Ph_golgi/merged_24296-Ph_golgi_f04.tif,s3://morphology_profiles/filtered_mp/24296-Mito/merged_24296-Mito_f04.tif
CC(C)NC(=N)NC(=N)Nc1ccc(Cl)cc1,24296,G15,s3://morphology_profiles/filtered_mp/24296-Hoechst/merged_24296-Hoechst_g15.tif,s3://morphology_profiles/filtered_mp/24296-ERSyto/merged_24296-ERSyto_g15.tif,s3://morphology_profiles/filtered_mp/24296-ERSytoBleed/merged_24296-ERSytoBleed_g15.tif,s3://morphology_profiles/filtered_mp/24296-Ph_golgi/merged_24296-Ph_golgi_g15.tif,s3://morphology_profiles/filtered_mp/24296-Mito/merged_24296-Mito_g15.tif
CCC(O)=NCC[C@@H]1CCc2ccc3c(c21)CCO3,24296,H5,s3://morphology_profiles/filtered_mp/24296-Hoechst/merged_24296-Hoechst_h05.tif,s3://morphology_profiles/filtered_mp/24296-ERSyto/merged_24296-ERSyto_h05.tif,s3://morphology_profiles/filtered_mp/24296-ERSytoBleed/merged_24296-ERSytoBleed_h05.tif,s3://morphology_profiles/filtered_mp/24296-Ph_golgi/merged_24296-Ph_golgi_h05.tif,s3://morphology_profiles/filtered_mp/24296-Mito/merged_24296-Mito_h05.tif
C#C[C@]1(O)CC[C@H]2[C@@H]3CCc4cc(OC)ccc4[C@H]3CC[C@@]21C,24296,J11,s3://morphology_profiles/filtered_mp/24296-Hoechst/merged_24296-Hoechst_j11.tif,s3://morphology_profiles/filtered_mp/24296-ERSyto/merged_24296-ERSyto_j11.tif,s3://morphology_profiles/filtered_mp/24296-ERSytoBleed/merged_24296-ERSytoBleed_j11.tif,s3://morphology_profiles/filtered_mp/24296-Ph_golgi/merged_24296-Ph_golgi_j11.tif,s3://morphology_profiles/filtered_mp/24296-Mito/merged_24296-Mito_j11.tif
Cc1ccc(S(=O)(=O)NC(O)=NN2CCCCCC2)cc1,24296,J15,s3://morphology_profiles/filtered_mp/24296-Hoechst/merged_24296-Hoechst_j15.tif,s3://morphology_profiles/filtered_mp/24296-ERSyto/merged_24296-ERSyto_j15.tif,s3://morphology_profiles/filtered_mp/24296-ERSytoBleed/merged_24296-ERSytoBleed_j15.tif,s3://morphology_profiles/filtered_mp/24296-Ph_golgi/merged_24296-Ph_golgi_j15.tif,s3://morphology_profiles/filtered_mp/24296-Mito/merged_24296-Mito_j15.tif
CCc1cc(C(=N)S)ccn1,24296,L3,s3://morphology_profiles/filtered_mp/24296-Hoechst/merged_24296-Hoechst_l03.tif,s3://morphology_profiles/filtered_mp/24296-ERSyto/merged_24296-ERSyto_l03.tif,s3://morphology_profiles/filtered_mp/24296-ERSytoBleed/merged_24296-ERSytoBleed_l03.tif,s3://morphology_profiles/filtered_mp/24296-Ph_golgi/merged_24296-Ph_golgi_l03.tif,s3://morphology_profiles/filtered_mp/24296-Mito/merged_24296-Mito_l03.tif
C[C@H]1C[C@@H]2[C@H]([C@@H](O)C[C@@]3(C)[C@H]2CC[C@]3(O)C(=O)CO)[C@@]2(C)C=CC(=O)C=C12,24296,M6,s3://morphology_profiles/filtered_mp/24296-Hoechst/merged_24296-Hoechst_m06.tif,s3://morphology_profiles/filtered_mp/24296-ERSyto/merged_24296-ERSyto_m06.tif,s3://morphology_profiles/filtered_mp/24296-ERSytoBleed/merged_24296-ERSytoBleed_m06.tif,s3://morphology_profiles/filtered_mp/24296-Ph_golgi/merged_24296-Ph_golgi_m06.tif,s3://morphology_profiles/filtered_mp/24296-Mito/merged_24296-Mito_m06.tif
CC1=NN(c2ccccc2)C(=O)C1,24296,M8,s3://morphology_profiles/filtered_mp/24296-Hoechst/merged_24296-Hoechst_m08.tif,s3://morphology_profiles/filtered_mp/24296-ERSyto/merged_24296-ERSyto_m08.tif,s3://morphology_profiles/filtered_mp/24296-ERSytoBleed/merged_24296-ERSytoBleed_m08.tif,s3://morphology_profiles/filtered_mp/24296-Ph_golgi/merged_24296-Ph_golgi_m08.tif,s3://morphology_profiles/filtered_mp/24296-Mito/merged_24296-Mito_m08.tif
COC(=O)[C@@H]1[C@H]2C[C@H]3c4[nH]c5ccccc5c4CCN3C[C@@H]2CC[C@@H]1O,24296,M12,s3://morphology_profiles/filtered_mp/24296-Hoechst/merged_24296-Hoechst_m12.tif,s3://morphology_profiles/filtered_mp/24296-ERSyto/merged_24296-ERSyto_m12.tif,s3://morphology_profiles/filtered_mp/24296-ERSytoBleed/merged_24296-ERSytoBleed_m12.tif,s3://morphology_profiles/filtered_mp/24296-Ph_golgi/merged_24296-Ph_golgi_m12.tif,s3://morphology_profiles/filtered_mp/24296-Mito/merged_24296-Mito_m12.tif
CCC1(CC)C(=O)C=CN=C1O,24296,M24,s3://morphology_profiles/filtered_mp/24296-Hoechst/merged_24296-Hoechst_m24.tif,s3://morphology_profiles/filtered_mp/24296-ERSyto/merged_24296-ERSyto_m24.tif,s3://morphology_profiles/filtered_mp/24296-ERSytoBleed/merged_24296-ERSytoBleed_m24.tif,s3://morphology_profiles/filtered_mp/24296-Ph_golgi/merged_24296-Ph_golgi_m24.tif,s3://morphology_profiles/filtered_mp/24296-Mito/merged_24296-Mito_m24.tif
COc1ccc(Cl)cc1C(O)=NCCc1ccc(S(=O)(=O)NC(O)=NC2CCCCC2)cc1,24296,N15,s3://morphology_profiles/filtered_mp/24296-Hoechst/merged_24296-Hoechst_n15.tif,s3://morphology_profiles/filtered_mp/24296-ERSyto/merged_24296-ERSyto_n15.tif,s3://morphology_profiles/filtered_mp/24296-ERSytoBleed/merged_24296-ERSytoBleed_n15.tif,s3://morphology_profiles/filtered_mp/24296-Ph_golgi/merged_24296-Ph_golgi_n15.tif,s3://morphology_profiles/filtered_mp/24296-Mito/merged_24296-Mito_n15.tif
NCc1ccccc1CC(O)=N[C@@H]1C(=O)N2C(C(=O)O)=C(CSc3nnnn3CC(=O)O)CS[C@H]12,24296,O9,s3://morphology_profiles/filtered_mp/24296-Hoechst/merged_24296-Hoechst_o09.tif,s3://morphology_profiles/filtered_mp/24296-ERSyto/merged_24296-ERSyto_o09.tif,s3://morphology_profiles/filtered_mp/24296-ERSytoBleed/merged_24296-ERSytoBleed_o09.tif,s3://morphology_profiles/filtered_mp/24296-Ph_golgi/merged_24296-Ph_golgi_o09.tif,s3://morphology_profiles/filtered_mp/24296-Mito/merged_24296-Mito_o09.tif
CCCCNc1cc(C(=O)O)cc(S(N)(=O)=O)c1Oc1ccccc1,24296,O17,s3://morphology_profiles/filtered_mp/24296-Hoechst/merged_24296-Hoechst_o17.tif,s3://morphology_profiles/filtered_mp/24296-ERSyto/merged_24296-ERSyto_o17.tif,s3://morphology_profiles/filtered_mp/24296-ERSytoBleed/merged_24296-ERSytoBleed_o17.tif,s3://morphology_profiles/filtered_mp/24296-Ph_golgi/merged_24296-Ph_golgi_o17.tif,s3://morphology_profiles/filtered_mp/24296-Mito/merged_24296-Mito_o17.tif
CCOc1ccc(N=C(C)O)cc1,24296,O20,s3://morphology_profiles/filtered_mp/24296-Hoechst/merged_24296-Hoechst_o20.tif,s3://morphology_profiles/filtered_mp/24296-ERSyto/merged_24296-ERSyto_o20.tif,s3://morphology_profiles/filtered_mp/24296-ERSytoBleed/merged_24296-ERSytoBleed_o20.tif,s3://morphology_profiles/filtered_mp/24296-Ph_golgi/merged_24296-Ph_golgi_o20.tif,s3://morphology_profiles/filtered_mp/24296-Mito/merged_24296-Mito_o20.tif
C[C@@H]1C[C@H]2[C@@H]3CCC4=CC(=O)C=C[C@]4(C)[C@@]3(F)[C@@H](O)C[C@]2(C)[C@@]1(O)C(=O)CO,24296,P3,s3://morphology_profiles/filtered_mp/24296-Hoechst/merged_24296-Hoechst_p03.tif,s3://morphology_profiles/filtered_mp/24296-ERSyto/merged_24296-ERSyto_p03.tif,s3://morphology_profiles/filtered_mp/24296-ERSytoBleed/merged_24296-ERSytoBleed_p03.tif,s3://morphology_profiles/filtered_mp/24296-Ph_golgi/merged_24296-Ph_golgi_p03.tif,s3://morphology_profiles/filtered_mp/24296-Mito/merged_24296-Mito_p03.tif
COc1ccc([C@@H]2CC(=O)c3c(O)cc(O[C@@H]4O[C@H](CO[C@@H]5O[C@@H](C)[C@H](O)[C@@H](O)[C@H]5O)[C@@H](O)[C@H](O)[C@H]4O)cc3O2)cc1O,24296,P4,s3://morphology_profiles/filtered_mp/24296-Hoechst/merged_24296-Hoechst_p04.tif,s3://morphology_profiles/filtered_mp/24296-ERSyto/merged_24296-ERSyto_p04.tif,s3://morphology_profiles/filtered_mp/24296-ERSytoBleed/merged_24296-ERSytoBleed_p04.tif,s3://morphology_profiles/filtered_mp/24296-Ph_golgi/merged_24296-Ph_golgi_p04.tif,s3://morphology_profiles/filtered_mp/24296-Mito/merged_24296-Mito_p04.tif
C[C@H]1C[C@H]2[C@@H]3CCC4=CC(=O)C=C[C@]4(C)[C@@]3(F)[C@@H](O)C[C@]2(C)[C@@]1(O)C(=O)CO,24296,P8,s3://morphology_profiles/filtered_mp/24296-Hoechst/merged_24296-Hoechst_p08.tif,s3://morphology_profiles/filtered_mp/24296-ERSyto/merged_24296-ERSyto_p08.tif,s3://morphology_profiles/filtered_mp/24296-ERSytoBleed/merged_24296-ERSytoBleed_p08.tif,s3://morphology_profiles/filtered_mp/24296-Ph_golgi/merged_24296-Ph_golgi_p08.tif,s3://morphology_profiles/filtered_mp/24296-Mito/merged_24296-Mito_p08.tif
OCc1cc(C(O)CNCCCCCCOCCCCc2ccccc2)ccc1O,24297,A9,s3://morphology_profiles/filtered_mp/24297-Hoechst/merged_24297-Hoechst_a09.tif,s3://morphology_profiles/filtered_mp/24297-ERSyto/merged_24297-ERSyto_a09.tif,s3://morphology_profiles/filtered_mp/24297-ERSytoBleed/merged_24297-ERSytoBleed_a09.tif,s3://morphology_profiles/filtered_mp/24297-Ph_golgi/merged_24297-Ph_golgi_a09.tif,s3://morphology_profiles/filtered_mp/24297-Mito/merged_24297-Mito_a09.tif
Cc1cccc(C)c1N=C(O)C1CCCCN1C,24297,A23,s3://morphology_profiles/filtered_mp/24297-Hoechst/merged_24297-Hoechst_a23.tif,s3://morphology_profiles/filtered_mp/24297-ERSyto/merged_24297-ERSyto_a23.tif,s3://morphology_profiles/filtered_mp/24297-ERSytoBleed/merged_24297-ERSytoBleed_a23.tif,s3://morphology_profiles/filtered_mp/24297-Ph_golgi/merged_24297-Ph_golgi_a23.tif,s3://morphology_profiles/filtered_mp/24297-Mito/merged_24297-Mito_a23.tif
COCCc1ccc(OCC(O)CNC(C)C)cc1,24297,B2,s3://morphology_profiles/filtered_mp/24297-Hoechst/merged_24297-Hoechst_b02.tif,s3://morphology_profiles/filtered_mp/24297-ERSyto/merged_24297-ERSyto_b02.tif,s3://morphology_profiles/filtered_mp/24297-ERSytoBleed/merged_24297-ERSytoBleed_b02.tif,s3://morphology_profiles/filtered_mp/24297-Ph_golgi/merged_24297-Ph_golgi_b02.tif,s3://morphology_profiles/filtered_mp/24297-Mito/merged_24297-Mito_b02.tif
COc1cc2nc(N(C)CCCN=C(O)C3CCCO3)[nH]c(=N)c2cc1OC,24297,C24,s3://morphology_profiles/filtered_mp/24297-Hoechst/merged_24297-Hoechst_c24.tif,s3://morphology_profiles/filtered_mp/24297-ERSyto/merged_24297-ERSyto_c24.tif,s3://morphology_profiles/filtered_mp/24297-ERSytoBleed/merged_24297-ERSytoBleed_c24.tif,s3://morphology_profiles/filtered_mp/24297-Ph_golgi/merged_24297-Ph_golgi_c24.tif,s3://morphology_profiles/filtered_mp/24297-Mito/merged_24297-Mito_c24.tif
COc1ccccc1OCCNCC(O)COc1cccc2[nH]c3ccccc3c12,24297,D22,s3://morphology_profiles/filtered_mp/24297-Hoechst/merged_24297-Hoechst_d22.tif,s3://morphology_profiles/filtered_mp/24297-ERSyto/merged_24297-ERSyto_d22.tif,s3://morphology_profiles/filtered_mp/24297-ERSytoBleed/merged_24297-ERSytoBleed_d22.tif,s3://morphology_profiles/filtered_mp/24297-Ph_golgi/merged_24297-Ph_golgi_d22.tif,s3://morphology_profiles/filtered_mp/24297-Mito/merged_24297-Mito_d22.tif
COc1cc2nc(N3CCN(C(=O)C4COc5ccccc5O4)CC3)[nH]c(=N)c2cc1OC,24297,E14,s3://morphology_profiles/filtered_mp/24297-Hoechst/merged_24297-Hoechst_e14.tif,s3://morphology_profiles/filtered_mp/24297-ERSyto/merged_24297-ERSyto_e14.tif,s3://morphology_profiles/filtered_mp/24297-ERSytoBleed/merged_24297-ERSytoBleed_e14.tif,s3://morphology_profiles/filtered_mp/24297-Ph_golgi/merged_24297-Ph_golgi_e14.tif,s3://morphology_profiles/filtered_mp/24297-Mito/merged_24297-Mito_e14.tif
CN1CCCCC1CCN1c2ccccc2Sc2ccc(S(C)=O)cc21,24297,E23,s3://morphology_profiles/filtered_mp/24297-Hoechst/merged_24297-Hoechst_e23.tif,s3://morphology_profiles/filtered_mp/24297-ERSyto/merged_24297-ERSyto_e23.tif,s3://morphology_profiles/filtered_mp/24297-ERSytoBleed/merged_24297-ERSytoBleed_e23.tif,s3://morphology_profiles/filtered_mp/24297-Ph_golgi/merged_24297-Ph_golgi_e23.tif,s3://morphology_profiles/filtered_mp/24297-Mito/merged_24297-Mito_e23.tif
CC(C)Cc1ccc(C(C)C(=O)O)cc1,24297,G5,s3://morphology_profiles/filtered_mp/24297-Hoechst/merged_24297-Hoechst_g05.tif,s3://morphology_profiles/filtered_mp/24297-ERSyto/merged_24297-ERSyto_g05.tif,s3://morphology_profiles/filtered_mp/24297-ERSytoBleed/merged_24297-ERSytoBleed_g05.tif,s3://morphology_profiles/filtered_mp/24297-Ph_golgi/merged_24297-Ph_golgi_g05.tif,s3://morphology_profiles/filtered_mp/24297-Mito/merged_24297-Mito_g05.tif
CN1C(=O)CC(c2ccccc2)C1=O,24297,G8,s3://morphology_profiles/filtered_mp/24297-Hoechst/merged_24297-Hoechst_g08.tif,s3://morphology_profiles/filtered_mp/24297-ERSyto/merged_24297-ERSyto_g08.tif,s3://morphology_profiles/filtered_mp/24297-ERSytoBleed/merged_24297-ERSytoBleed_g08.tif,s3://morphology_profiles/filtered_mp/24297-Ph_golgi/merged_24297-Ph_golgi_g08.tif,s3://morphology_profiles/filtered_mp/24297-Mito/merged_24297-Mito_g08.tif
CC(C)NCC(O)COc1ccc(CC(=N)O)cc1,24297,G23,s3://morphology_profiles/filtered_mp/24297-Hoechst/merged_24297-Hoechst_g23.tif,s3://morphology_profiles/filtered_mp/24297-ERSyto/merged_24297-ERSyto_g23.tif,s3://morphology_profiles/filtered_mp/24297-ERSytoBleed/merged_24297-ERSytoBleed_g23.tif,s3://morphology_profiles/filtered_mp/24297-Ph_golgi/merged_24297-Ph_golgi_g23.tif,s3://morphology_profiles/filtered_mp/24297-Mito/merged_24297-Mito_g23.tif
CC(=O)CC(c1ccccc1)c1c(O)c2ccccc2oc1=O,24297,I13,s3://morphology_profiles/filtered_mp/24297-Hoechst/merged_24297-Hoechst_i13.tif,s3://morphology_profiles/filtered_mp/24297-ERSyto/merged_24297-ERSyto_i13.tif,s3://morphology_profiles/filtered_mp/24297-ERSytoBleed/merged_24297-ERSytoBleed_i13.tif,s3://morphology_profiles/filtered_mp/24297-Ph_golgi/merged_24297-Ph_golgi_i13.tif,s3://morphology_profiles/filtered_mp/24297-Mito/merged_24297-Mito_i13.tif
CC(C)N(CCC(C(=N)O)(c1ccccc1)c1ccccn1)C(C)C,24297,K5,s3://morphology_profiles/filtered_mp/24297-Hoechst/merged_24297-Hoechst_k05.tif,s3://morphology_profiles/filtered_mp/24297-ERSyto/merged_24297-ERSyto_k05.tif,s3://morphology_profiles/filtered_mp/24297-ERSytoBleed/merged_24297-ERSytoBleed_k05.tif,s3://morphology_profiles/filtered_mp/24297-Ph_golgi/merged_24297-Ph_golgi_k05.tif,s3://morphology_profiles/filtered_mp/24297-Mito/merged_24297-Mito_k05.tif
OC(=Nc1ccccc1)OCC(CN1CCCCC1)OC(O)=Nc1ccccc1,24297,K12,s3://morphology_profiles/filtered_mp/24297-Hoechst/merged_24297-Hoechst_k12.tif,s3://morphology_profiles/filtered_mp/24297-ERSyto/merged_24297-ERSyto_k12.tif,s3://morphology_profiles/filtered_mp/24297-ERSytoBleed/merged_24297-ERSytoBleed_k12.tif,s3://morphology_profiles/filtered_mp/24297-Ph_golgi/merged_24297-Ph_golgi_k12.tif,s3://morphology_profiles/filtered_mp/24297-Mito/merged_24297-Mito_k12.tif
CCOC(=O)C1=C(C)NC(C)=C(C(=O)OC)C1c1cccc(Cl)c1Cl,24297,K14,s3://morphology_profiles/filtered_mp/24297-Hoechst/merged_24297-Hoechst_k14.tif,s3://morphology_profiles/filtered_mp/24297-ERSyto/merged_24297-ERSyto_k14.tif,s3://morphology_profiles/filtered_mp/24297-ERSytoBleed/merged_24297-ERSytoBleed_k14.tif,s3://morphology_profiles/filtered_mp/24297-Ph_golgi/merged_24297-Ph_golgi_k14.tif,s3://morphology_profiles/filtered_mp/24297-Mito/merged_24297-Mito_k14.tif
NS(=O)(=O)c1cc2c(cc1Cl)NC(C1CC3C=CC1C3)NS2(=O)=O,24297,N16,s3://morphology_profiles/filtered_mp/24297-Hoechst/merged_24297-Hoechst_n16.tif,s3://morphology_profiles/filtered_mp/24297-ERSyto/merged_24297-ERSyto_n16.tif,s3://morphology_profiles/filtered_mp/24297-ERSytoBleed/merged_24297-ERSytoBleed_n16.tif,s3://morphology_profiles/filtered_mp/24297-Ph_golgi/merged_24297-Ph_golgi_n16.tif,s3://morphology_profiles/filtered_mp/24297-Mito/merged_24297-Mito_n16.tif
OCc1cc(C(O)CNCCCCCCOCCCCc2ccccc2)ccc1O,24300,A9,s3://morphology_profiles/filtered_mp/24300-Hoechst/merged_24300-Hoechst_a09.tif,s3://morphology_profiles/filtered_mp/24300-ERSyto/merged_24300-ERSyto_a09.tif,s3://morphology_profiles/filtered_mp/24300-ERSytoBleed/merged_24300-ERSytoBleed_a09.tif,s3://morphology_profiles/filtered_mp/24300-Ph_golgi/merged_24300-Ph_golgi_a09.tif,s3://morphology_profiles/filtered_mp/24300-Mito/merged_24300-Mito_a09.tif
Cc1cccc(C)c1N=C(O)C1CCCCN1C,24300,A23,s3://morphology_profiles/filtered_mp/24300-Hoechst/merged_24300-Hoechst_a23.tif,s3://morphology_profiles/filtered_mp/24300-ERSyto/merged_24300-ERSyto_a23.tif,s3://morphology_profiles/filtered_mp/24300-ERSytoBleed/merged_24300-ERSytoBleed_a23.tif,s3://morphology_profiles/filtered_mp/24300-Ph_golgi/merged_24300-Ph_golgi_a23.tif,s3://morphology_profiles/filtered_mp/24300-Mito/merged_24300-Mito_a23.tif
COCCc1ccc(OCC(O)CNC(C)C)cc1,24300,B2,s3://morphology_profiles/filtered_mp/24300-Hoechst/merged_24300-Hoechst_b02.tif,s3://morphology_profiles/filtered_mp/24300-ERSyto/merged_24300-ERSyto_b02.tif,s3://morphology_profiles/filtered_mp/24300-ERSytoBleed/merged_24300-ERSytoBleed_b02.tif,s3://morphology_profiles/filtered_mp/24300-Ph_golgi/merged_24300-Ph_golgi_b02.tif,s3://morphology_profiles/filtered_mp/24300-Mito/merged_24300-Mito_b02.tif
COc1cc2nc(N(C)CCCN=C(O)C3CCCO3)[nH]c(=N)c2cc1OC,24300,C24,s3://morphology_profiles/filtered_mp/24300-Hoechst/merged_24300-Hoechst_c24.tif,s3://morphology_profiles/filtered_mp/24300-ERSyto/merged_24300-ERSyto_c24.tif,s3://morphology_profiles/filtered_mp/24300-ERSytoBleed/merged_24300-ERSytoBleed_c24.tif,s3://morphology_profiles/filtered_mp/24300-Ph_golgi/merged_24300-Ph_golgi_c24.tif,s3://morphology_profiles/filtered_mp/24300-Mito/merged_24300-Mito_c24.tif
COc1ccccc1OCCNCC(O)COc1cccc2[nH]c3ccccc3c12,24300,D22,s3://morphology_profiles/filtered_mp/24300-Hoechst/merged_24300-Hoechst_d22.tif,s3://morphology_profiles/filtered_mp/24300-ERSyto/merged_24300-ERSyto_d22.tif,s3://morphology_profiles/filtered_mp/24300-ERSytoBleed/merged_24300-ERSytoBleed_d22.tif,s3://morphology_profiles/filtered_mp/24300-Ph_golgi/merged_24300-Ph_golgi_d22.tif,s3://morphology_profiles/filtered_mp/24300-Mito/merged_24300-Mito_d22.tif
COc1cc2nc(N3CCN(C(=O)C4COc5ccccc5O4)CC3)[nH]c(=N)c2cc1OC,24300,E14,s3://morphology_profiles/filtered_mp/24300-Hoechst/merged_24300-Hoechst_e14.tif,s3://morphology_profiles/filtered_mp/24300-ERSyto/merged_24300-ERSyto_e14.tif,s3://morphology_profiles/filtered_mp/24300-ERSytoBleed/merged_24300-ERSytoBleed_e14.tif,s3://morphology_profiles/filtered_mp/24300-Ph_golgi/merged_24300-Ph_golgi_e14.tif,s3://morphology_profiles/filtered_mp/24300-Mito/merged_24300-Mito_e14.tif
CN1CCCCC1CCN1c2ccccc2Sc2ccc(S(C)=O)cc21,24300,E23,s3://morphology_profiles/filtered_mp/24300-Hoechst/merged_24300-Hoechst_e23.tif,s3://morphology_profiles/filtered_mp/24300-ERSyto/merged_24300-ERSyto_e23.tif,s3://morphology_profiles/filtered_mp/24300-ERSytoBleed/merged_24300-ERSytoBleed_e23.tif,s3://morphology_profiles/filtered_mp/24300-Ph_golgi/merged_24300-Ph_golgi_e23.tif,s3://morphology_profiles/filtered_mp/24300-Mito/merged_24300-Mito_e23.tif
CC(C)Cc1ccc(C(C)C(=O)O)cc1,24300,G5,s3://morphology_profiles/filtered_mp/24300-Hoechst/merged_24300-Hoechst_g05.tif,s3://morphology_profiles/filtered_mp/24300-ERSyto/merged_24300-ERSyto_g05.tif,s3://morphology_profiles/filtered_mp/24300-ERSytoBleed/merged_24300-ERSytoBleed_g05.tif,s3://morphology_profiles/filtered_mp/24300-Ph_golgi/merged_24300-Ph_golgi_g05.tif,s3://morphology_profiles/filtered_mp/24300-Mito/merged_24300-Mito_g05.tif
CN1C(=O)CC(c2ccccc2)C1=O,24300,G8,s3://morphology_profiles/filtered_mp/24300-Hoechst/merged_24300-Hoechst_g08.tif,s3://morphology_profiles/filtered_mp/24300-ERSyto/merged_24300-ERSyto_g08.tif,s3://morphology_profiles/filtered_mp/24300-ERSytoBleed/merged_24300-ERSytoBleed_g08.tif,s3://morphology_profiles/filtered_mp/24300-Ph_golgi/merged_24300-Ph_golgi_g08.tif,s3://morphology_profiles/filtered_mp/24300-Mito/merged_24300-Mito_g08.tif
CC(C)NCC(O)COc1ccc(CC(=N)O)cc1,24300,G23,s3://morphology_profiles/filtered_mp/24300-Hoechst/merged_24300-Hoechst_g23.tif,s3://morphology_profiles/filtered_mp/24300-ERSyto/merged_24300-ERSyto_g23.tif,s3://morphology_profiles/filtered_mp/24300-ERSytoBleed/merged_24300-ERSytoBleed_g23.tif,s3://morphology_profiles/filtered_mp/24300-Ph_golgi/merged_24300-Ph_golgi_g23.tif,s3://morphology_profiles/filtered_mp/24300-Mito/merged_24300-Mito_g23.tif
CC(=O)CC(c1ccccc1)c1c(O)c2ccccc2oc1=O,24300,I13,s3://morphology_profiles/filtered_mp/24300-Hoechst/merged_24300-Hoechst_i13.tif,s3://morphology_profiles/filtered_mp/24300-ERSyto/merged_24300-ERSyto_i13.tif,s3://morphology_profiles/filtered_mp/24300-ERSytoBleed/merged_24300-ERSytoBleed_i13.tif,s3://morphology_profiles/filtered_mp/24300-Ph_golgi/merged_24300-Ph_golgi_i13.tif,s3://morphology_profiles/filtered_mp/24300-Mito/merged_24300-Mito_i13.tif
CC(C)N(CCC(C(=N)O)(c1ccccc1)c1ccccn1)C(C)C,24300,K5,s3://morphology_profiles/filtered_mp/24300-Hoechst/merged_24300-Hoechst_k05.tif,s3://morphology_profiles/filtered_mp/24300-ERSyto/merged_24300-ERSyto_k05.tif,s3://morphology_profiles/filtered_mp/24300-ERSytoBleed/merged_24300-ERSytoBleed_k05.tif,s3://morphology_profiles/filtered_mp/24300-Ph_golgi/merged_24300-Ph_golgi_k05.tif,s3://morphology_profiles/filtered_mp/24300-Mito/merged_24300-Mito_k05.tif
OC(=Nc1ccccc1)OCC(CN1CCCCC1)OC(O)=Nc1ccccc1,24300,K12,s3://morphology_profiles/filtered_mp/24300-Hoechst/merged_24300-Hoechst_k12.tif,s3://morphology_profiles/filtered_mp/24300-ERSyto/merged_24300-ERSyto_k12.tif,s3://morphology_profiles/filtered_mp/24300-ERSytoBleed/merged_24300-ERSytoBleed_k12.tif,s3://morphology_profiles/filtered_mp/24300-Ph_golgi/merged_24300-Ph_golgi_k12.tif,s3://morphology_profiles/filtered_mp/24300-Mito/merged_24300-Mito_k12.tif
CCOC(=O)C1=C(C)NC(C)=C(C(=O)OC)C1c1cccc(Cl)c1Cl,24300,K14,s3://morphology_profiles/filtered_mp/24300-Hoechst/merged_24300-Hoechst_k14.tif,s3://morphology_profiles/filtered_mp/24300-ERSyto/merged_24300-ERSyto_k14.tif,s3://morphology_profiles/filtered_mp/24300-ERSytoBleed/merged_24300-ERSytoBleed_k14.tif,s3://morphology_profiles/filtered_mp/24300-Ph_golgi/merged_24300-Ph_golgi_k14.tif,s3://morphology_profiles/filtered_mp/24300-Mito/merged_24300-Mito_k14.tif
NS(=O)(=O)c1cc2c(cc1Cl)NC(C1CC3C=CC1C3)NS2(=O)=O,24300,N16,s3://morphology_profiles/filtered_mp/24300-Hoechst/merged_24300-Hoechst_n16.tif,s3://morphology_profiles/filtered_mp/24300-ERSyto/merged_24300-ERSyto_n16.tif,s3://morphology_profiles/filtered_mp/24300-ERSytoBleed/merged_24300-ERSytoBleed_n16.tif,s3://morphology_profiles/filtered_mp/24300-Ph_golgi/merged_24300-Ph_golgi_n16.tif,s3://morphology_profiles/filtered_mp/24300-Mito/merged_24300-Mito_n16.tif
Oc1ccc(C2CNCCc3c2cc(O)c(O)c3Cl)cc1,24301,B12,s3://morphology_profiles/filtered_mp/24301-Hoechst/merged_24301-Hoechst_b12.tif,s3://morphology_profiles/filtered_mp/24301-ERSyto/merged_24301-ERSyto_b12.tif,s3://morphology_profiles/filtered_mp/24301-ERSytoBleed/merged_24301-ERSytoBleed_b12.tif,s3://morphology_profiles/filtered_mp/24301-Ph_golgi/merged_24301-Ph_golgi_b12.tif,s3://morphology_profiles/filtered_mp/24301-Mito/merged_24301-Mito_b12.tif
COCCOC(=O)C1=C(C)NC(C)=C(C(=O)OC(C)C)C1c1cccc([N+](=O)[O-])c1,24301,D20,s3://morphology_profiles/filtered_mp/24301-Hoechst/merged_24301-Hoechst_d20.tif,s3://morphology_profiles/filtered_mp/24301-ERSyto/merged_24301-ERSyto_d20.tif,s3://morphology_profiles/filtered_mp/24301-ERSytoBleed/merged_24301-ERSytoBleed_d20.tif,s3://morphology_profiles/filtered_mp/24301-Ph_golgi/merged_24301-Ph_golgi_d20.tif,s3://morphology_profiles/filtered_mp/24301-Mito/merged_24301-Mito_d20.tif
CCC1N=C(O)c2cc(S(N)(=O)=O)c(Cl)cc2N1,24301,E3,s3://morphology_profiles/filtered_mp/24301-Hoechst/merged_24301-Hoechst_e03.tif,s3://morphology_profiles/filtered_mp/24301-ERSyto/merged_24301-ERSyto_e03.tif,s3://morphology_profiles/filtered_mp/24301-ERSytoBleed/merged_24301-ERSytoBleed_e03.tif,s3://morphology_profiles/filtered_mp/24301-Ph_golgi/merged_24301-Ph_golgi_e03.tif,s3://morphology_profiles/filtered_mp/24301-Mito/merged_24301-Mito_e03.tif
CCN1CCCC1CN=C(O)c1cc(S(=O)(=O)CC)c(N)cc1OC,24301,E6,s3://morphology_profiles/filtered_mp/24301-Hoechst/merged_24301-Hoechst_e06.tif,s3://morphology_profiles/filtered_mp/24301-ERSyto/merged_24301-ERSyto_e06.tif,s3://morphology_profiles/filtered_mp/24301-ERSytoBleed/merged_24301-ERSytoBleed_e06.tif,s3://morphology_profiles/filtered_mp/24301-Ph_golgi/merged_24301-Ph_golgi_e06.tif,s3://morphology_profiles/filtered_mp/24301-Mito/merged_24301-Mito_e06.tif
CN1CCN2c3ncccc3Cc3ccccc3C2C1,24301,G6,s3://morphology_profiles/filtered_mp/24301-Hoechst/merged_24301-Hoechst_g06.tif,s3://morphology_profiles/filtered_mp/24301-ERSyto/merged_24301-ERSyto_g06.tif,s3://morphology_profiles/filtered_mp/24301-ERSytoBleed/merged_24301-ERSytoBleed_g06.tif,s3://morphology_profiles/filtered_mp/24301-Ph_golgi/merged_24301-Ph_golgi_g06.tif,s3://morphology_profiles/filtered_mp/24301-Mito/merged_24301-Mito_g06.tif
CCN(CC)CC#CCOC(=O)C(O)(c1ccccc1)C1CCCCC1,24301,G7,s3://morphology_profiles/filtered_mp/24301-Hoechst/merged_24301-Hoechst_g07.tif,s3://morphology_profiles/filtered_mp/24301-ERSyto/merged_24301-ERSyto_g07.tif,s3://morphology_profiles/filtered_mp/24301-ERSytoBleed/merged_24301-ERSytoBleed_g07.tif,s3://morphology_profiles/filtered_mp/24301-Ph_golgi/merged_24301-Ph_golgi_g07.tif,s3://morphology_profiles/filtered_mp/24301-Mito/merged_24301-Mito_g07.tif
CC(=O)CC(c1ccc([N+](=O)[O-])cc1)c1c(O)c2ccccc2oc1=O,24301,G8,s3://morphology_profiles/filtered_mp/24301-Hoechst/merged_24301-Hoechst_g08.tif,s3://morphology_profiles/filtered_mp/24301-ERSyto/merged_24301-ERSyto_g08.tif,s3://morphology_profiles/filtered_mp/24301-ERSytoBleed/merged_24301-ERSytoBleed_g08.tif,s3://morphology_profiles/filtered_mp/24301-Ph_golgi/merged_24301-Ph_golgi_g08.tif,s3://morphology_profiles/filtered_mp/24301-Mito/merged_24301-Mito_g08.tif
CCc1c(C)[nH]c2c1C(=O)C(CN1CCOCC1)CC2,24301,G11,s3://morphology_profiles/filtered_mp/24301-Hoechst/merged_24301-Hoechst_g11.tif,s3://morphology_profiles/filtered_mp/24301-ERSyto/merged_24301-ERSyto_g11.tif,s3://morphology_profiles/filtered_mp/24301-ERSytoBleed/merged_24301-ERSytoBleed_g11.tif,s3://morphology_profiles/filtered_mp/24301-Ph_golgi/merged_24301-Ph_golgi_g11.tif,s3://morphology_profiles/filtered_mp/24301-Mito/merged_24301-Mito_g11.tif
Cc1ncc([N+](=O)[O-])n1CC(C)O,24301,H23,s3://morphology_profiles/filtered_mp/24301-Hoechst/merged_24301-Hoechst_h23.tif,s3://morphology_profiles/filtered_mp/24301-ERSyto/merged_24301-ERSyto_h23.tif,s3://morphology_profiles/filtered_mp/24301-ERSytoBleed/merged_24301-ERSytoBleed_h23.tif,s3://morphology_profiles/filtered_mp/24301-Ph_golgi/merged_24301-Ph_golgi_h23.tif,s3://morphology_profiles/filtered_mp/24301-Mito/merged_24301-Mito_h23.tif
COc1c(N2CCNC(C)C2)c(F)cc2c(=O)c(C(=O)O)cn(C3CC3)c12,24301,J7,s3://morphology_profiles/filtered_mp/24301-Hoechst/merged_24301-Hoechst_j07.tif,s3://morphology_profiles/filtered_mp/24301-ERSyto/merged_24301-ERSyto_j07.tif,s3://morphology_profiles/filtered_mp/24301-ERSytoBleed/merged_24301-ERSytoBleed_j07.tif,s3://morphology_profiles/filtered_mp/24301-Ph_golgi/merged_24301-Ph_golgi_j07.tif,s3://morphology_profiles/filtered_mp/24301-Mito/merged_24301-Mito_j07.tif
CCC1(c2ccccc2)N=C(O)N(C)C1=O,24301,M7,s3://morphology_profiles/filtered_mp/24301-Hoechst/merged_24301-Hoechst_m07.tif,s3://morphology_profiles/filtered_mp/24301-ERSyto/merged_24301-ERSyto_m07.tif,s3://morphology_profiles/filtered_mp/24301-ERSytoBleed/merged_24301-ERSytoBleed_m07.tif,s3://morphology_profiles/filtered_mp/24301-Ph_golgi/merged_24301-Ph_golgi_m07.tif,s3://morphology_profiles/filtered_mp/24301-Mito/merged_24301-Mito_m07.tif
CC(C)(C)NCC(O)c1ccc(O)c(CO)c1,24301,N11,s3://morphology_profiles/filtered_mp/24301-Hoechst/merged_24301-Hoechst_n11.tif,s3://morphology_profiles/filtered_mp/24301-ERSyto/merged_24301-ERSyto_n11.tif,s3://morphology_profiles/filtered_mp/24301-ERSytoBleed/merged_24301-ERSytoBleed_n11.tif,s3://morphology_profiles/filtered_mp/24301-Ph_golgi/merged_24301-Ph_golgi_n11.tif,s3://morphology_profiles/filtered_mp/24301-Mito/merged_24301-Mito_n11.tif
O=C1N=C(O)CCC1N1C(=O)c2ccccc2C1=O,24301,O20,s3://morphology_profiles/filtered_mp/24301-Hoechst/merged_24301-Hoechst_o20.tif,s3://morphology_profiles/filtered_mp/24301-ERSyto/merged_24301-ERSyto_o20.tif,s3://morphology_profiles/filtered_mp/24301-ERSytoBleed/merged_24301-ERSytoBleed_o20.tif,s3://morphology_profiles/filtered_mp/24301-Ph_golgi/merged_24301-Ph_golgi_o20.tif,s3://morphology_profiles/filtered_mp/24301-Mito/merged_24301-Mito_o20.tif
Cc1cc(C)cc(OCC2CN=C(O)O2)c1,24301,P10,s3://morphology_profiles/filtered_mp/24301-Hoechst/merged_24301-Hoechst_p10.tif,s3://morphology_profiles/filtered_mp/24301-ERSyto/merged_24301-ERSyto_p10.tif,s3://morphology_profiles/filtered_mp/24301-ERSytoBleed/merged_24301-ERSytoBleed_p10.tif,s3://morphology_profiles/filtered_mp/24301-Ph_golgi/merged_24301-Ph_golgi_p10.tif,s3://morphology_profiles/filtered_mp/24301-Mito/merged_24301-Mito_p10.tif
Clc1ccc(C(Cn2ccnc2)OCc2csc3c(Cl)cccc23)c(Cl)c1,24301,P19,s3://morphology_profiles/filtered_mp/24301-Hoechst/merged_24301-Hoechst_p19.tif,s3://morphology_profiles/filtered_mp/24301-ERSyto/merged_24301-ERSyto_p19.tif,s3://morphology_profiles/filtered_mp/24301-ERSytoBleed/merged_24301-ERSytoBleed_p19.tif,s3://morphology_profiles/filtered_mp/24301-Ph_golgi/merged_24301-Ph_golgi_p19.tif,s3://morphology_profiles/filtered_mp/24301-Mito/merged_24301-Mito_p19.tif
Oc1ccc(C2CNCCc3c2cc(O)c(O)c3Cl)cc1,24302,B12,s3://morphology_profiles/filtered_mp/24302-Hoechst/merged_24302-Hoechst_b12.tif,s3://morphology_profiles/filtered_mp/24302-ERSyto/merged_24302-ERSyto_b12.tif,s3://morphology_profiles/filtered_mp/24302-ERSytoBleed/merged_24302-ERSytoBleed_b12.tif,s3://morphology_profiles/filtered_mp/24302-Ph_golgi/merged_24302-Ph_golgi_b12.tif,s3://morphology_profiles/filtered_mp/24302-Mito/merged_24302-Mito_b12.tif
COCCOC(=O)C1=C(C)NC(C)=C(C(=O)OC(C)C)C1c1cccc([N+](=O)[O-])c1,24302,D20,s3://morphology_profiles/filtered_mp/24302-Hoechst/merged_24302-Hoechst_d20.tif,s3://morphology_profiles/filtered_mp/24302-ERSyto/merged_24302-ERSyto_d20.tif,s3://morphology_profiles/filtered_mp/24302-ERSytoBleed/merged_24302-ERSytoBleed_d20.tif,s3://morphology_profiles/filtered_mp/24302-Ph_golgi/merged_24302-Ph_golgi_d20.tif,s3://morphology_profiles/filtered_mp/24302-Mito/merged_24302-Mito_d20.tif
CCC1N=C(O)c2cc(S(N)(=O)=O)c(Cl)cc2N1,24302,E3,s3://morphology_profiles/filtered_mp/24302-Hoechst/merged_24302-Hoechst_e03.tif,s3://morphology_profiles/filtered_mp/24302-ERSyto/merged_24302-ERSyto_e03.tif,s3://morphology_profiles/filtered_mp/24302-ERSytoBleed/merged_24302-ERSytoBleed_e03.tif,s3://morphology_profiles/filtered_mp/24302-Ph_golgi/merged_24302-Ph_golgi_e03.tif,s3://morphology_profiles/filtered_mp/24302-Mito/merged_24302-Mito_e03.tif
CCN1CCCC1CN=C(O)c1cc(S(=O)(=O)CC)c(N)cc1OC,24302,E6,s3://morphology_profiles/filtered_mp/24302-Hoechst/merged_24302-Hoechst_e06.tif,s3://morphology_profiles/filtered_mp/24302-ERSyto/merged_24302-ERSyto_e06.tif,s3://morphology_profiles/filtered_mp/24302-ERSytoBleed/merged_24302-ERSytoBleed_e06.tif,s3://morphology_profiles/filtered_mp/24302-Ph_golgi/merged_24302-Ph_golgi_e06.tif,s3://morphology_profiles/filtered_mp/24302-Mito/merged_24302-Mito_e06.tif
CN1CCN2c3ncccc3Cc3ccccc3C2C1,24302,G6,s3://morphology_profiles/filtered_mp/24302-Hoechst/merged_24302-Hoechst_g06.tif,s3://morphology_profiles/filtered_mp/24302-ERSyto/merged_24302-ERSyto_g06.tif,s3://morphology_profiles/filtered_mp/24302-ERSytoBleed/merged_24302-ERSytoBleed_g06.tif,s3://morphology_profiles/filtered_mp/24302-Ph_golgi/merged_24302-Ph_golgi_g06.tif,s3://morphology_profiles/filtered_mp/24302-Mito/merged_24302-Mito_g06.tif
CCN(CC)CC#CCOC(=O)C(O)(c1ccccc1)C1CCCCC1,24302,G7,s3://morphology_profiles/filtered_mp/24302-Hoechst/merged_24302-Hoechst_g07.tif,s3://morphology_profiles/filtered_mp/24302-ERSyto/merged_24302-ERSyto_g07.tif,s3://morphology_profiles/filtered_mp/24302-ERSytoBleed/merged_24302-ERSytoBleed_g07.tif,s3://morphology_profiles/filtered_mp/24302-Ph_golgi/merged_24302-Ph_golgi_g07.tif,s3://morphology_profiles/filtered_mp/24302-Mito/merged_24302-Mito_g07.tif
CC(=O)CC(c1ccc([N+](=O)[O-])cc1)c1c(O)c2ccccc2oc1=O,24302,G8,s3://morphology_profiles/filtered_mp/24302-Hoechst/merged_24302-Hoechst_g08.tif,s3://morphology_profiles/filtered_mp/24302-ERSyto/merged_24302-ERSyto_g08.tif,s3://morphology_profiles/filtered_mp/24302-ERSytoBleed/merged_24302-ERSytoBleed_g08.tif,s3://morphology_profiles/filtered_mp/24302-Ph_golgi/merged_24302-Ph_golgi_g08.tif,s3://morphology_profiles/filtered_mp/24302-Mito/merged_24302-Mito_g08.tif
CCc1c(C)[nH]c2c1C(=O)C(CN1CCOCC1)CC2,24302,G11,s3://morphology_profiles/filtered_mp/24302-Hoechst/merged_24302-Hoechst_g11.tif,s3://morphology_profiles/filtered_mp/24302-ERSyto/merged_24302-ERSyto_g11.tif,s3://morphology_profiles/filtered_mp/24302-ERSytoBleed/merged_24302-ERSytoBleed_g11.tif,s3://morphology_profiles/filtered_mp/24302-Ph_golgi/merged_24302-Ph_golgi_g11.tif,s3://morphology_profiles/filtered_mp/24302-Mito/merged_24302-Mito_g11.tif
Cc1ncc([N+](=O)[O-])n1CC(C)O,24302,H23,s3://morphology_profiles/filtered_mp/24302-Hoechst/merged_24302-Hoechst_h23.tif,s3://morphology_profiles/filtered_mp/24302-ERSyto/merged_24302-ERSyto_h23.tif,s3://morphology_profiles/filtered_mp/24302-ERSytoBleed/merged_24302-ERSytoBleed_h23.tif,s3://morphology_profiles/filtered_mp/24302-Ph_golgi/merged_24302-Ph_golgi_h23.tif,s3://morphology_profiles/filtered_mp/24302-Mito/merged_24302-Mito_h23.tif
COc1c(N2CCNC(C)C2)c(F)cc2c(=O)c(C(=O)O)cn(C3CC3)c12,24302,J7,s3://morphology_profiles/filtered_mp/24302-Hoechst/merged_24302-Hoechst_j07.tif,s3://morphology_profiles/filtered_mp/24302-ERSyto/merged_24302-ERSyto_j07.tif,s3://morphology_profiles/filtered_mp/24302-ERSytoBleed/merged_24302-ERSytoBleed_j07.tif,s3://morphology_profiles/filtered_mp/24302-Ph_golgi/merged_24302-Ph_golgi_j07.tif,s3://morphology_profiles/filtered_mp/24302-Mito/merged_24302-Mito_j07.tif
CCC1(c2ccccc2)N=C(O)N(C)C1=O,24302,M7,s3://morphology_profiles/filtered_mp/24302-Hoechst/merged_24302-Hoechst_m07.tif,s3://morphology_profiles/filtered_mp/24302-ERSyto/merged_24302-ERSyto_m07.tif,s3://morphology_profiles/filtered_mp/24302-ERSytoBleed/merged_24302-ERSytoBleed_m07.tif,s3://morphology_profiles/filtered_mp/24302-Ph_golgi/merged_24302-Ph_golgi_m07.tif,s3://morphology_profiles/filtered_mp/24302-Mito/merged_24302-Mito_m07.tif
CC(C)(C)NCC(O)c1ccc(O)c(CO)c1,24302,N11,s3://morphology_profiles/filtered_mp/24302-Hoechst/merged_24302-Hoechst_n11.tif,s3://morphology_profiles/filtered_mp/24302-ERSyto/merged_24302-ERSyto_n11.tif,s3://morphology_profiles/filtered_mp/24302-ERSytoBleed/merged_24302-ERSytoBleed_n11.tif,s3://morphology_profiles/filtered_mp/24302-Ph_golgi/merged_24302-Ph_golgi_n11.tif,s3://morphology_profiles/filtered_mp/24302-Mito/merged_24302-Mito_n11.tif
O=C1N=C(O)CCC1N1C(=O)c2ccccc2C1=O,24302,O20,s3://morphology_profiles/filtered_mp/24302-Hoechst/merged_24302-Hoechst_o20.tif,s3://morphology_profiles/filtered_mp/24302-ERSyto/merged_24302-ERSyto_o20.tif,s3://morphology_profiles/filtered_mp/24302-ERSytoBleed/merged_24302-ERSytoBleed_o20.tif,s3://morphology_profiles/filtered_mp/24302-Ph_golgi/merged_24302-Ph_golgi_o20.tif,s3://morphology_profiles/filtered_mp/24302-Mito/merged_24302-Mito_o20.tif
Cc1cc(C)cc(OCC2CN=C(O)O2)c1,24302,P10,s3://morphology_profiles/filtered_mp/24302-Hoechst/merged_24302-Hoechst_p10.tif,s3://morphology_profiles/filtered_mp/24302-ERSyto/merged_24302-ERSyto_p10.tif,s3://morphology_profiles/filtered_mp/24302-ERSytoBleed/merged_24302-ERSytoBleed_p10.tif,s3://morphology_profiles/filtered_mp/24302-Ph_golgi/merged_24302-Ph_golgi_p10.tif,s3://morphology_profiles/filtered_mp/24302-Mito/merged_24302-Mito_p10.tif
Clc1ccc(C(Cn2ccnc2)OCc2csc3c(Cl)cccc23)c(Cl)c1,24302,P19,s3://morphology_profiles/filtered_mp/24302-Hoechst/merged_24302-Hoechst_p19.tif,s3://morphology_profiles/filtered_mp/24302-ERSyto/merged_24302-ERSyto_p19.tif,s3://morphology_profiles/filtered_mp/24302-ERSytoBleed/merged_24302-ERSytoBleed_p19.tif,s3://morphology_profiles/filtered_mp/24302-Ph_golgi/merged_24302-Ph_golgi_p19.tif,s3://morphology_profiles/filtered_mp/24302-Mito/merged_24302-Mito_p19.tif
Oc1ccc(C2CNCCc3c2cc(O)c(O)c3Cl)cc1,24303,B12,s3://morphology_profiles/filtered_mp/24303-Hoechst/merged_24303-Hoechst_b12.tif,s3://morphology_profiles/filtered_mp/24303-ERSyto/merged_24303-ERSyto_b12.tif,s3://morphology_profiles/filtered_mp/24303-ERSytoBleed/merged_24303-ERSytoBleed_b12.tif,s3://morphology_profiles/filtered_mp/24303-Ph_golgi/merged_24303-Ph_golgi_b12.tif,s3://morphology_profiles/filtered_mp/24303-Mito/merged_24303-Mito_b12.tif
COCCOC(=O)C1=C(C)NC(C)=C(C(=O)OC(C)C)C1c1cccc([N+](=O)[O-])c1,24303,D20,s3://morphology_profiles/filtered_mp/24303-Hoechst/merged_24303-Hoechst_d20.tif,s3://morphology_profiles/filtered_mp/24303-ERSyto/merged_24303-ERSyto_d20.tif,s3://morphology_profiles/filtered_mp/24303-ERSytoBleed/merged_24303-ERSytoBleed_d20.tif,s3://morphology_profiles/filtered_mp/24303-Ph_golgi/merged_24303-Ph_golgi_d20.tif,s3://morphology_profiles/filtered_mp/24303-Mito/merged_24303-Mito_d20.tif
CCC1N=C(O)c2cc(S(N)(=O)=O)c(Cl)cc2N1,24303,E3,s3://morphology_profiles/filtered_mp/24303-Hoechst/merged_24303-Hoechst_e03.tif,s3://morphology_profiles/filtered_mp/24303-ERSyto/merged_24303-ERSyto_e03.tif,s3://morphology_profiles/filtered_mp/24303-ERSytoBleed/merged_24303-ERSytoBleed_e03.tif,s3://morphology_profiles/filtered_mp/24303-Ph_golgi/merged_24303-Ph_golgi_e03.tif,s3://morphology_profiles/filtered_mp/24303-Mito/merged_24303-Mito_e03.tif
CCN1CCCC1CN=C(O)c1cc(S(=O)(=O)CC)c(N)cc1OC,24303,E6,s3://morphology_profiles/filtered_mp/24303-Hoechst/merged_24303-Hoechst_e06.tif,s3://morphology_profiles/filtered_mp/24303-ERSyto/merged_24303-ERSyto_e06.tif,s3://morphology_profiles/filtered_mp/24303-ERSytoBleed/merged_24303-ERSytoBleed_e06.tif,s3://morphology_profiles/filtered_mp/24303-Ph_golgi/merged_24303-Ph_golgi_e06.tif,s3://morphology_profiles/filtered_mp/24303-Mito/merged_24303-Mito_e06.tif
CN1CCN2c3ncccc3Cc3ccccc3C2C1,24303,G6,s3://morphology_profiles/filtered_mp/24303-Hoechst/merged_24303-Hoechst_g06.tif,s3://morphology_profiles/filtered_mp/24303-ERSyto/merged_24303-ERSyto_g06.tif,s3://morphology_profiles/filtered_mp/24303-ERSytoBleed/merged_24303-ERSytoBleed_g06.tif,s3://morphology_profiles/filtered_mp/24303-Ph_golgi/merged_24303-Ph_golgi_g06.tif,s3://morphology_profiles/filtered_mp/24303-Mito/merged_24303-Mito_g06.tif
CCN(CC)CC#CCOC(=O)C(O)(c1ccccc1)C1CCCCC1,24303,G7,s3://morphology_profiles/filtered_mp/24303-Hoechst/merged_24303-Hoechst_g07.tif,s3://morphology_profiles/filtered_mp/24303-ERSyto/merged_24303-ERSyto_g07.tif,s3://morphology_profiles/filtered_mp/24303-ERSytoBleed/merged_24303-ERSytoBleed_g07.tif,s3://morphology_profiles/filtered_mp/24303-Ph_golgi/merged_24303-Ph_golgi_g07.tif,s3://morphology_profiles/filtered_mp/24303-Mito/merged_24303-Mito_g07.tif
CC(=O)CC(c1ccc([N+](=O)[O-])cc1)c1c(O)c2ccccc2oc1=O,24303,G8,s3://morphology_profiles/filtered_mp/24303-Hoechst/merged_24303-Hoechst_g08.tif,s3://morphology_profiles/filtered_mp/24303-ERSyto/merged_24303-ERSyto_g08.tif,s3://morphology_profiles/filtered_mp/24303-ERSytoBleed/merged_24303-ERSytoBleed_g08.tif,s3://morphology_profiles/filtered_mp/24303-Ph_golgi/merged_24303-Ph_golgi_g08.tif,s3://morphology_profiles/filtered_mp/24303-Mito/merged_24303-Mito_g08.tif
CCc1c(C)[nH]c2c1C(=O)C(CN1CCOCC1)CC2,24303,G11,s3://morphology_profiles/filtered_mp/24303-Hoechst/merged_24303-Hoechst_g11.tif,s3://morphology_profiles/filtered_mp/24303-ERSyto/merged_24303-ERSyto_g11.tif,s3://morphology_profiles/filtered_mp/24303-ERSytoBleed/merged_24303-ERSytoBleed_g11.tif,s3://morphology_profiles/filtered_mp/24303-Ph_golgi/merged_24303-Ph_golgi_g11.tif,s3://morphology_profiles/filtered_mp/24303-Mito/merged_24303-Mito_g11.tif
Cc1ncc([N+](=O)[O-])n1CC(C)O,24303,H23,s3://morphology_profiles/filtered_mp/24303-Hoechst/merged_24303-Hoechst_h23.tif,s3://morphology_profiles/filtered_mp/24303-ERSyto/merged_24303-ERSyto_h23.tif,s3://morphology_profiles/filtered_mp/24303-ERSytoBleed/merged_24303-ERSytoBleed_h23.tif,s3://morphology_profiles/filtered_mp/24303-Ph_golgi/merged_24303-Ph_golgi_h23.tif,s3://morphology_profiles/filtered_mp/24303-Mito/merged_24303-Mito_h23.tif
COc1c(N2CCNC(C)C2)c(F)cc2c(=O)c(C(=O)O)cn(C3CC3)c12,24303,J7,s3://morphology_profiles/filtered_mp/24303-Hoechst/merged_24303-Hoechst_j07.tif,s3://morphology_profiles/filtered_mp/24303-ERSyto/merged_24303-ERSyto_j07.tif,s3://morphology_profiles/filtered_mp/24303-ERSytoBleed/merged_24303-ERSytoBleed_j07.tif,s3://morphology_profiles/filtered_mp/24303-Ph_golgi/merged_24303-Ph_golgi_j07.tif,s3://morphology_profiles/filtered_mp/24303-Mito/merged_24303-Mito_j07.tif
CCC1(c2ccccc2)N=C(O)N(C)C1=O,24303,M7,s3://morphology_profiles/filtered_mp/24303-Hoechst/merged_24303-Hoechst_m07.tif,s3://morphology_profiles/filtered_mp/24303-ERSyto/merged_24303-ERSyto_m07.tif,s3://morphology_profiles/filtered_mp/24303-ERSytoBleed/merged_24303-ERSytoBleed_m07.tif,s3://morphology_profiles/filtered_mp/24303-Ph_golgi/merged_24303-Ph_golgi_m07.tif,s3://morphology_profiles/filtered_mp/24303-Mito/merged_24303-Mito_m07.tif
CC(C)(C)NCC(O)c1ccc(O)c(CO)c1,24303,N11,s3://morphology_profiles/filtered_mp/24303-Hoechst/merged_24303-Hoechst_n11.tif,s3://morphology_profiles/filtered_mp/24303-ERSyto/merged_24303-ERSyto_n11.tif,s3://morphology_profiles/filtered_mp/24303-ERSytoBleed/merged_24303-ERSytoBleed_n11.tif,s3://morphology_profiles/filtered_mp/24303-Ph_golgi/merged_24303-Ph_golgi_n11.tif,s3://morphology_profiles/filtered_mp/24303-Mito/merged_24303-Mito_n11.tif
O=C1N=C(O)CCC1N1C(=O)c2ccccc2C1=O,24303,O20,s3://morphology_profiles/filtered_mp/24303-Hoechst/merged_24303-Hoechst_o20.tif,s3://morphology_profiles/filtered_mp/24303-ERSyto/merged_24303-ERSyto_o20.tif,s3://morphology_profiles/filtered_mp/24303-ERSytoBleed/merged_24303-ERSytoBleed_o20.tif,s3://morphology_profiles/filtered_mp/24303-Ph_golgi/merged_24303-Ph_golgi_o20.tif,s3://morphology_profiles/filtered_mp/24303-Mito/merged_24303-Mito_o20.tif
Cc1cc(C)cc(OCC2CN=C(O)O2)c1,24303,P10,s3://morphology_profiles/filtered_mp/24303-Hoechst/merged_24303-Hoechst_p10.tif,s3://morphology_profiles/filtered_mp/24303-ERSyto/merged_24303-ERSyto_p10.tif,s3://morphology_profiles/filtered_mp/24303-ERSytoBleed/merged_24303-ERSytoBleed_p10.tif,s3://morphology_profiles/filtered_mp/24303-Ph_golgi/merged_24303-Ph_golgi_p10.tif,s3://morphology_profiles/filtered_mp/24303-Mito/merged_24303-Mito_p10.tif
Clc1ccc(C(Cn2ccnc2)OCc2csc3c(Cl)cccc23)c(Cl)c1,24303,P19,s3://morphology_profiles/filtered_mp/24303-Hoechst/merged_24303-Hoechst_p19.tif,s3://morphology_profiles/filtered_mp/24303-ERSyto/merged_24303-ERSyto_p19.tif,s3://morphology_profiles/filtered_mp/24303-ERSytoBleed/merged_24303-ERSytoBleed_p19.tif,s3://morphology_profiles/filtered_mp/24303-Ph_golgi/merged_24303-Ph_golgi_p19.tif,s3://morphology_profiles/filtered_mp/24303-Mito/merged_24303-Mito_p19.tif
Oc1ccc(C2CNCCc3c2cc(O)c(O)c3Cl)cc1,24304,B12,s3://morphology_profiles/filtered_mp/24304-Hoechst/merged_24304-Hoechst_b12.tif,s3://morphology_profiles/filtered_mp/24304-ERSyto/merged_24304-ERSyto_b12.tif,s3://morphology_profiles/filtered_mp/24304-ERSytoBleed/merged_24304-ERSytoBleed_b12.tif,s3://morphology_profiles/filtered_mp/24304-Ph_golgi/merged_24304-Ph_golgi_b12.tif,s3://morphology_profiles/filtered_mp/24304-Mito/merged_24304-Mito_b12.tif
COCCOC(=O)C1=C(C)NC(C)=C(C(=O)OC(C)C)C1c1cccc([N+](=O)[O-])c1,24304,D20,s3://morphology_profiles/filtered_mp/24304-Hoechst/merged_24304-Hoechst_d20.tif,s3://morphology_profiles/filtered_mp/24304-ERSyto/merged_24304-ERSyto_d20.tif,s3://morphology_profiles/filtered_mp/24304-ERSytoBleed/merged_24304-ERSytoBleed_d20.tif,s3://morphology_profiles/filtered_mp/24304-Ph_golgi/merged_24304-Ph_golgi_d20.tif,s3://morphology_profiles/filtered_mp/24304-Mito/merged_24304-Mito_d20.tif
CCC1N=C(O)c2cc(S(N)(=O)=O)c(Cl)cc2N1,24304,E3,s3://morphology_profiles/filtered_mp/24304-Hoechst/merged_24304-Hoechst_e03.tif,s3://morphology_profiles/filtered_mp/24304-ERSyto/merged_24304-ERSyto_e03.tif,s3://morphology_profiles/filtered_mp/24304-ERSytoBleed/merged_24304-ERSytoBleed_e03.tif,s3://morphology_profiles/filtered_mp/24304-Ph_golgi/merged_24304-Ph_golgi_e03.tif,s3://morphology_profiles/filtered_mp/24304-Mito/merged_24304-Mito_e03.tif
CCN1CCCC1CN=C(O)c1cc(S(=O)(=O)CC)c(N)cc1OC,24304,E6,s3://morphology_profiles/filtered_mp/24304-Hoechst/merged_24304-Hoechst_e06.tif,s3://morphology_profiles/filtered_mp/24304-ERSyto/merged_24304-ERSyto_e06.tif,s3://morphology_profiles/filtered_mp/24304-ERSytoBleed/merged_24304-ERSytoBleed_e06.tif,s3://morphology_profiles/filtered_mp/24304-Ph_golgi/merged_24304-Ph_golgi_e06.tif,s3://morphology_profiles/filtered_mp/24304-Mito/merged_24304-Mito_e06.tif
CN1CCN2c3ncccc3Cc3ccccc3C2C1,24304,G6,s3://morphology_profiles/filtered_mp/24304-Hoechst/merged_24304-Hoechst_g06.tif,s3://morphology_profiles/filtered_mp/24304-ERSyto/merged_24304-ERSyto_g06.tif,s3://morphology_profiles/filtered_mp/24304-ERSytoBleed/merged_24304-ERSytoBleed_g06.tif,s3://morphology_profiles/filtered_mp/24304-Ph_golgi/merged_24304-Ph_golgi_g06.tif,s3://morphology_profiles/filtered_mp/24304-Mito/merged_24304-Mito_g06.tif
CCN(CC)CC#CCOC(=O)C(O)(c1ccccc1)C1CCCCC1,24304,G7,s3://morphology_profiles/filtered_mp/24304-Hoechst/merged_24304-Hoechst_g07.tif,s3://morphology_profiles/filtered_mp/24304-ERSyto/merged_24304-ERSyto_g07.tif,s3://morphology_profiles/filtered_mp/24304-ERSytoBleed/merged_24304-ERSytoBleed_g07.tif,s3://morphology_profiles/filtered_mp/24304-Ph_golgi/merged_24304-Ph_golgi_g07.tif,s3://morphology_profiles/filtered_mp/24304-Mito/merged_24304-Mito_g07.tif
CC(=O)CC(c1ccc([N+](=O)[O-])cc1)c1c(O)c2ccccc2oc1=O,24304,G8,s3://morphology_profiles/filtered_mp/24304-Hoechst/merged_24304-Hoechst_g08.tif,s3://morphology_profiles/filtered_mp/24304-ERSyto/merged_24304-ERSyto_g08.tif,s3://morphology_profiles/filtered_mp/24304-ERSytoBleed/merged_24304-ERSytoBleed_g08.tif,s3://morphology_profiles/filtered_mp/24304-Ph_golgi/merged_24304-Ph_golgi_g08.tif,s3://morphology_profiles/filtered_mp/24304-Mito/merged_24304-Mito_g08.tif
CCc1c(C)[nH]c2c1C(=O)C(CN1CCOCC1)CC2,24304,G11,s3://morphology_profiles/filtered_mp/24304-Hoechst/merged_24304-Hoechst_g11.tif,s3://morphology_profiles/filtered_mp/24304-ERSyto/merged_24304-ERSyto_g11.tif,s3://morphology_profiles/filtered_mp/24304-ERSytoBleed/merged_24304-ERSytoBleed_g11.tif,s3://morphology_profiles/filtered_mp/24304-Ph_golgi/merged_24304-Ph_golgi_g11.tif,s3://morphology_profiles/filtered_mp/24304-Mito/merged_24304-Mito_g11.tif
Cc1ncc([N+](=O)[O-])n1CC(C)O,24304,H23,s3://morphology_profiles/filtered_mp/24304-Hoechst/merged_24304-Hoechst_h23.tif,s3://morphology_profiles/filtered_mp/24304-ERSyto/merged_24304-ERSyto_h23.tif,s3://morphology_profiles/filtered_mp/24304-ERSytoBleed/merged_24304-ERSytoBleed_h23.tif,s3://morphology_profiles/filtered_mp/24304-Ph_golgi/merged_24304-Ph_golgi_h23.tif,s3://morphology_profiles/filtered_mp/24304-Mito/merged_24304-Mito_h23.tif
COc1c(N2CCNC(C)C2)c(F)cc2c(=O)c(C(=O)O)cn(C3CC3)c12,24304,J7,s3://morphology_profiles/filtered_mp/24304-Hoechst/merged_24304-Hoechst_j07.tif,s3://morphology_profiles/filtered_mp/24304-ERSyto/merged_24304-ERSyto_j07.tif,s3://morphology_profiles/filtered_mp/24304-ERSytoBleed/merged_24304-ERSytoBleed_j07.tif,s3://morphology_profiles/filtered_mp/24304-Ph_golgi/merged_24304-Ph_golgi_j07.tif,s3://morphology_profiles/filtered_mp/24304-Mito/merged_24304-Mito_j07.tif
CCC1(c2ccccc2)N=C(O)N(C)C1=O,24304,M7,s3://morphology_profiles/filtered_mp/24304-Hoechst/merged_24304-Hoechst_m07.tif,s3://morphology_profiles/filtered_mp/24304-ERSyto/merged_24304-ERSyto_m07.tif,s3://morphology_profiles/filtered_mp/24304-ERSytoBleed/merged_24304-ERSytoBleed_m07.tif,s3://morphology_profiles/filtered_mp/24304-Ph_golgi/merged_24304-Ph_golgi_m07.tif,s3://morphology_profiles/filtered_mp/24304-Mito/merged_24304-Mito_m07.tif
CC(C)(C)NCC(O)c1ccc(O)c(CO)c1,24304,N11,s3://morphology_profiles/filtered_mp/24304-Hoechst/merged_24304-Hoechst_n11.tif,s3://morphology_profiles/filtered_mp/24304-ERSyto/merged_24304-ERSyto_n11.tif,s3://morphology_profiles/filtered_mp/24304-ERSytoBleed/merged_24304-ERSytoBleed_n11.tif,s3://morphology_profiles/filtered_mp/24304-Ph_golgi/merged_24304-Ph_golgi_n11.tif,s3://morphology_profiles/filtered_mp/24304-Mito/merged_24304-Mito_n11.tif
O=C1N=C(O)CCC1N1C(=O)c2ccccc2C1=O,24304,O20,s3://morphology_profiles/filtered_mp/24304-Hoechst/merged_24304-Hoechst_o20.tif,s3://morphology_profiles/filtered_mp/24304-ERSyto/merged_24304-ERSyto_o20.tif,s3://morphology_profiles/filtered_mp/24304-ERSytoBleed/merged_24304-ERSytoBleed_o20.tif,s3://morphology_profiles/filtered_mp/24304-Ph_golgi/merged_24304-Ph_golgi_o20.tif,s3://morphology_profiles/filtered_mp/24304-Mito/merged_24304-Mito_o20.tif
Cc1cc(C)cc(OCC2CN=C(O)O2)c1,24304,P10,s3://morphology_profiles/filtered_mp/24304-Hoechst/merged_24304-Hoechst_p10.tif,s3://morphology_profiles/filtered_mp/24304-ERSyto/merged_24304-ERSyto_p10.tif,s3://morphology_profiles/filtered_mp/24304-ERSytoBleed/merged_24304-ERSytoBleed_p10.tif,s3://morphology_profiles/filtered_mp/24304-Ph_golgi/merged_24304-Ph_golgi_p10.tif,s3://morphology_profiles/filtered_mp/24304-Mito/merged_24304-Mito_p10.tif
Clc1ccc(C(Cn2ccnc2)OCc2csc3c(Cl)cccc23)c(Cl)c1,24304,P19,s3://morphology_profiles/filtered_mp/24304-Hoechst/merged_24304-Hoechst_p19.tif,s3://morphology_profiles/filtered_mp/24304-ERSyto/merged_24304-ERSyto_p19.tif,s3://morphology_profiles/filtered_mp/24304-ERSytoBleed/merged_24304-ERSytoBleed_p19.tif,s3://morphology_profiles/filtered_mp/24304-Ph_golgi/merged_24304-Ph_golgi_p19.tif,s3://morphology_profiles/filtered_mp/24304-Mito/merged_24304-Mito_p19.tif
CC(C)(C)NCC(O)COc1cccc2c1CC(O)C(O)C2,24305,A3,s3://morphology_profiles/filtered_mp/24305-Hoechst/merged_24305-Hoechst_a03.tif,s3://morphology_profiles/filtered_mp/24305-ERSyto/merged_24305-ERSyto_a03.tif,s3://morphology_profiles/filtered_mp/24305-ERSytoBleed/merged_24305-ERSytoBleed_a03.tif,s3://morphology_profiles/filtered_mp/24305-Ph_golgi/merged_24305-Ph_golgi_a03.tif,s3://morphology_profiles/filtered_mp/24305-Mito/merged_24305-Mito_a03.tif
CC(CNC1CCCCC1)OC(=O)c1ccccc1,24305,A6,s3://morphology_profiles/filtered_mp/24305-Hoechst/merged_24305-Hoechst_a06.tif,s3://morphology_profiles/filtered_mp/24305-ERSyto/merged_24305-ERSyto_a06.tif,s3://morphology_profiles/filtered_mp/24305-ERSytoBleed/merged_24305-ERSytoBleed_a06.tif,s3://morphology_profiles/filtered_mp/24305-Ph_golgi/merged_24305-Ph_golgi_a06.tif,s3://morphology_profiles/filtered_mp/24305-Mito/merged_24305-Mito_a06.tif
CC1(C)O[C@@H]2C[C@H]3[C@@H]4C[C@H](F)C5=CC(=O)CC[C@]5(C)[C@H]4[C@@H](O)C[C@]3(C)[C@]2(C(=O)CO)O1,24305,B9,s3://morphology_profiles/filtered_mp/24305-Hoechst/merged_24305-Hoechst_b09.tif,s3://morphology_profiles/filtered_mp/24305-ERSyto/merged_24305-ERSyto_b09.tif,s3://morphology_profiles/filtered_mp/24305-ERSytoBleed/merged_24305-ERSytoBleed_b09.tif,s3://morphology_profiles/filtered_mp/24305-Ph_golgi/merged_24305-Ph_golgi_b09.tif,s3://morphology_profiles/filtered_mp/24305-Mito/merged_24305-Mito_b09.tif
CC(C)(C)N=C(O)[C@H]1CC[C@H]2[C@@H]3CC[C@H]4N=C(O)C=C[C@]4(C)[C@H]3CC[C@]12C,24305,B11,s3://morphology_profiles/filtered_mp/24305-Hoechst/merged_24305-Hoechst_b11.tif,s3://morphology_profiles/filtered_mp/24305-ERSyto/merged_24305-ERSyto_b11.tif,s3://morphology_profiles/filtered_mp/24305-ERSytoBleed/merged_24305-ERSytoBleed_b11.tif,s3://morphology_profiles/filtered_mp/24305-Ph_golgi/merged_24305-Ph_golgi_b11.tif,s3://morphology_profiles/filtered_mp/24305-Mito/merged_24305-Mito_b11.tif
Cc1ccc(-c2cc(C(F)(F)F)nn2-c2ccc(S(N)(=O)=O)cc2)cc1,24305,C19,s3://morphology_profiles/filtered_mp/24305-Hoechst/merged_24305-Hoechst_c19.tif,s3://morphology_profiles/filtered_mp/24305-ERSyto/merged_24305-ERSyto_c19.tif,s3://morphology_profiles/filtered_mp/24305-ERSytoBleed/merged_24305-ERSytoBleed_c19.tif,s3://morphology_profiles/filtered_mp/24305-Ph_golgi/merged_24305-Ph_golgi_c19.tif,s3://morphology_profiles/filtered_mp/24305-Mito/merged_24305-Mito_c19.tif
CO/N=C(\C(O)=N[C@@H]1C(=O)N2C(C(=O)O)=C(COC(=N)O)CS[C@H]12)c1ccco1,24305,C21,s3://morphology_profiles/filtered_mp/24305-Hoechst/merged_24305-Hoechst_c21.tif,s3://morphology_profiles/filtered_mp/24305-ERSyto/merged_24305-ERSyto_c21.tif,s3://morphology_profiles/filtered_mp/24305-ERSytoBleed/merged_24305-ERSytoBleed_c21.tif,s3://morphology_profiles/filtered_mp/24305-Ph_golgi/merged_24305-Ph_golgi_c21.tif,s3://morphology_profiles/filtered_mp/24305-Mito/merged_24305-Mito_c21.tif
O=C(O)c1cn(C2CC2)c2cc(N3CCNCC3)c(F)cc2c1=O,24305,E7,s3://morphology_profiles/filtered_mp/24305-Hoechst/merged_24305-Hoechst_e07.tif,s3://morphology_profiles/filtered_mp/24305-ERSyto/merged_24305-ERSyto_e07.tif,s3://morphology_profiles/filtered_mp/24305-ERSytoBleed/merged_24305-ERSytoBleed_e07.tif,s3://morphology_profiles/filtered_mp/24305-Ph_golgi/merged_24305-Ph_golgi_e07.tif,s3://morphology_profiles/filtered_mp/24305-Mito/merged_24305-Mito_e07.tif
OC(Cn1cncn1)(Cn1cncn1)c1ccc(F)cc1F,24305,F3,s3://morphology_profiles/filtered_mp/24305-Hoechst/merged_24305-Hoechst_f03.tif,s3://morphology_profiles/filtered_mp/24305-ERSyto/merged_24305-ERSyto_f03.tif,s3://morphology_profiles/filtered_mp/24305-ERSytoBleed/merged_24305-ERSytoBleed_f03.tif,s3://morphology_profiles/filtered_mp/24305-Ph_golgi/merged_24305-Ph_golgi_f03.tif,s3://morphology_profiles/filtered_mp/24305-Mito/merged_24305-Mito_f03.tif
O=C1c2cccc(O)c2C(=O)c2c(O)cccc21,24305,I19,s3://morphology_profiles/filtered_mp/24305-Hoechst/merged_24305-Hoechst_i19.tif,s3://morphology_profiles/filtered_mp/24305-ERSyto/merged_24305-ERSyto_i19.tif,s3://morphology_profiles/filtered_mp/24305-ERSytoBleed/merged_24305-ERSytoBleed_i19.tif,s3://morphology_profiles/filtered_mp/24305-Ph_golgi/merged_24305-Ph_golgi_i19.tif,s3://morphology_profiles/filtered_mp/24305-Mito/merged_24305-Mito_i19.tif
OCCN1CCN(CCCN2c3ccccc3Sc3ccc(Cl)cc32)CC1,24305,J15,s3://morphology_profiles/filtered_mp/24305-Hoechst/merged_24305-Hoechst_j15.tif,s3://morphology_profiles/filtered_mp/24305-ERSyto/merged_24305-ERSyto_j15.tif,s3://morphology_profiles/filtered_mp/24305-ERSytoBleed/merged_24305-ERSytoBleed_j15.tif,s3://morphology_profiles/filtered_mp/24305-Ph_golgi/merged_24305-Ph_golgi_j15.tif,s3://morphology_profiles/filtered_mp/24305-Mito/merged_24305-Mito_j15.tif
Cc1cc(C)nc(NS(=O)(=O)c2ccc(N)cc2)n1,24305,K5,s3://morphology_profiles/filtered_mp/24305-Hoechst/merged_24305-Hoechst_k05.tif,s3://morphology_profiles/filtered_mp/24305-ERSyto/merged_24305-ERSyto_k05.tif,s3://morphology_profiles/filtered_mp/24305-ERSytoBleed/merged_24305-ERSytoBleed_k05.tif,s3://morphology_profiles/filtered_mp/24305-Ph_golgi/merged_24305-Ph_golgi_k05.tif,s3://morphology_profiles/filtered_mp/24305-Mito/merged_24305-Mito_k05.tif
O=C(NNCCC(O)=NCc1ccccc1)c1ccncc1,24305,K17,s3://morphology_profiles/filtered_mp/24305-Hoechst/merged_24305-Hoechst_k17.tif,s3://morphology_profiles/filtered_mp/24305-ERSyto/merged_24305-ERSyto_k17.tif,s3://morphology_profiles/filtered_mp/24305-ERSytoBleed/merged_24305-ERSytoBleed_k17.tif,s3://morphology_profiles/filtered_mp/24305-Ph_golgi/merged_24305-Ph_golgi_k17.tif,s3://morphology_profiles/filtered_mp/24305-Mito/merged_24305-Mito_k17.tif
Cc1cnc(C(O)=NCCc2ccc(S(=O)(=O)NC(O)=NC3CCCCC3)cc2)cn1,24305,K21,s3://morphology_profiles/filtered_mp/24305-Hoechst/merged_24305-Hoechst_k21.tif,s3://morphology_profiles/filtered_mp/24305-ERSyto/merged_24305-ERSyto_k21.tif,s3://morphology_profiles/filtered_mp/24305-ERSytoBleed/merged_24305-ERSytoBleed_k21.tif,s3://morphology_profiles/filtered_mp/24305-Ph_golgi/merged_24305-Ph_golgi_k21.tif,s3://morphology_profiles/filtered_mp/24305-Mito/merged_24305-Mito_k21.tif
Cc1onc(-c2ccccc2)c1-c1ccc(S(N)(=O)=O)cc1,24305,L14,s3://morphology_profiles/filtered_mp/24305-Hoechst/merged_24305-Hoechst_l14.tif,s3://morphology_profiles/filtered_mp/24305-ERSyto/merged_24305-ERSyto_l14.tif,s3://morphology_profiles/filtered_mp/24305-ERSytoBleed/merged_24305-ERSytoBleed_l14.tif,s3://morphology_profiles/filtered_mp/24305-Ph_golgi/merged_24305-Ph_golgi_l14.tif,s3://morphology_profiles/filtered_mp/24305-Mito/merged_24305-Mito_l14.tif
C/C=C/C[C@@H](C)[C@@H](O)[C@H]1C(O)=N[C@@H](CC)C(=O)N(C)CC(=O)N(C)[C@@H](CC(C)C)C(O)=N[C@@H](C(C)C)C(=O)N(C)[C@@H](CC(C)C)C(O)=N[C@@H](C)C(O)=N[C@H](C)C(=O)N(C)[C@@H](CC(C)C)C(=O)N(C)[C@@H](CC(C)C)C(=O)N(C)[C@@H](C(C)C)C(=O)N1C,24305,M1,s3://morphology_profiles/filtered_mp/24305-Hoechst/merged_24305-Hoechst_m01.tif,s3://morphology_profiles/filtered_mp/24305-ERSyto/merged_24305-ERSyto_m01.tif,s3://morphology_profiles/filtered_mp/24305-ERSytoBleed/merged_24305-ERSytoBleed_m01.tif,s3://morphology_profiles/filtered_mp/24305-Ph_golgi/merged_24305-Ph_golgi_m01.tif,s3://morphology_profiles/filtered_mp/24305-Mito/merged_24305-Mito_m01.tif
CCOC(=O)Oc1c(OC)cc(C(=O)O[C@@H]2C[C@@H]3CN4CCc5c([nH]c6cc(OC)ccc56)[C@H]4C[C@@H]3[C@H](C(=O)OC)[C@H]2OC)cc1OC,24305,M11,s3://morphology_profiles/filtered_mp/24305-Hoechst/merged_24305-Hoechst_m11.tif,s3://morphology_profiles/filtered_mp/24305-ERSyto/merged_24305-ERSyto_m11.tif,s3://morphology_profiles/filtered_mp/24305-ERSytoBleed/merged_24305-ERSytoBleed_m11.tif,s3://morphology_profiles/filtered_mp/24305-Ph_golgi/merged_24305-Ph_golgi_m11.tif,s3://morphology_profiles/filtered_mp/24305-Mito/merged_24305-Mito_m11.tif
CCC1(C)CC(=O)N=C(O)C1,24305,N8,s3://morphology_profiles/filtered_mp/24305-Hoechst/merged_24305-Hoechst_n08.tif,s3://morphology_profiles/filtered_mp/24305-ERSyto/merged_24305-ERSyto_n08.tif,s3://morphology_profiles/filtered_mp/24305-ERSytoBleed/merged_24305-ERSytoBleed_n08.tif,s3://morphology_profiles/filtered_mp/24305-Ph_golgi/merged_24305-Ph_golgi_n08.tif,s3://morphology_profiles/filtered_mp/24305-Mito/merged_24305-Mito_n08.tif
CC(C)(C)NCC(O)COc1cccc2c1CC(O)C(O)C2,24306,A3,s3://morphology_profiles/filtered_mp/24306-Hoechst/merged_24306-Hoechst_a03.tif,s3://morphology_profiles/filtered_mp/24306-ERSyto/merged_24306-ERSyto_a03.tif,s3://morphology_profiles/filtered_mp/24306-ERSytoBleed/merged_24306-ERSytoBleed_a03.tif,s3://morphology_profiles/filtered_mp/24306-Ph_golgi/merged_24306-Ph_golgi_a03.tif,s3://morphology_profiles/filtered_mp/24306-Mito/merged_24306-Mito_a03.tif
CC(CNC1CCCCC1)OC(=O)c1ccccc1,24306,A6,s3://morphology_profiles/filtered_mp/24306-Hoechst/merged_24306-Hoechst_a06.tif,s3://morphology_profiles/filtered_mp/24306-ERSyto/merged_24306-ERSyto_a06.tif,s3://morphology_profiles/filtered_mp/24306-ERSytoBleed/merged_24306-ERSytoBleed_a06.tif,s3://morphology_profiles/filtered_mp/24306-Ph_golgi/merged_24306-Ph_golgi_a06.tif,s3://morphology_profiles/filtered_mp/24306-Mito/merged_24306-Mito_a06.tif
CC1(C)O[C@@H]2C[C@H]3[C@@H]4C[C@H](F)C5=CC(=O)CC[C@]5(C)[C@H]4[C@@H](O)C[C@]3(C)[C@]2(C(=O)CO)O1,24306,B9,s3://morphology_profiles/filtered_mp/24306-Hoechst/merged_24306-Hoechst_b09.tif,s3://morphology_profiles/filtered_mp/24306-ERSyto/merged_24306-ERSyto_b09.tif,s3://morphology_profiles/filtered_mp/24306-ERSytoBleed/merged_24306-ERSytoBleed_b09.tif,s3://morphology_profiles/filtered_mp/24306-Ph_golgi/merged_24306-Ph_golgi_b09.tif,s3://morphology_profiles/filtered_mp/24306-Mito/merged_24306-Mito_b09.tif
CC(C)(C)N=C(O)[C@H]1CC[C@H]2[C@@H]3CC[C@H]4N=C(O)C=C[C@]4(C)[C@H]3CC[C@]12C,24306,B11,s3://morphology_profiles/filtered_mp/24306-Hoechst/merged_24306-Hoechst_b11.tif,s3://morphology_profiles/filtered_mp/24306-ERSyto/merged_24306-ERSyto_b11.tif,s3://morphology_profiles/filtered_mp/24306-ERSytoBleed/merged_24306-ERSytoBleed_b11.tif,s3://morphology_profiles/filtered_mp/24306-Ph_golgi/merged_24306-Ph_golgi_b11.tif,s3://morphology_profiles/filtered_mp/24306-Mito/merged_24306-Mito_b11.tif
Cc1ccc(-c2cc(C(F)(F)F)nn2-c2ccc(S(N)(=O)=O)cc2)cc1,24306,C19,s3://morphology_profiles/filtered_mp/24306-Hoechst/merged_24306-Hoechst_c19.tif,s3://morphology_profiles/filtered_mp/24306-ERSyto/merged_24306-ERSyto_c19.tif,s3://morphology_profiles/filtered_mp/24306-ERSytoBleed/merged_24306-ERSytoBleed_c19.tif,s3://morphology_profiles/filtered_mp/24306-Ph_golgi/merged_24306-Ph_golgi_c19.tif,s3://morphology_profiles/filtered_mp/24306-Mito/merged_24306-Mito_c19.tif
CO/N=C(\C(O)=N[C@@H]1C(=O)N2C(C(=O)O)=C(COC(=N)O)CS[C@H]12)c1ccco1,24306,C21,s3://morphology_profiles/filtered_mp/24306-Hoechst/merged_24306-Hoechst_c21.tif,s3://morphology_profiles/filtered_mp/24306-ERSyto/merged_24306-ERSyto_c21.tif,s3://morphology_profiles/filtered_mp/24306-ERSytoBleed/merged_24306-ERSytoBleed_c21.tif,s3://morphology_profiles/filtered_mp/24306-Ph_golgi/merged_24306-Ph_golgi_c21.tif,s3://morphology_profiles/filtered_mp/24306-Mito/merged_24306-Mito_c21.tif
O=C(O)c1cn(C2CC2)c2cc(N3CCNCC3)c(F)cc2c1=O,24306,E7,s3://morphology_profiles/filtered_mp/24306-Hoechst/merged_24306-Hoechst_e07.tif,s3://morphology_profiles/filtered_mp/24306-ERSyto/merged_24306-ERSyto_e07.tif,s3://morphology_profiles/filtered_mp/24306-ERSytoBleed/merged_24306-ERSytoBleed_e07.tif,s3://morphology_profiles/filtered_mp/24306-Ph_golgi/merged_24306-Ph_golgi_e07.tif,s3://morphology_profiles/filtered_mp/24306-Mito/merged_24306-Mito_e07.tif
OC(Cn1cncn1)(Cn1cncn1)c1ccc(F)cc1F,24306,F3,s3://morphology_profiles/filtered_mp/24306-Hoechst/merged_24306-Hoechst_f03.tif,s3://morphology_profiles/filtered_mp/24306-ERSyto/merged_24306-ERSyto_f03.tif,s3://morphology_profiles/filtered_mp/24306-ERSytoBleed/merged_24306-ERSytoBleed_f03.tif,s3://morphology_profiles/filtered_mp/24306-Ph_golgi/merged_24306-Ph_golgi_f03.tif,s3://morphology_profiles/filtered_mp/24306-Mito/merged_24306-Mito_f03.tif
O=C1c2cccc(O)c2C(=O)c2c(O)cccc21,24306,I19,s3://morphology_profiles/filtered_mp/24306-Hoechst/merged_24306-Hoechst_i19.tif,s3://morphology_profiles/filtered_mp/24306-ERSyto/merged_24306-ERSyto_i19.tif,s3://morphology_profiles/filtered_mp/24306-ERSytoBleed/merged_24306-ERSytoBleed_i19.tif,s3://morphology_profiles/filtered_mp/24306-Ph_golgi/merged_24306-Ph_golgi_i19.tif,s3://morphology_profiles/filtered_mp/24306-Mito/merged_24306-Mito_i19.tif
OCCN1CCN(CCCN2c3ccccc3Sc3ccc(Cl)cc32)CC1,24306,J15,s3://morphology_profiles/filtered_mp/24306-Hoechst/merged_24306-Hoechst_j15.tif,s3://morphology_profiles/filtered_mp/24306-ERSyto/merged_24306-ERSyto_j15.tif,s3://morphology_profiles/filtered_mp/24306-ERSytoBleed/merged_24306-ERSytoBleed_j15.tif,s3://morphology_profiles/filtered_mp/24306-Ph_golgi/merged_24306-Ph_golgi_j15.tif,s3://morphology_profiles/filtered_mp/24306-Mito/merged_24306-Mito_j15.tif
Cc1cc(C)nc(NS(=O)(=O)c2ccc(N)cc2)n1,24306,K5,s3://morphology_profiles/filtered_mp/24306-Hoechst/merged_24306-Hoechst_k05.tif,s3://morphology_profiles/filtered_mp/24306-ERSyto/merged_24306-ERSyto_k05.tif,s3://morphology_profiles/filtered_mp/24306-ERSytoBleed/merged_24306-ERSytoBleed_k05.tif,s3://morphology_profiles/filtered_mp/24306-Ph_golgi/merged_24306-Ph_golgi_k05.tif,s3://morphology_profiles/filtered_mp/24306-Mito/merged_24306-Mito_k05.tif
O=C(NNCCC(O)=NCc1ccccc1)c1ccncc1,24306,K17,s3://morphology_profiles/filtered_mp/24306-Hoechst/merged_24306-Hoechst_k17.tif,s3://morphology_profiles/filtered_mp/24306-ERSyto/merged_24306-ERSyto_k17.tif,s3://morphology_profiles/filtered_mp/24306-ERSytoBleed/merged_24306-ERSytoBleed_k17.tif,s3://morphology_profiles/filtered_mp/24306-Ph_golgi/merged_24306-Ph_golgi_k17.tif,s3://morphology_profiles/filtered_mp/24306-Mito/merged_24306-Mito_k17.tif
Cc1cnc(C(O)=NCCc2ccc(S(=O)(=O)NC(O)=NC3CCCCC3)cc2)cn1,24306,K21,s3://morphology_profiles/filtered_mp/24306-Hoechst/merged_24306-Hoechst_k21.tif,s3://morphology_profiles/filtered_mp/24306-ERSyto/merged_24306-ERSyto_k21.tif,s3://morphology_profiles/filtered_mp/24306-ERSytoBleed/merged_24306-ERSytoBleed_k21.tif,s3://morphology_profiles/filtered_mp/24306-Ph_golgi/merged_24306-Ph_golgi_k21.tif,s3://morphology_profiles/filtered_mp/24306-Mito/merged_24306-Mito_k21.tif
Cc1onc(-c2ccccc2)c1-c1ccc(S(N)(=O)=O)cc1,24306,L14,s3://morphology_profiles/filtered_mp/24306-Hoechst/merged_24306-Hoechst_l14.tif,s3://morphology_profiles/filtered_mp/24306-ERSyto/merged_24306-ERSyto_l14.tif,s3://morphology_profiles/filtered_mp/24306-ERSytoBleed/merged_24306-ERSytoBleed_l14.tif,s3://morphology_profiles/filtered_mp/24306-Ph_golgi/merged_24306-Ph_golgi_l14.tif,s3://morphology_profiles/filtered_mp/24306-Mito/merged_24306-Mito_l14.tif
C/C=C/C[C@@H](C)[C@@H](O)[C@H]1C(O)=N[C@@H](CC)C(=O)N(C)CC(=O)N(C)[C@@H](CC(C)C)C(O)=N[C@@H](C(C)C)C(=O)N(C)[C@@H](CC(C)C)C(O)=N[C@@H](C)C(O)=N[C@H](C)C(=O)N(C)[C@@H](CC(C)C)C(=O)N(C)[C@@H](CC(C)C)C(=O)N(C)[C@@H](C(C)C)C(=O)N1C,24306,M1,s3://morphology_profiles/filtered_mp/24306-Hoechst/merged_24306-Hoechst_m01.tif,s3://morphology_profiles/filtered_mp/24306-ERSyto/merged_24306-ERSyto_m01.tif,s3://morphology_profiles/filtered_mp/24306-ERSytoBleed/merged_24306-ERSytoBleed_m01.tif,s3://morphology_profiles/filtered_mp/24306-Ph_golgi/merged_24306-Ph_golgi_m01.tif,s3://morphology_profiles/filtered_mp/24306-Mito/merged_24306-Mito_m01.tif
CCOC(=O)Oc1c(OC)cc(C(=O)O[C@@H]2C[C@@H]3CN4CCc5c([nH]c6cc(OC)ccc56)[C@H]4C[C@@H]3[C@H](C(=O)OC)[C@H]2OC)cc1OC,24306,M11,s3://morphology_profiles/filtered_mp/24306-Hoechst/merged_24306-Hoechst_m11.tif,s3://morphology_profiles/filtered_mp/24306-ERSyto/merged_24306-ERSyto_m11.tif,s3://morphology_profiles/filtered_mp/24306-ERSytoBleed/merged_24306-ERSytoBleed_m11.tif,s3://morphology_profiles/filtered_mp/24306-Ph_golgi/merged_24306-Ph_golgi_m11.tif,s3://morphology_profiles/filtered_mp/24306-Mito/merged_24306-Mito_m11.tif
CCC1(C)CC(=O)N=C(O)C1,24306,N8,s3://morphology_profiles/filtered_mp/24306-Hoechst/merged_24306-Hoechst_n08.tif,s3://morphology_profiles/filtered_mp/24306-ERSyto/merged_24306-ERSyto_n08.tif,s3://morphology_profiles/filtered_mp/24306-ERSytoBleed/merged_24306-ERSytoBleed_n08.tif,s3://morphology_profiles/filtered_mp/24306-Ph_golgi/merged_24306-Ph_golgi_n08.tif,s3://morphology_profiles/filtered_mp/24306-Mito/merged_24306-Mito_n08.tif
CC(C)(C)NCC(O)COc1cccc2c1CC(O)C(O)C2,24307,A3,s3://morphology_profiles/filtered_mp/24307-Hoechst/merged_24307-Hoechst_a03.tif,s3://morphology_profiles/filtered_mp/24307-ERSyto/merged_24307-ERSyto_a03.tif,s3://morphology_profiles/filtered_mp/24307-ERSytoBleed/merged_24307-ERSytoBleed_a03.tif,s3://morphology_profiles/filtered_mp/24307-Ph_golgi/merged_24307-Ph_golgi_a03.tif,s3://morphology_profiles/filtered_mp/24307-Mito/merged_24307-Mito_a03.tif
CC(CNC1CCCCC1)OC(=O)c1ccccc1,24307,A6,s3://morphology_profiles/filtered_mp/24307-Hoechst/merged_24307-Hoechst_a06.tif,s3://morphology_profiles/filtered_mp/24307-ERSyto/merged_24307-ERSyto_a06.tif,s3://morphology_profiles/filtered_mp/24307-ERSytoBleed/merged_24307-ERSytoBleed_a06.tif,s3://morphology_profiles/filtered_mp/24307-Ph_golgi/merged_24307-Ph_golgi_a06.tif,s3://morphology_profiles/filtered_mp/24307-Mito/merged_24307-Mito_a06.tif
CC1(C)O[C@@H]2C[C@H]3[C@@H]4C[C@H](F)C5=CC(=O)CC[C@]5(C)[C@H]4[C@@H](O)C[C@]3(C)[C@]2(C(=O)CO)O1,24307,B9,s3://morphology_profiles/filtered_mp/24307-Hoechst/merged_24307-Hoechst_b09.tif,s3://morphology_profiles/filtered_mp/24307-ERSyto/merged_24307-ERSyto_b09.tif,s3://morphology_profiles/filtered_mp/24307-ERSytoBleed/merged_24307-ERSytoBleed_b09.tif,s3://morphology_profiles/filtered_mp/24307-Ph_golgi/merged_24307-Ph_golgi_b09.tif,s3://morphology_profiles/filtered_mp/24307-Mito/merged_24307-Mito_b09.tif
CC(C)(C)N=C(O)[C@H]1CC[C@H]2[C@@H]3CC[C@H]4N=C(O)C=C[C@]4(C)[C@H]3CC[C@]12C,24307,B11,s3://morphology_profiles/filtered_mp/24307-Hoechst/merged_24307-Hoechst_b11.tif,s3://morphology_profiles/filtered_mp/24307-ERSyto/merged_24307-ERSyto_b11.tif,s3://morphology_profiles/filtered_mp/24307-ERSytoBleed/merged_24307-ERSytoBleed_b11.tif,s3://morphology_profiles/filtered_mp/24307-Ph_golgi/merged_24307-Ph_golgi_b11.tif,s3://morphology_profiles/filtered_mp/24307-Mito/merged_24307-Mito_b11.tif
Cc1ccc(-c2cc(C(F)(F)F)nn2-c2ccc(S(N)(=O)=O)cc2)cc1,24307,C19,s3://morphology_profiles/filtered_mp/24307-Hoechst/merged_24307-Hoechst_c19.tif,s3://morphology_profiles/filtered_mp/24307-ERSyto/merged_24307-ERSyto_c19.tif,s3://morphology_profiles/filtered_mp/24307-ERSytoBleed/merged_24307-ERSytoBleed_c19.tif,s3://morphology_profiles/filtered_mp/24307-Ph_golgi/merged_24307-Ph_golgi_c19.tif,s3://morphology_profiles/filtered_mp/24307-Mito/merged_24307-Mito_c19.tif
CO/N=C(\C(O)=N[C@@H]1C(=O)N2C(C(=O)O)=C(COC(=N)O)CS[C@H]12)c1ccco1,24307,C21,s3://morphology_profiles/filtered_mp/24307-Hoechst/merged_24307-Hoechst_c21.tif,s3://morphology_profiles/filtered_mp/24307-ERSyto/merged_24307-ERSyto_c21.tif,s3://morphology_profiles/filtered_mp/24307-ERSytoBleed/merged_24307-ERSytoBleed_c21.tif,s3://morphology_profiles/filtered_mp/24307-Ph_golgi/merged_24307-Ph_golgi_c21.tif,s3://morphology_profiles/filtered_mp/24307-Mito/merged_24307-Mito_c21.tif
O=C(O)c1cn(C2CC2)c2cc(N3CCNCC3)c(F)cc2c1=O,24307,E7,s3://morphology_profiles/filtered_mp/24307-Hoechst/merged_24307-Hoechst_e07.tif,s3://morphology_profiles/filtered_mp/24307-ERSyto/merged_24307-ERSyto_e07.tif,s3://morphology_profiles/filtered_mp/24307-ERSytoBleed/merged_24307-ERSytoBleed_e07.tif,s3://morphology_profiles/filtered_mp/24307-Ph_golgi/merged_24307-Ph_golgi_e07.tif,s3://morphology_profiles/filtered_mp/24307-Mito/merged_24307-Mito_e07.tif
OC(Cn1cncn1)(Cn1cncn1)c1ccc(F)cc1F,24307,F3,s3://morphology_profiles/filtered_mp/24307-Hoechst/merged_24307-Hoechst_f03.tif,s3://morphology_profiles/filtered_mp/24307-ERSyto/merged_24307-ERSyto_f03.tif,s3://morphology_profiles/filtered_mp/24307-ERSytoBleed/merged_24307-ERSytoBleed_f03.tif,s3://morphology_profiles/filtered_mp/24307-Ph_golgi/merged_24307-Ph_golgi_f03.tif,s3://morphology_profiles/filtered_mp/24307-Mito/merged_24307-Mito_f03.tif
O=C1c2cccc(O)c2C(=O)c2c(O)cccc21,24307,I19,s3://morphology_profiles/filtered_mp/24307-Hoechst/merged_24307-Hoechst_i19.tif,s3://morphology_profiles/filtered_mp/24307-ERSyto/merged_24307-ERSyto_i19.tif,s3://morphology_profiles/filtered_mp/24307-ERSytoBleed/merged_24307-ERSytoBleed_i19.tif,s3://morphology_profiles/filtered_mp/24307-Ph_golgi/merged_24307-Ph_golgi_i19.tif,s3://morphology_profiles/filtered_mp/24307-Mito/merged_24307-Mito_i19.tif
OCCN1CCN(CCCN2c3ccccc3Sc3ccc(Cl)cc32)CC1,24307,J15,s3://morphology_profiles/filtered_mp/24307-Hoechst/merged_24307-Hoechst_j15.tif,s3://morphology_profiles/filtered_mp/24307-ERSyto/merged_24307-ERSyto_j15.tif,s3://morphology_profiles/filtered_mp/24307-ERSytoBleed/merged_24307-ERSytoBleed_j15.tif,s3://morphology_profiles/filtered_mp/24307-Ph_golgi/merged_24307-Ph_golgi_j15.tif,s3://morphology_profiles/filtered_mp/24307-Mito/merged_24307-Mito_j15.tif
Cc1cc(C)nc(NS(=O)(=O)c2ccc(N)cc2)n1,24307,K5,s3://morphology_profiles/filtered_mp/24307-Hoechst/merged_24307-Hoechst_k05.tif,s3://morphology_profiles/filtered_mp/24307-ERSyto/merged_24307-ERSyto_k05.tif,s3://morphology_profiles/filtered_mp/24307-ERSytoBleed/merged_24307-ERSytoBleed_k05.tif,s3://morphology_profiles/filtered_mp/24307-Ph_golgi/merged_24307-Ph_golgi_k05.tif,s3://morphology_profiles/filtered_mp/24307-Mito/merged_24307-Mito_k05.tif
O=C(NNCCC(O)=NCc1ccccc1)c1ccncc1,24307,K17,s3://morphology_profiles/filtered_mp/24307-Hoechst/merged_24307-Hoechst_k17.tif,s3://morphology_profiles/filtered_mp/24307-ERSyto/merged_24307-ERSyto_k17.tif,s3://morphology_profiles/filtered_mp/24307-ERSytoBleed/merged_24307-ERSytoBleed_k17.tif,s3://morphology_profiles/filtered_mp/24307-Ph_golgi/merged_24307-Ph_golgi_k17.tif,s3://morphology_profiles/filtered_mp/24307-Mito/merged_24307-Mito_k17.tif
Cc1cnc(C(O)=NCCc2ccc(S(=O)(=O)NC(O)=NC3CCCCC3)cc2)cn1,24307,K21,s3://morphology_profiles/filtered_mp/24307-Hoechst/merged_24307-Hoechst_k21.tif,s3://morphology_profiles/filtered_mp/24307-ERSyto/merged_24307-ERSyto_k21.tif,s3://morphology_profiles/filtered_mp/24307-ERSytoBleed/merged_24307-ERSytoBleed_k21.tif,s3://morphology_profiles/filtered_mp/24307-Ph_golgi/merged_24307-Ph_golgi_k21.tif,s3://morphology_profiles/filtered_mp/24307-Mito/merged_24307-Mito_k21.tif
Cc1onc(-c2ccccc2)c1-c1ccc(S(N)(=O)=O)cc1,24307,L14,s3://morphology_profiles/filtered_mp/24307-Hoechst/merged_24307-Hoechst_l14.tif,s3://morphology_profiles/filtered_mp/24307-ERSyto/merged_24307-ERSyto_l14.tif,s3://morphology_profiles/filtered_mp/24307-ERSytoBleed/merged_24307-ERSytoBleed_l14.tif,s3://morphology_profiles/filtered_mp/24307-Ph_golgi/merged_24307-Ph_golgi_l14.tif,s3://morphology_profiles/filtered_mp/24307-Mito/merged_24307-Mito_l14.tif
C/C=C/C[C@@H](C)[C@@H](O)[C@H]1C(O)=N[C@@H](CC)C(=O)N(C)CC(=O)N(C)[C@@H](CC(C)C)C(O)=N[C@@H](C(C)C)C(=O)N(C)[C@@H](CC(C)C)C(O)=N[C@@H](C)C(O)=N[C@H](C)C(=O)N(C)[C@@H](CC(C)C)C(=O)N(C)[C@@H](CC(C)C)C(=O)N(C)[C@@H](C(C)C)C(=O)N1C,24307,M1,s3://morphology_profiles/filtered_mp/24307-Hoechst/merged_24307-Hoechst_m01.tif,s3://morphology_profiles/filtered_mp/24307-ERSyto/merged_24307-ERSyto_m01.tif,s3://morphology_profiles/filtered_mp/24307-ERSytoBleed/merged_24307-ERSytoBleed_m01.tif,s3://morphology_profiles/filtered_mp/24307-Ph_golgi/merged_24307-Ph_golgi_m01.tif,s3://morphology_profiles/filtered_mp/24307-Mito/merged_24307-Mito_m01.tif
CCOC(=O)Oc1c(OC)cc(C(=O)O[C@@H]2C[C@@H]3CN4CCc5c([nH]c6cc(OC)ccc56)[C@H]4C[C@@H]3[C@H](C(=O)OC)[C@H]2OC)cc1OC,24307,M11,s3://morphology_profiles/filtered_mp/24307-Hoechst/merged_24307-Hoechst_m11.tif,s3://morphology_profiles/filtered_mp/24307-ERSyto/merged_24307-ERSyto_m11.tif,s3://morphology_profiles/filtered_mp/24307-ERSytoBleed/merged_24307-ERSytoBleed_m11.tif,s3://morphology_profiles/filtered_mp/24307-Ph_golgi/merged_24307-Ph_golgi_m11.tif,s3://morphology_profiles/filtered_mp/24307-Mito/merged_24307-Mito_m11.tif
CCC1(C)CC(=O)N=C(O)C1,24307,N8,s3://morphology_profiles/filtered_mp/24307-Hoechst/merged_24307-Hoechst_n08.tif,s3://morphology_profiles/filtered_mp/24307-ERSyto/merged_24307-ERSyto_n08.tif,s3://morphology_profiles/filtered_mp/24307-ERSytoBleed/merged_24307-ERSytoBleed_n08.tif,s3://morphology_profiles/filtered_mp/24307-Ph_golgi/merged_24307-Ph_golgi_n08.tif,s3://morphology_profiles/filtered_mp/24307-Mito/merged_24307-Mito_n08.tif
C[C@]12CC[C@@H]3c4ccc(O)cc4CC[C@H]3[C@@H]1CC[C@@H]2O,24308,A16,s3://morphology_profiles/filtered_mp/24308-Hoechst/merged_24308-Hoechst_a16.tif,s3://morphology_profiles/filtered_mp/24308-ERSyto/merged_24308-ERSyto_a16.tif,s3://morphology_profiles/filtered_mp/24308-ERSytoBleed/merged_24308-ERSytoBleed_a16.tif,s3://morphology_profiles/filtered_mp/24308-Ph_golgi/merged_24308-Ph_golgi_a16.tif,s3://morphology_profiles/filtered_mp/24308-Mito/merged_24308-Mito_a16.tif
N=c1[nH]c2ccc(OC(F)(F)F)cc2s1,24308,B19,s3://morphology_profiles/filtered_mp/24308-Hoechst/merged_24308-Hoechst_b19.tif,s3://morphology_profiles/filtered_mp/24308-ERSyto/merged_24308-ERSyto_b19.tif,s3://morphology_profiles/filtered_mp/24308-ERSytoBleed/merged_24308-ERSytoBleed_b19.tif,s3://morphology_profiles/filtered_mp/24308-Ph_golgi/merged_24308-Ph_golgi_b19.tif,s3://morphology_profiles/filtered_mp/24308-Mito/merged_24308-Mito_b19.tif
CS(=O)(=O)c1ccc(C2=C(c3ccccc3)C(=O)OC2)cc1,24308,C3,s3://morphology_profiles/filtered_mp/24308-Hoechst/merged_24308-Hoechst_c03.tif,s3://morphology_profiles/filtered_mp/24308-ERSyto/merged_24308-ERSyto_c03.tif,s3://morphology_profiles/filtered_mp/24308-ERSytoBleed/merged_24308-ERSytoBleed_c03.tif,s3://morphology_profiles/filtered_mp/24308-Ph_golgi/merged_24308-Ph_golgi_c03.tif,s3://morphology_profiles/filtered_mp/24308-Mito/merged_24308-Mito_c03.tif
O=c1ccc2ccccc2o1,24308,D7,s3://morphology_profiles/filtered_mp/24308-Hoechst/merged_24308-Hoechst_d07.tif,s3://morphology_profiles/filtered_mp/24308-ERSyto/merged_24308-ERSyto_d07.tif,s3://morphology_profiles/filtered_mp/24308-ERSytoBleed/merged_24308-ERSytoBleed_d07.tif,s3://morphology_profiles/filtered_mp/24308-Ph_golgi/merged_24308-Ph_golgi_d07.tif,s3://morphology_profiles/filtered_mp/24308-Mito/merged_24308-Mito_d07.tif
CC(=O)OCC(=O)[C@H]1CC[C@H]2[C@@H]3CCC4=CC(=O)CC[C@]4(C)[C@H]3CC[C@]12C,24308,D21,s3://morphology_profiles/filtered_mp/24308-Hoechst/merged_24308-Hoechst_d21.tif,s3://morphology_profiles/filtered_mp/24308-ERSyto/merged_24308-ERSyto_d21.tif,s3://morphology_profiles/filtered_mp/24308-ERSytoBleed/merged_24308-ERSytoBleed_d21.tif,s3://morphology_profiles/filtered_mp/24308-Ph_golgi/merged_24308-Ph_golgi_d21.tif,s3://morphology_profiles/filtered_mp/24308-Mito/merged_24308-Mito_d21.tif
CCCCC[C@H](O)/C=C/[C@H]1[C@H](O)CC(=O)[C@@H]1C/C=C\CCCC(=O)O,24308,F4,s3://morphology_profiles/filtered_mp/24308-Hoechst/merged_24308-Hoechst_f04.tif,s3://morphology_profiles/filtered_mp/24308-ERSyto/merged_24308-ERSyto_f04.tif,s3://morphology_profiles/filtered_mp/24308-ERSytoBleed/merged_24308-ERSytoBleed_f04.tif,s3://morphology_profiles/filtered_mp/24308-Ph_golgi/merged_24308-Ph_golgi_f04.tif,s3://morphology_profiles/filtered_mp/24308-Mito/merged_24308-Mito_f04.tif
CC(C)NC(=N)NC(=N)Nc1ccc(Cl)cc1,24308,G15,s3://morphology_profiles/filtered_mp/24308-Hoechst/merged_24308-Hoechst_g15.tif,s3://morphology_profiles/filtered_mp/24308-ERSyto/merged_24308-ERSyto_g15.tif,s3://morphology_profiles/filtered_mp/24308-ERSytoBleed/merged_24308-ERSytoBleed_g15.tif,s3://morphology_profiles/filtered_mp/24308-Ph_golgi/merged_24308-Ph_golgi_g15.tif,s3://morphology_profiles/filtered_mp/24308-Mito/merged_24308-Mito_g15.tif
CCC(O)=NCC[C@@H]1CCc2ccc3c(c21)CCO3,24308,H5,s3://morphology_profiles/filtered_mp/24308-Hoechst/merged_24308-Hoechst_h05.tif,s3://morphology_profiles/filtered_mp/24308-ERSyto/merged_24308-ERSyto_h05.tif,s3://morphology_profiles/filtered_mp/24308-ERSytoBleed/merged_24308-ERSytoBleed_h05.tif,s3://morphology_profiles/filtered_mp/24308-Ph_golgi/merged_24308-Ph_golgi_h05.tif,s3://morphology_profiles/filtered_mp/24308-Mito/merged_24308-Mito_h05.tif
C#C[C@]1(O)CC[C@H]2[C@@H]3CCc4cc(OC)ccc4[C@H]3CC[C@@]21C,24308,J11,s3://morphology_profiles/filtered_mp/24308-Hoechst/merged_24308-Hoechst_j11.tif,s3://morphology_profiles/filtered_mp/24308-ERSyto/merged_24308-ERSyto_j11.tif,s3://morphology_profiles/filtered_mp/24308-ERSytoBleed/merged_24308-ERSytoBleed_j11.tif,s3://morphology_profiles/filtered_mp/24308-Ph_golgi/merged_24308-Ph_golgi_j11.tif,s3://morphology_profiles/filtered_mp/24308-Mito/merged_24308-Mito_j11.tif
Cc1ccc(S(=O)(=O)NC(O)=NN2CCCCCC2)cc1,24308,J15,s3://morphology_profiles/filtered_mp/24308-Hoechst/merged_24308-Hoechst_j15.tif,s3://morphology_profiles/filtered_mp/24308-ERSyto/merged_24308-ERSyto_j15.tif,s3://morphology_profiles/filtered_mp/24308-ERSytoBleed/merged_24308-ERSytoBleed_j15.tif,s3://morphology_profiles/filtered_mp/24308-Ph_golgi/merged_24308-Ph_golgi_j15.tif,s3://morphology_profiles/filtered_mp/24308-Mito/merged_24308-Mito_j15.tif
CCc1cc(C(=N)S)ccn1,24308,L3,s3://morphology_profiles/filtered_mp/24308-Hoechst/merged_24308-Hoechst_l03.tif,s3://morphology_profiles/filtered_mp/24308-ERSyto/merged_24308-ERSyto_l03.tif,s3://morphology_profiles/filtered_mp/24308-ERSytoBleed/merged_24308-ERSytoBleed_l03.tif,s3://morphology_profiles/filtered_mp/24308-Ph_golgi/merged_24308-Ph_golgi_l03.tif,s3://morphology_profiles/filtered_mp/24308-Mito/merged_24308-Mito_l03.tif
C[C@H]1C[C@@H]2[C@H]([C@@H](O)C[C@@]3(C)[C@H]2CC[C@]3(O)C(=O)CO)[C@@]2(C)C=CC(=O)C=C12,24308,M6,s3://morphology_profiles/filtered_mp/24308-Hoechst/merged_24308-Hoechst_m06.tif,s3://morphology_profiles/filtered_mp/24308-ERSyto/merged_24308-ERSyto_m06.tif,s3://morphology_profiles/filtered_mp/24308-ERSytoBleed/merged_24308-ERSytoBleed_m06.tif,s3://morphology_profiles/filtered_mp/24308-Ph_golgi/merged_24308-Ph_golgi_m06.tif,s3://morphology_profiles/filtered_mp/24308-Mito/merged_24308-Mito_m06.tif
CC1=NN(c2ccccc2)C(=O)C1,24308,M8,s3://morphology_profiles/filtered_mp/24308-Hoechst/merged_24308-Hoechst_m08.tif,s3://morphology_profiles/filtered_mp/24308-ERSyto/merged_24308-ERSyto_m08.tif,s3://morphology_profiles/filtered_mp/24308-ERSytoBleed/merged_24308-ERSytoBleed_m08.tif,s3://morphology_profiles/filtered_mp/24308-Ph_golgi/merged_24308-Ph_golgi_m08.tif,s3://morphology_profiles/filtered_mp/24308-Mito/merged_24308-Mito_m08.tif
COC(=O)[C@@H]1[C@H]2C[C@H]3c4[nH]c5ccccc5c4CCN3C[C@@H]2CC[C@@H]1O,24308,M12,s3://morphology_profiles/filtered_mp/24308-Hoechst/merged_24308-Hoechst_m12.tif,s3://morphology_profiles/filtered_mp/24308-ERSyto/merged_24308-ERSyto_m12.tif,s3://morphology_profiles/filtered_mp/24308-ERSytoBleed/merged_24308-ERSytoBleed_m12.tif,s3://morphology_profiles/filtered_mp/24308-Ph_golgi/merged_24308-Ph_golgi_m12.tif,s3://morphology_profiles/filtered_mp/24308-Mito/merged_24308-Mito_m12.tif
CCC1(CC)C(=O)C=CN=C1O,24308,M24,s3://morphology_profiles/filtered_mp/24308-Hoechst/merged_24308-Hoechst_m24.tif,s3://morphology_profiles/filtered_mp/24308-ERSyto/merged_24308-ERSyto_m24.tif,s3://morphology_profiles/filtered_mp/24308-ERSytoBleed/merged_24308-ERSytoBleed_m24.tif,s3://morphology_profiles/filtered_mp/24308-Ph_golgi/merged_24308-Ph_golgi_m24.tif,s3://morphology_profiles/filtered_mp/24308-Mito/merged_24308-Mito_m24.tif
COc1ccc(Cl)cc1C(O)=NCCc1ccc(S(=O)(=O)NC(O)=NC2CCCCC2)cc1,24308,N15,s3://morphology_profiles/filtered_mp/24308-Hoechst/merged_24308-Hoechst_n15.tif,s3://morphology_profiles/filtered_mp/24308-ERSyto/merged_24308-ERSyto_n15.tif,s3://morphology_profiles/filtered_mp/24308-ERSytoBleed/merged_24308-ERSytoBleed_n15.tif,s3://morphology_profiles/filtered_mp/24308-Ph_golgi/merged_24308-Ph_golgi_n15.tif,s3://morphology_profiles/filtered_mp/24308-Mito/merged_24308-Mito_n15.tif
NCc1ccccc1CC(O)=N[C@@H]1C(=O)N2C(C(=O)O)=C(CSc3nnnn3CC(=O)O)CS[C@H]12,24308,O9,s3://morphology_profiles/filtered_mp/24308-Hoechst/merged_24308-Hoechst_o09.tif,s3://morphology_profiles/filtered_mp/24308-ERSyto/merged_24308-ERSyto_o09.tif,s3://morphology_profiles/filtered_mp/24308-ERSytoBleed/merged_24308-ERSytoBleed_o09.tif,s3://morphology_profiles/filtered_mp/24308-Ph_golgi/merged_24308-Ph_golgi_o09.tif,s3://morphology_profiles/filtered_mp/24308-Mito/merged_24308-Mito_o09.tif
CCCCNc1cc(C(=O)O)cc(S(N)(=O)=O)c1Oc1ccccc1,24308,O17,s3://morphology_profiles/filtered_mp/24308-Hoechst/merged_24308-Hoechst_o17.tif,s3://morphology_profiles/filtered_mp/24308-ERSyto/merged_24308-ERSyto_o17.tif,s3://morphology_profiles/filtered_mp/24308-ERSytoBleed/merged_24308-ERSytoBleed_o17.tif,s3://morphology_profiles/filtered_mp/24308-Ph_golgi/merged_24308-Ph_golgi_o17.tif,s3://morphology_profiles/filtered_mp/24308-Mito/merged_24308-Mito_o17.tif
CCOc1ccc(N=C(C)O)cc1,24308,O20,s3://morphology_profiles/filtered_mp/24308-Hoechst/merged_24308-Hoechst_o20.tif,s3://morphology_profiles/filtered_mp/24308-ERSyto/merged_24308-ERSyto_o20.tif,s3://morphology_profiles/filtered_mp/24308-ERSytoBleed/merged_24308-ERSytoBleed_o20.tif,s3://morphology_profiles/filtered_mp/24308-Ph_golgi/merged_24308-Ph_golgi_o20.tif,s3://morphology_profiles/filtered_mp/24308-Mito/merged_24308-Mito_o20.tif
C[C@@H]1C[C@H]2[C@@H]3CCC4=CC(=O)C=C[C@]4(C)[C@@]3(F)[C@@H](O)C[C@]2(C)[C@@]1(O)C(=O)CO,24308,P3,s3://morphology_profiles/filtered_mp/24308-Hoechst/merged_24308-Hoechst_p03.tif,s3://morphology_profiles/filtered_mp/24308-ERSyto/merged_24308-ERSyto_p03.tif,s3://morphology_profiles/filtered_mp/24308-ERSytoBleed/merged_24308-ERSytoBleed_p03.tif,s3://morphology_profiles/filtered_mp/24308-Ph_golgi/merged_24308-Ph_golgi_p03.tif,s3://morphology_profiles/filtered_mp/24308-Mito/merged_24308-Mito_p03.tif
COc1ccc([C@@H]2CC(=O)c3c(O)cc(O[C@@H]4O[C@H](CO[C@@H]5O[C@@H](C)[C@H](O)[C@@H](O)[C@H]5O)[C@@H](O)[C@H](O)[C@H]4O)cc3O2)cc1O,24308,P4,s3://morphology_profiles/filtered_mp/24308-Hoechst/merged_24308-Hoechst_p04.tif,s3://morphology_profiles/filtered_mp/24308-ERSyto/merged_24308-ERSyto_p04.tif,s3://morphology_profiles/filtered_mp/24308-ERSytoBleed/merged_24308-ERSytoBleed_p04.tif,s3://morphology_profiles/filtered_mp/24308-Ph_golgi/merged_24308-Ph_golgi_p04.tif,s3://morphology_profiles/filtered_mp/24308-Mito/merged_24308-Mito_p04.tif
C[C@H]1C[C@H]2[C@@H]3CCC4=CC(=O)C=C[C@]4(C)[C@@]3(F)[C@@H](O)C[C@]2(C)[C@@]1(O)C(=O)CO,24308,P8,s3://morphology_profiles/filtered_mp/24308-Hoechst/merged_24308-Hoechst_p08.tif,s3://morphology_profiles/filtered_mp/24308-ERSyto/merged_24308-ERSyto_p08.tif,s3://morphology_profiles/filtered_mp/24308-ERSytoBleed/merged_24308-ERSytoBleed_p08.tif,s3://morphology_profiles/filtered_mp/24308-Ph_golgi/merged_24308-Ph_golgi_p08.tif,s3://morphology_profiles/filtered_mp/24308-Mito/merged_24308-Mito_p08.tif
C[C@]12CC[C@@H]3c4ccc(O)cc4CC[C@H]3[C@@H]1CC[C@@H]2O,24309,A16,s3://morphology_profiles/filtered_mp/24309-Hoechst/merged_24309-Hoechst_a16.tif,s3://morphology_profiles/filtered_mp/24309-ERSyto/merged_24309-ERSyto_a16.tif,s3://morphology_profiles/filtered_mp/24309-ERSytoBleed/merged_24309-ERSytoBleed_a16.tif,s3://morphology_profiles/filtered_mp/24309-Ph_golgi/merged_24309-Ph_golgi_a16.tif,s3://morphology_profiles/filtered_mp/24309-Mito/merged_24309-Mito_a16.tif
N=c1[nH]c2ccc(OC(F)(F)F)cc2s1,24309,B19,s3://morphology_profiles/filtered_mp/24309-Hoechst/merged_24309-Hoechst_b19.tif,s3://morphology_profiles/filtered_mp/24309-ERSyto/merged_24309-ERSyto_b19.tif,s3://morphology_profiles/filtered_mp/24309-ERSytoBleed/merged_24309-ERSytoBleed_b19.tif,s3://morphology_profiles/filtered_mp/24309-Ph_golgi/merged_24309-Ph_golgi_b19.tif,s3://morphology_profiles/filtered_mp/24309-Mito/merged_24309-Mito_b19.tif
CS(=O)(=O)c1ccc(C2=C(c3ccccc3)C(=O)OC2)cc1,24309,C3,s3://morphology_profiles/filtered_mp/24309-Hoechst/merged_24309-Hoechst_c03.tif,s3://morphology_profiles/filtered_mp/24309-ERSyto/merged_24309-ERSyto_c03.tif,s3://morphology_profiles/filtered_mp/24309-ERSytoBleed/merged_24309-ERSytoBleed_c03.tif,s3://morphology_profiles/filtered_mp/24309-Ph_golgi/merged_24309-Ph_golgi_c03.tif,s3://morphology_profiles/filtered_mp/24309-Mito/merged_24309-Mito_c03.tif
O=c1ccc2ccccc2o1,24309,D7,s3://morphology_profiles/filtered_mp/24309-Hoechst/merged_24309-Hoechst_d07.tif,s3://morphology_profiles/filtered_mp/24309-ERSyto/merged_24309-ERSyto_d07.tif,s3://morphology_profiles/filtered_mp/24309-ERSytoBleed/merged_24309-ERSytoBleed_d07.tif,s3://morphology_profiles/filtered_mp/24309-Ph_golgi/merged_24309-Ph_golgi_d07.tif,s3://morphology_profiles/filtered_mp/24309-Mito/merged_24309-Mito_d07.tif
CC(=O)OCC(=O)[C@H]1CC[C@H]2[C@@H]3CCC4=CC(=O)CC[C@]4(C)[C@H]3CC[C@]12C,24309,D21,s3://morphology_profiles/filtered_mp/24309-Hoechst/merged_24309-Hoechst_d21.tif,s3://morphology_profiles/filtered_mp/24309-ERSyto/merged_24309-ERSyto_d21.tif,s3://morphology_profiles/filtered_mp/24309-ERSytoBleed/merged_24309-ERSytoBleed_d21.tif,s3://morphology_profiles/filtered_mp/24309-Ph_golgi/merged_24309-Ph_golgi_d21.tif,s3://morphology_profiles/filtered_mp/24309-Mito/merged_24309-Mito_d21.tif
CCCCC[C@H](O)/C=C/[C@H]1[C@H](O)CC(=O)[C@@H]1C/C=C\CCCC(=O)O,24309,F4,s3://morphology_profiles/filtered_mp/24309-Hoechst/merged_24309-Hoechst_f04.tif,s3://morphology_profiles/filtered_mp/24309-ERSyto/merged_24309-ERSyto_f04.tif,s3://morphology_profiles/filtered_mp/24309-ERSytoBleed/merged_24309-ERSytoBleed_f04.tif,s3://morphology_profiles/filtered_mp/24309-Ph_golgi/merged_24309-Ph_golgi_f04.tif,s3://morphology_profiles/filtered_mp/24309-Mito/merged_24309-Mito_f04.tif
CC(C)NC(=N)NC(=N)Nc1ccc(Cl)cc1,24309,G15,s3://morphology_profiles/filtered_mp/24309-Hoechst/merged_24309-Hoechst_g15.tif,s3://morphology_profiles/filtered_mp/24309-ERSyto/merged_24309-ERSyto_g15.tif,s3://morphology_profiles/filtered_mp/24309-ERSytoBleed/merged_24309-ERSytoBleed_g15.tif,s3://morphology_profiles/filtered_mp/24309-Ph_golgi/merged_24309-Ph_golgi_g15.tif,s3://morphology_profiles/filtered_mp/24309-Mito/merged_24309-Mito_g15.tif
CCC(O)=NCC[C@@H]1CCc2ccc3c(c21)CCO3,24309,H5,s3://morphology_profiles/filtered_mp/24309-Hoechst/merged_24309-Hoechst_h05.tif,s3://morphology_profiles/filtered_mp/24309-ERSyto/merged_24309-ERSyto_h05.tif,s3://morphology_profiles/filtered_mp/24309-ERSytoBleed/merged_24309-ERSytoBleed_h05.tif,s3://morphology_profiles/filtered_mp/24309-Ph_golgi/merged_24309-Ph_golgi_h05.tif,s3://morphology_profiles/filtered_mp/24309-Mito/merged_24309-Mito_h05.tif
C#C[C@]1(O)CC[C@H]2[C@@H]3CCc4cc(OC)ccc4[C@H]3CC[C@@]21C,24309,J11,s3://morphology_profiles/filtered_mp/24309-Hoechst/merged_24309-Hoechst_j11.tif,s3://morphology_profiles/filtered_mp/24309-ERSyto/merged_24309-ERSyto_j11.tif,s3://morphology_profiles/filtered_mp/24309-ERSytoBleed/merged_24309-ERSytoBleed_j11.tif,s3://morphology_profiles/filtered_mp/24309-Ph_golgi/merged_24309-Ph_golgi_j11.tif,s3://morphology_profiles/filtered_mp/24309-Mito/merged_24309-Mito_j11.tif
Cc1ccc(S(=O)(=O)NC(O)=NN2CCCCCC2)cc1,24309,J15,s3://morphology_profiles/filtered_mp/24309-Hoechst/merged_24309-Hoechst_j15.tif,s3://morphology_profiles/filtered_mp/24309-ERSyto/merged_24309-ERSyto_j15.tif,s3://morphology_profiles/filtered_mp/24309-ERSytoBleed/merged_24309-ERSytoBleed_j15.tif,s3://morphology_profiles/filtered_mp/24309-Ph_golgi/merged_24309-Ph_golgi_j15.tif,s3://morphology_profiles/filtered_mp/24309-Mito/merged_24309-Mito_j15.tif
CCc1cc(C(=N)S)ccn1,24309,L3,s3://morphology_profiles/filtered_mp/24309-Hoechst/merged_24309-Hoechst_l03.tif,s3://morphology_profiles/filtered_mp/24309-ERSyto/merged_24309-ERSyto_l03.tif,s3://morphology_profiles/filtered_mp/24309-ERSytoBleed/merged_24309-ERSytoBleed_l03.tif,s3://morphology_profiles/filtered_mp/24309-Ph_golgi/merged_24309-Ph_golgi_l03.tif,s3://morphology_profiles/filtered_mp/24309-Mito/merged_24309-Mito_l03.tif
C[C@H]1C[C@@H]2[C@H]([C@@H](O)C[C@@]3(C)[C@H]2CC[C@]3(O)C(=O)CO)[C@@]2(C)C=CC(=O)C=C12,24309,M6,s3://morphology_profiles/filtered_mp/24309-Hoechst/merged_24309-Hoechst_m06.tif,s3://morphology_profiles/filtered_mp/24309-ERSyto/merged_24309-ERSyto_m06.tif,s3://morphology_profiles/filtered_mp/24309-ERSytoBleed/merged_24309-ERSytoBleed_m06.tif,s3://morphology_profiles/filtered_mp/24309-Ph_golgi/merged_24309-Ph_golgi_m06.tif,s3://morphology_profiles/filtered_mp/24309-Mito/merged_24309-Mito_m06.tif
CC1=NN(c2ccccc2)C(=O)C1,24309,M8,s3://morphology_profiles/filtered_mp/24309-Hoechst/merged_24309-Hoechst_m08.tif,s3://morphology_profiles/filtered_mp/24309-ERSyto/merged_24309-ERSyto_m08.tif,s3://morphology_profiles/filtered_mp/24309-ERSytoBleed/merged_24309-ERSytoBleed_m08.tif,s3://morphology_profiles/filtered_mp/24309-Ph_golgi/merged_24309-Ph_golgi_m08.tif,s3://morphology_profiles/filtered_mp/24309-Mito/merged_24309-Mito_m08.tif
COC(=O)[C@@H]1[C@H]2C[C@H]3c4[nH]c5ccccc5c4CCN3C[C@@H]2CC[C@@H]1O,24309,M12,s3://morphology_profiles/filtered_mp/24309-Hoechst/merged_24309-Hoechst_m12.tif,s3://morphology_profiles/filtered_mp/24309-ERSyto/merged_24309-ERSyto_m12.tif,s3://morphology_profiles/filtered_mp/24309-ERSytoBleed/merged_24309-ERSytoBleed_m12.tif,s3://morphology_profiles/filtered_mp/24309-Ph_golgi/merged_24309-Ph_golgi_m12.tif,s3://morphology_profiles/filtered_mp/24309-Mito/merged_24309-Mito_m12.tif
CCC1(CC)C(=O)C=CN=C1O,24309,M24,s3://morphology_profiles/filtered_mp/24309-Hoechst/merged_24309-Hoechst_m24.tif,s3://morphology_profiles/filtered_mp/24309-ERSyto/merged_24309-ERSyto_m24.tif,s3://morphology_profiles/filtered_mp/24309-ERSytoBleed/merged_24309-ERSytoBleed_m24.tif,s3://morphology_profiles/filtered_mp/24309-Ph_golgi/merged_24309-Ph_golgi_m24.tif,s3://morphology_profiles/filtered_mp/24309-Mito/merged_24309-Mito_m24.tif
COc1ccc(Cl)cc1C(O)=NCCc1ccc(S(=O)(=O)NC(O)=NC2CCCCC2)cc1,24309,N15,s3://morphology_profiles/filtered_mp/24309-Hoechst/merged_24309-Hoechst_n15.tif,s3://morphology_profiles/filtered_mp/24309-ERSyto/merged_24309-ERSyto_n15.tif,s3://morphology_profiles/filtered_mp/24309-ERSytoBleed/merged_24309-ERSytoBleed_n15.tif,s3://morphology_profiles/filtered_mp/24309-Ph_golgi/merged_24309-Ph_golgi_n15.tif,s3://morphology_profiles/filtered_mp/24309-Mito/merged_24309-Mito_n15.tif
NCc1ccccc1CC(O)=N[C@@H]1C(=O)N2C(C(=O)O)=C(CSc3nnnn3CC(=O)O)CS[C@H]12,24309,O9,s3://morphology_profiles/filtered_mp/24309-Hoechst/merged_24309-Hoechst_o09.tif,s3://morphology_profiles/filtered_mp/24309-ERSyto/merged_24309-ERSyto_o09.tif,s3://morphology_profiles/filtered_mp/24309-ERSytoBleed/merged_24309-ERSytoBleed_o09.tif,s3://morphology_profiles/filtered_mp/24309-Ph_golgi/merged_24309-Ph_golgi_o09.tif,s3://morphology_profiles/filtered_mp/24309-Mito/merged_24309-Mito_o09.tif
CCCCNc1cc(C(=O)O)cc(S(N)(=O)=O)c1Oc1ccccc1,24309,O17,s3://morphology_profiles/filtered_mp/24309-Hoechst/merged_24309-Hoechst_o17.tif,s3://morphology_profiles/filtered_mp/24309-ERSyto/merged_24309-ERSyto_o17.tif,s3://morphology_profiles/filtered_mp/24309-ERSytoBleed/merged_24309-ERSytoBleed_o17.tif,s3://morphology_profiles/filtered_mp/24309-Ph_golgi/merged_24309-Ph_golgi_o17.tif,s3://morphology_profiles/filtered_mp/24309-Mito/merged_24309-Mito_o17.tif
CCOc1ccc(N=C(C)O)cc1,24309,O20,s3://morphology_profiles/filtered_mp/24309-Hoechst/merged_24309-Hoechst_o20.tif,s3://morphology_profiles/filtered_mp/24309-ERSyto/merged_24309-ERSyto_o20.tif,s3://morphology_profiles/filtered_mp/24309-ERSytoBleed/merged_24309-ERSytoBleed_o20.tif,s3://morphology_profiles/filtered_mp/24309-Ph_golgi/merged_24309-Ph_golgi_o20.tif,s3://morphology_profiles/filtered_mp/24309-Mito/merged_24309-Mito_o20.tif
C[C@@H]1C[C@H]2[C@@H]3CCC4=CC(=O)C=C[C@]4(C)[C@@]3(F)[C@@H](O)C[C@]2(C)[C@@]1(O)C(=O)CO,24309,P3,s3://morphology_profiles/filtered_mp/24309-Hoechst/merged_24309-Hoechst_p03.tif,s3://morphology_profiles/filtered_mp/24309-ERSyto/merged_24309-ERSyto_p03.tif,s3://morphology_profiles/filtered_mp/24309-ERSytoBleed/merged_24309-ERSytoBleed_p03.tif,s3://morphology_profiles/filtered_mp/24309-Ph_golgi/merged_24309-Ph_golgi_p03.tif,s3://morphology_profiles/filtered_mp/24309-Mito/merged_24309-Mito_p03.tif
COc1ccc([C@@H]2CC(=O)c3c(O)cc(O[C@@H]4O[C@H](CO[C@@H]5O[C@@H](C)[C@H](O)[C@@H](O)[C@H]5O)[C@@H](O)[C@H](O)[C@H]4O)cc3O2)cc1O,24309,P4,s3://morphology_profiles/filtered_mp/24309-Hoechst/merged_24309-Hoechst_p04.tif,s3://morphology_profiles/filtered_mp/24309-ERSyto/merged_24309-ERSyto_p04.tif,s3://morphology_profiles/filtered_mp/24309-ERSytoBleed/merged_24309-ERSytoBleed_p04.tif,s3://morphology_profiles/filtered_mp/24309-Ph_golgi/merged_24309-Ph_golgi_p04.tif,s3://morphology_profiles/filtered_mp/24309-Mito/merged_24309-Mito_p04.tif
C[C@H]1C[C@H]2[C@@H]3CCC4=CC(=O)C=C[C@]4(C)[C@@]3(F)[C@@H](O)C[C@]2(C)[C@@]1(O)C(=O)CO,24309,P8,s3://morphology_profiles/filtered_mp/24309-Hoechst/merged_24309-Hoechst_p08.tif,s3://morphology_profiles/filtered_mp/24309-ERSyto/merged_24309-ERSyto_p08.tif,s3://morphology_profiles/filtered_mp/24309-ERSytoBleed/merged_24309-ERSytoBleed_p08.tif,s3://morphology_profiles/filtered_mp/24309-Ph_golgi/merged_24309-Ph_golgi_p08.tif,s3://morphology_profiles/filtered_mp/24309-Mito/merged_24309-Mito_p08.tif
N=C(O)N=C(O)Cc1ccccc1,24310,A4,s3://morphology_profiles/filtered_mp/24310-Hoechst/merged_24310-Hoechst_a04.tif,s3://morphology_profiles/filtered_mp/24310-ERSyto/merged_24310-ERSyto_a04.tif,s3://morphology_profiles/filtered_mp/24310-ERSytoBleed/merged_24310-ERSytoBleed_a04.tif,s3://morphology_profiles/filtered_mp/24310-Ph_golgi/merged_24310-Ph_golgi_a04.tif,s3://morphology_profiles/filtered_mp/24310-Mito/merged_24310-Mito_a04.tif
C[C@]12CCC(=O)C=C1CC[C@@H]1[C@@H]2C(=O)C[C@@]2(C)[C@H]1CC[C@]2(O)C(=O)CO,24310,C5,s3://morphology_profiles/filtered_mp/24310-Hoechst/merged_24310-Hoechst_c05.tif,s3://morphology_profiles/filtered_mp/24310-ERSyto/merged_24310-ERSyto_c05.tif,s3://morphology_profiles/filtered_mp/24310-ERSytoBleed/merged_24310-ERSytoBleed_c05.tif,s3://morphology_profiles/filtered_mp/24310-Ph_golgi/merged_24310-Ph_golgi_c05.tif,s3://morphology_profiles/filtered_mp/24310-Mito/merged_24310-Mito_c05.tif
CCCCC(=O)N(Cc1ccc(-c2ccccc2-c2nn[nH]n2)cc1)[C@H](C(=O)O)C(C)C,24310,D3,s3://morphology_profiles/filtered_mp/24310-Hoechst/merged_24310-Hoechst_d03.tif,s3://morphology_profiles/filtered_mp/24310-ERSyto/merged_24310-ERSyto_d03.tif,s3://morphology_profiles/filtered_mp/24310-ERSytoBleed/merged_24310-ERSytoBleed_d03.tif,s3://morphology_profiles/filtered_mp/24310-Ph_golgi/merged_24310-Ph_golgi_d03.tif,s3://morphology_profiles/filtered_mp/24310-Mito/merged_24310-Mito_d03.tif
Cc1cc(=O)n(-c2ccccc2)n1C,24310,E15,s3://morphology_profiles/filtered_mp/24310-Hoechst/merged_24310-Hoechst_e15.tif,s3://morphology_profiles/filtered_mp/24310-ERSyto/merged_24310-ERSyto_e15.tif,s3://morphology_profiles/filtered_mp/24310-ERSytoBleed/merged_24310-ERSytoBleed_e15.tif,s3://morphology_profiles/filtered_mp/24310-Ph_golgi/merged_24310-Ph_golgi_e15.tif,s3://morphology_profiles/filtered_mp/24310-Mito/merged_24310-Mito_e15.tif
CC/C=C\C/C=C\C/C=C\C/C=C\C/C=C\CCCC(=O)O,24310,E21,s3://morphology_profiles/filtered_mp/24310-Hoechst/merged_24310-Hoechst_e21.tif,s3://morphology_profiles/filtered_mp/24310-ERSyto/merged_24310-ERSyto_e21.tif,s3://morphology_profiles/filtered_mp/24310-ERSytoBleed/merged_24310-ERSytoBleed_e21.tif,s3://morphology_profiles/filtered_mp/24310-Ph_golgi/merged_24310-Ph_golgi_e21.tif,s3://morphology_profiles/filtered_mp/24310-Mito/merged_24310-Mito_e21.tif
CCCc1cc(O)nc(S)n1,24310,G5,s3://morphology_profiles/filtered_mp/24310-Hoechst/merged_24310-Hoechst_g05.tif,s3://morphology_profiles/filtered_mp/24310-ERSyto/merged_24310-ERSyto_g05.tif,s3://morphology_profiles/filtered_mp/24310-ERSytoBleed/merged_24310-ERSytoBleed_g05.tif,s3://morphology_profiles/filtered_mp/24310-Ph_golgi/merged_24310-Ph_golgi_g05.tif,s3://morphology_profiles/filtered_mp/24310-Mito/merged_24310-Mito_g05.tif
NS(=O)(=O)Cc1noc2ccccc12,24310,G7,s3://morphology_profiles/filtered_mp/24310-Hoechst/merged_24310-Hoechst_g07.tif,s3://morphology_profiles/filtered_mp/24310-ERSyto/merged_24310-ERSyto_g07.tif,s3://morphology_profiles/filtered_mp/24310-ERSytoBleed/merged_24310-ERSytoBleed_g07.tif,s3://morphology_profiles/filtered_mp/24310-Ph_golgi/merged_24310-Ph_golgi_g07.tif,s3://morphology_profiles/filtered_mp/24310-Mito/merged_24310-Mito_g07.tif
COc1cc2nc(N3CCN(C(=O)c4ccco4)CC3)[nH]c(=N)c2cc1OC,24310,G17,s3://morphology_profiles/filtered_mp/24310-Hoechst/merged_24310-Hoechst_g17.tif,s3://morphology_profiles/filtered_mp/24310-ERSyto/merged_24310-ERSyto_g17.tif,s3://morphology_profiles/filtered_mp/24310-ERSytoBleed/merged_24310-ERSytoBleed_g17.tif,s3://morphology_profiles/filtered_mp/24310-Ph_golgi/merged_24310-Ph_golgi_g17.tif,s3://morphology_profiles/filtered_mp/24310-Mito/merged_24310-Mito_g17.tif
COc1ccc2c3c1O[C@H]1C[C@@H](O)C=C[C@@]31CCN(C)C2,24310,H1,s3://morphology_profiles/filtered_mp/24310-Hoechst/merged_24310-Hoechst_h01.tif,s3://morphology_profiles/filtered_mp/24310-ERSyto/merged_24310-ERSyto_h01.tif,s3://morphology_profiles/filtered_mp/24310-ERSytoBleed/merged_24310-ERSytoBleed_h01.tif,s3://morphology_profiles/filtered_mp/24310-Ph_golgi/merged_24310-Ph_golgi_h01.tif,s3://morphology_profiles/filtered_mp/24310-Mito/merged_24310-Mito_h01.tif
CC1(C)O[C@@H]2C[C@H]3[C@@H]4C[C@H](F)C5=CC(=O)C=C[C@]5(C)[C@H]4[C@@H](O)C[C@]3(C)[C@]2(C(=O)CO)O1,24310,H5,s3://morphology_profiles/filtered_mp/24310-Hoechst/merged_24310-Hoechst_h05.tif,s3://morphology_profiles/filtered_mp/24310-ERSyto/merged_24310-ERSyto_h05.tif,s3://morphology_profiles/filtered_mp/24310-ERSytoBleed/merged_24310-ERSytoBleed_h05.tif,s3://morphology_profiles/filtered_mp/24310-Ph_golgi/merged_24310-Ph_golgi_h05.tif,s3://morphology_profiles/filtered_mp/24310-Mito/merged_24310-Mito_h05.tif
Cc1ccc(Cl)c(Nc2ccccc2C(=O)O)c1Cl,24310,H23,s3://morphology_profiles/filtered_mp/24310-Hoechst/merged_24310-Hoechst_h23.tif,s3://morphology_profiles/filtered_mp/24310-ERSyto/merged_24310-ERSyto_h23.tif,s3://morphology_profiles/filtered_mp/24310-ERSytoBleed/merged_24310-ERSytoBleed_h23.tif,s3://morphology_profiles/filtered_mp/24310-Ph_golgi/merged_24310-Ph_golgi_h23.tif,s3://morphology_profiles/filtered_mp/24310-Mito/merged_24310-Mito_h23.tif
COC(=O)[C@H]1[C@H]2C[C@@H]3c4[nH]c5cc(OC)ccc5c4CCN3C[C@H]2C[C@@H](OC(=O)/C=C/c2cc(OC)c(OC)c(OC)c2)[C@@H]1OC,24310,J23,s3://morphology_profiles/filtered_mp/24310-Hoechst/merged_24310-Hoechst_j23.tif,s3://morphology_profiles/filtered_mp/24310-ERSyto/merged_24310-ERSyto_j23.tif,s3://morphology_profiles/filtered_mp/24310-ERSytoBleed/merged_24310-ERSytoBleed_j23.tif,s3://morphology_profiles/filtered_mp/24310-Ph_golgi/merged_24310-Ph_golgi_j23.tif,s3://morphology_profiles/filtered_mp/24310-Mito/merged_24310-Mito_j23.tif
CC(=O)c1ccc(S(=O)(=O)NC(O)=NC2CCCCC2)cc1,24310,J24,s3://morphology_profiles/filtered_mp/24310-Hoechst/merged_24310-Hoechst_j24.tif,s3://morphology_profiles/filtered_mp/24310-ERSyto/merged_24310-ERSyto_j24.tif,s3://morphology_profiles/filtered_mp/24310-ERSytoBleed/merged_24310-ERSytoBleed_j24.tif,s3://morphology_profiles/filtered_mp/24310-Ph_golgi/merged_24310-Ph_golgi_j24.tif,s3://morphology_profiles/filtered_mp/24310-Mito/merged_24310-Mito_j24.tif
Cc1nc2n(c(=O)c1CCN1CCC(c3noc4cc(F)ccc34)CC1)CCCC2,24310,K14,s3://morphology_profiles/filtered_mp/24310-Hoechst/merged_24310-Hoechst_k14.tif,s3://morphology_profiles/filtered_mp/24310-ERSyto/merged_24310-ERSyto_k14.tif,s3://morphology_profiles/filtered_mp/24310-ERSytoBleed/merged_24310-ERSytoBleed_k14.tif,s3://morphology_profiles/filtered_mp/24310-Ph_golgi/merged_24310-Ph_golgi_k14.tif,s3://morphology_profiles/filtered_mp/24310-Mito/merged_24310-Mito_k14.tif
C[C@H](CS)C(=O)N1CCC[C@H]1C(=O)O,24310,L6,s3://morphology_profiles/filtered_mp/24310-Hoechst/merged_24310-Hoechst_l06.tif,s3://morphology_profiles/filtered_mp/24310-ERSyto/merged_24310-ERSyto_l06.tif,s3://morphology_profiles/filtered_mp/24310-ERSytoBleed/merged_24310-ERSytoBleed_l06.tif,s3://morphology_profiles/filtered_mp/24310-Ph_golgi/merged_24310-Ph_golgi_l06.tif,s3://morphology_profiles/filtered_mp/24310-Mito/merged_24310-Mito_l06.tif
COc1ncnc(NS(=O)(=O)c2ccc(N)cc2)c1OC,24310,L22,s3://morphology_profiles/filtered_mp/24310-Hoechst/merged_24310-Hoechst_l22.tif,s3://morphology_profiles/filtered_mp/24310-ERSyto/merged_24310-ERSyto_l22.tif,s3://morphology_profiles/filtered_mp/24310-ERSytoBleed/merged_24310-ERSytoBleed_l22.tif,s3://morphology_profiles/filtered_mp/24310-Ph_golgi/merged_24310-Ph_golgi_l22.tif,s3://morphology_profiles/filtered_mp/24310-Mito/merged_24310-Mito_l22.tif
CC(=O)[C@H]1CC[C@H]2[C@@H]3C[C@H](C)C4=CC(=O)CC[C@]4(C)[C@H]3[C@@H](O)C[C@]12C,24310,N1,s3://morphology_profiles/filtered_mp/24310-Hoechst/merged_24310-Hoechst_n01.tif,s3://morphology_profiles/filtered_mp/24310-ERSyto/merged_24310-ERSyto_n01.tif,s3://morphology_profiles/filtered_mp/24310-ERSytoBleed/merged_24310-ERSytoBleed_n01.tif,s3://morphology_profiles/filtered_mp/24310-Ph_golgi/merged_24310-Ph_golgi_n01.tif,s3://morphology_profiles/filtered_mp/24310-Mito/merged_24310-Mito_n01.tif
CCc1nnc(NS(=O)(=O)c2ccc(N)cc2)s1,24310,N6,s3://morphology_profiles/filtered_mp/24310-Hoechst/merged_24310-Hoechst_n06.tif,s3://morphology_profiles/filtered_mp/24310-ERSyto/merged_24310-ERSyto_n06.tif,s3://morphology_profiles/filtered_mp/24310-ERSytoBleed/merged_24310-ERSytoBleed_n06.tif,s3://morphology_profiles/filtered_mp/24310-Ph_golgi/merged_24310-Ph_golgi_n06.tif,s3://morphology_profiles/filtered_mp/24310-Mito/merged_24310-Mito_n06.tif
COc1ccc2c(c1)c(CC(=O)O)c(C)n2C(=O)c1ccc(Cl)cc1,24310,N12,s3://morphology_profiles/filtered_mp/24310-Hoechst/merged_24310-Hoechst_n12.tif,s3://morphology_profiles/filtered_mp/24310-ERSyto/merged_24310-ERSyto_n12.tif,s3://morphology_profiles/filtered_mp/24310-ERSytoBleed/merged_24310-ERSytoBleed_n12.tif,s3://morphology_profiles/filtered_mp/24310-Ph_golgi/merged_24310-Ph_golgi_n12.tif,s3://morphology_profiles/filtered_mp/24310-Mito/merged_24310-Mito_n12.tif
CC(=O)OCC(=O)[C@@]12OC(C)(C)O[C@@H]1C[C@H]1[C@@H]3C[C@H](F)C4=CC(=O)C=C[C@]4(C)[C@@]3(F)[C@@H](O)C[C@@]12C,24310,N22,s3://morphology_profiles/filtered_mp/24310-Hoechst/merged_24310-Hoechst_n22.tif,s3://morphology_profiles/filtered_mp/24310-ERSyto/merged_24310-ERSyto_n22.tif,s3://morphology_profiles/filtered_mp/24310-ERSytoBleed/merged_24310-ERSytoBleed_n22.tif,s3://morphology_profiles/filtered_mp/24310-Ph_golgi/merged_24310-Ph_golgi_n22.tif,s3://morphology_profiles/filtered_mp/24310-Mito/merged_24310-Mito_n22.tif
Nc1ccc(S(=O)(=O)N=C(O)c2ccccc2)cc1,24310,P7,s3://morphology_profiles/filtered_mp/24310-Hoechst/merged_24310-Hoechst_p07.tif,s3://morphology_profiles/filtered_mp/24310-ERSyto/merged_24310-ERSyto_p07.tif,s3://morphology_profiles/filtered_mp/24310-ERSytoBleed/merged_24310-ERSytoBleed_p07.tif,s3://morphology_profiles/filtered_mp/24310-Ph_golgi/merged_24310-Ph_golgi_p07.tif,s3://morphology_profiles/filtered_mp/24310-Mito/merged_24310-Mito_p07.tif
N=C(O)N=C(O)Cc1ccccc1,24311,A4,s3://morphology_profiles/filtered_mp/24311-Hoechst/merged_24311-Hoechst_a04.tif,s3://morphology_profiles/filtered_mp/24311-ERSyto/merged_24311-ERSyto_a04.tif,s3://morphology_profiles/filtered_mp/24311-ERSytoBleed/merged_24311-ERSytoBleed_a04.tif,s3://morphology_profiles/filtered_mp/24311-Ph_golgi/merged_24311-Ph_golgi_a04.tif,s3://morphology_profiles/filtered_mp/24311-Mito/merged_24311-Mito_a04.tif
C[C@]12CCC(=O)C=C1CC[C@@H]1[C@@H]2C(=O)C[C@@]2(C)[C@H]1CC[C@]2(O)C(=O)CO,24311,C5,s3://morphology_profiles/filtered_mp/24311-Hoechst/merged_24311-Hoechst_c05.tif,s3://morphology_profiles/filtered_mp/24311-ERSyto/merged_24311-ERSyto_c05.tif,s3://morphology_profiles/filtered_mp/24311-ERSytoBleed/merged_24311-ERSytoBleed_c05.tif,s3://morphology_profiles/filtered_mp/24311-Ph_golgi/merged_24311-Ph_golgi_c05.tif,s3://morphology_profiles/filtered_mp/24311-Mito/merged_24311-Mito_c05.tif
CCCCC(=O)N(Cc1ccc(-c2ccccc2-c2nn[nH]n2)cc1)[C@H](C(=O)O)C(C)C,24311,D3,s3://morphology_profiles/filtered_mp/24311-Hoechst/merged_24311-Hoechst_d03.tif,s3://morphology_profiles/filtered_mp/24311-ERSyto/merged_24311-ERSyto_d03.tif,s3://morphology_profiles/filtered_mp/24311-ERSytoBleed/merged_24311-ERSytoBleed_d03.tif,s3://morphology_profiles/filtered_mp/24311-Ph_golgi/merged_24311-Ph_golgi_d03.tif,s3://morphology_profiles/filtered_mp/24311-Mito/merged_24311-Mito_d03.tif
Cc1cc(=O)n(-c2ccccc2)n1C,24311,E15,s3://morphology_profiles/filtered_mp/24311-Hoechst/merged_24311-Hoechst_e15.tif,s3://morphology_profiles/filtered_mp/24311-ERSyto/merged_24311-ERSyto_e15.tif,s3://morphology_profiles/filtered_mp/24311-ERSytoBleed/merged_24311-ERSytoBleed_e15.tif,s3://morphology_profiles/filtered_mp/24311-Ph_golgi/merged_24311-Ph_golgi_e15.tif,s3://morphology_profiles/filtered_mp/24311-Mito/merged_24311-Mito_e15.tif
CC/C=C\C/C=C\C/C=C\C/C=C\C/C=C\CCCC(=O)O,24311,E21,s3://morphology_profiles/filtered_mp/24311-Hoechst/merged_24311-Hoechst_e21.tif,s3://morphology_profiles/filtered_mp/24311-ERSyto/merged_24311-ERSyto_e21.tif,s3://morphology_profiles/filtered_mp/24311-ERSytoBleed/merged_24311-ERSytoBleed_e21.tif,s3://morphology_profiles/filtered_mp/24311-Ph_golgi/merged_24311-Ph_golgi_e21.tif,s3://morphology_profiles/filtered_mp/24311-Mito/merged_24311-Mito_e21.tif
CCCc1cc(O)nc(S)n1,24311,G5,s3://morphology_profiles/filtered_mp/24311-Hoechst/merged_24311-Hoechst_g05.tif,s3://morphology_profiles/filtered_mp/24311-ERSyto/merged_24311-ERSyto_g05.tif,s3://morphology_profiles/filtered_mp/24311-ERSytoBleed/merged_24311-ERSytoBleed_g05.tif,s3://morphology_profiles/filtered_mp/24311-Ph_golgi/merged_24311-Ph_golgi_g05.tif,s3://morphology_profiles/filtered_mp/24311-Mito/merged_24311-Mito_g05.tif
NS(=O)(=O)Cc1noc2ccccc12,24311,G7,s3://morphology_profiles/filtered_mp/24311-Hoechst/merged_24311-Hoechst_g07.tif,s3://morphology_profiles/filtered_mp/24311-ERSyto/merged_24311-ERSyto_g07.tif,s3://morphology_profiles/filtered_mp/24311-ERSytoBleed/merged_24311-ERSytoBleed_g07.tif,s3://morphology_profiles/filtered_mp/24311-Ph_golgi/merged_24311-Ph_golgi_g07.tif,s3://morphology_profiles/filtered_mp/24311-Mito/merged_24311-Mito_g07.tif
COc1cc2nc(N3CCN(C(=O)c4ccco4)CC3)[nH]c(=N)c2cc1OC,24311,G17,s3://morphology_profiles/filtered_mp/24311-Hoechst/merged_24311-Hoechst_g17.tif,s3://morphology_profiles/filtered_mp/24311-ERSyto/merged_24311-ERSyto_g17.tif,s3://morphology_profiles/filtered_mp/24311-ERSytoBleed/merged_24311-ERSytoBleed_g17.tif,s3://morphology_profiles/filtered_mp/24311-Ph_golgi/merged_24311-Ph_golgi_g17.tif,s3://morphology_profiles/filtered_mp/24311-Mito/merged_24311-Mito_g17.tif
COc1ccc2c3c1O[C@H]1C[C@@H](O)C=C[C@@]31CCN(C)C2,24311,H1,s3://morphology_profiles/filtered_mp/24311-Hoechst/merged_24311-Hoechst_h01.tif,s3://morphology_profiles/filtered_mp/24311-ERSyto/merged_24311-ERSyto_h01.tif,s3://morphology_profiles/filtered_mp/24311-ERSytoBleed/merged_24311-ERSytoBleed_h01.tif,s3://morphology_profiles/filtered_mp/24311-Ph_golgi/merged_24311-Ph_golgi_h01.tif,s3://morphology_profiles/filtered_mp/24311-Mito/merged_24311-Mito_h01.tif
CC1(C)O[C@@H]2C[C@H]3[C@@H]4C[C@H](F)C5=CC(=O)C=C[C@]5(C)[C@H]4[C@@H](O)C[C@]3(C)[C@]2(C(=O)CO)O1,24311,H5,s3://morphology_profiles/filtered_mp/24311-Hoechst/merged_24311-Hoechst_h05.tif,s3://morphology_profiles/filtered_mp/24311-ERSyto/merged_24311-ERSyto_h05.tif,s3://morphology_profiles/filtered_mp/24311-ERSytoBleed/merged_24311-ERSytoBleed_h05.tif,s3://morphology_profiles/filtered_mp/24311-Ph_golgi/merged_24311-Ph_golgi_h05.tif,s3://morphology_profiles/filtered_mp/24311-Mito/merged_24311-Mito_h05.tif
Cc1ccc(Cl)c(Nc2ccccc2C(=O)O)c1Cl,24311,H23,s3://morphology_profiles/filtered_mp/24311-Hoechst/merged_24311-Hoechst_h23.tif,s3://morphology_profiles/filtered_mp/24311-ERSyto/merged_24311-ERSyto_h23.tif,s3://morphology_profiles/filtered_mp/24311-ERSytoBleed/merged_24311-ERSytoBleed_h23.tif,s3://morphology_profiles/filtered_mp/24311-Ph_golgi/merged_24311-Ph_golgi_h23.tif,s3://morphology_profiles/filtered_mp/24311-Mito/merged_24311-Mito_h23.tif
COC(=O)[C@H]1[C@H]2C[C@@H]3c4[nH]c5cc(OC)ccc5c4CCN3C[C@H]2C[C@@H](OC(=O)/C=C/c2cc(OC)c(OC)c(OC)c2)[C@@H]1OC,24311,J23,s3://morphology_profiles/filtered_mp/24311-Hoechst/merged_24311-Hoechst_j23.tif,s3://morphology_profiles/filtered_mp/24311-ERSyto/merged_24311-ERSyto_j23.tif,s3://morphology_profiles/filtered_mp/24311-ERSytoBleed/merged_24311-ERSytoBleed_j23.tif,s3://morphology_profiles/filtered_mp/24311-Ph_golgi/merged_24311-Ph_golgi_j23.tif,s3://morphology_profiles/filtered_mp/24311-Mito/merged_24311-Mito_j23.tif
CC(=O)c1ccc(S(=O)(=O)NC(O)=NC2CCCCC2)cc1,24311,J24,s3://morphology_profiles/filtered_mp/24311-Hoechst/merged_24311-Hoechst_j24.tif,s3://morphology_profiles/filtered_mp/24311-ERSyto/merged_24311-ERSyto_j24.tif,s3://morphology_profiles/filtered_mp/24311-ERSytoBleed/merged_24311-ERSytoBleed_j24.tif,s3://morphology_profiles/filtered_mp/24311-Ph_golgi/merged_24311-Ph_golgi_j24.tif,s3://morphology_profiles/filtered_mp/24311-Mito/merged_24311-Mito_j24.tif
Cc1nc2n(c(=O)c1CCN1CCC(c3noc4cc(F)ccc34)CC1)CCCC2,24311,K14,s3://morphology_profiles/filtered_mp/24311-Hoechst/merged_24311-Hoechst_k14.tif,s3://morphology_profiles/filtered_mp/24311-ERSyto/merged_24311-ERSyto_k14.tif,s3://morphology_profiles/filtered_mp/24311-ERSytoBleed/merged_24311-ERSytoBleed_k14.tif,s3://morphology_profiles/filtered_mp/24311-Ph_golgi/merged_24311-Ph_golgi_k14.tif,s3://morphology_profiles/filtered_mp/24311-Mito/merged_24311-Mito_k14.tif
C[C@H](CS)C(=O)N1CCC[C@H]1C(=O)O,24311,L6,s3://morphology_profiles/filtered_mp/24311-Hoechst/merged_24311-Hoechst_l06.tif,s3://morphology_profiles/filtered_mp/24311-ERSyto/merged_24311-ERSyto_l06.tif,s3://morphology_profiles/filtered_mp/24311-ERSytoBleed/merged_24311-ERSytoBleed_l06.tif,s3://morphology_profiles/filtered_mp/24311-Ph_golgi/merged_24311-Ph_golgi_l06.tif,s3://morphology_profiles/filtered_mp/24311-Mito/merged_24311-Mito_l06.tif
COc1ncnc(NS(=O)(=O)c2ccc(N)cc2)c1OC,24311,L22,s3://morphology_profiles/filtered_mp/24311-Hoechst/merged_24311-Hoechst_l22.tif,s3://morphology_profiles/filtered_mp/24311-ERSyto/merged_24311-ERSyto_l22.tif,s3://morphology_profiles/filtered_mp/24311-ERSytoBleed/merged_24311-ERSytoBleed_l22.tif,s3://morphology_profiles/filtered_mp/24311-Ph_golgi/merged_24311-Ph_golgi_l22.tif,s3://morphology_profiles/filtered_mp/24311-Mito/merged_24311-Mito_l22.tif
CC(=O)[C@H]1CC[C@H]2[C@@H]3C[C@H](C)C4=CC(=O)CC[C@]4(C)[C@H]3[C@@H](O)C[C@]12C,24311,N1,s3://morphology_profiles/filtered_mp/24311-Hoechst/merged_24311-Hoechst_n01.tif,s3://morphology_profiles/filtered_mp/24311-ERSyto/merged_24311-ERSyto_n01.tif,s3://morphology_profiles/filtered_mp/24311-ERSytoBleed/merged_24311-ERSytoBleed_n01.tif,s3://morphology_profiles/filtered_mp/24311-Ph_golgi/merged_24311-Ph_golgi_n01.tif,s3://morphology_profiles/filtered_mp/24311-Mito/merged_24311-Mito_n01.tif
CCc1nnc(NS(=O)(=O)c2ccc(N)cc2)s1,24311,N6,s3://morphology_profiles/filtered_mp/24311-Hoechst/merged_24311-Hoechst_n06.tif,s3://morphology_profiles/filtered_mp/24311-ERSyto/merged_24311-ERSyto_n06.tif,s3://morphology_profiles/filtered_mp/24311-ERSytoBleed/merged_24311-ERSytoBleed_n06.tif,s3://morphology_profiles/filtered_mp/24311-Ph_golgi/merged_24311-Ph_golgi_n06.tif,s3://morphology_profiles/filtered_mp/24311-Mito/merged_24311-Mito_n06.tif
COc1ccc2c(c1)c(CC(=O)O)c(C)n2C(=O)c1ccc(Cl)cc1,24311,N12,s3://morphology_profiles/filtered_mp/24311-Hoechst/merged_24311-Hoechst_n12.tif,s3://morphology_profiles/filtered_mp/24311-ERSyto/merged_24311-ERSyto_n12.tif,s3://morphology_profiles/filtered_mp/24311-ERSytoBleed/merged_24311-ERSytoBleed_n12.tif,s3://morphology_profiles/filtered_mp/24311-Ph_golgi/merged_24311-Ph_golgi_n12.tif,s3://morphology_profiles/filtered_mp/24311-Mito/merged_24311-Mito_n12.tif
CC(=O)OCC(=O)[C@@]12OC(C)(C)O[C@@H]1C[C@H]1[C@@H]3C[C@H](F)C4=CC(=O)C=C[C@]4(C)[C@@]3(F)[C@@H](O)C[C@@]12C,24311,N22,s3://morphology_profiles/filtered_mp/24311-Hoechst/merged_24311-Hoechst_n22.tif,s3://morphology_profiles/filtered_mp/24311-ERSyto/merged_24311-ERSyto_n22.tif,s3://morphology_profiles/filtered_mp/24311-ERSytoBleed/merged_24311-ERSytoBleed_n22.tif,s3://morphology_profiles/filtered_mp/24311-Ph_golgi/merged_24311-Ph_golgi_n22.tif,s3://morphology_profiles/filtered_mp/24311-Mito/merged_24311-Mito_n22.tif
Nc1ccc(S(=O)(=O)N=C(O)c2ccccc2)cc1,24311,P7,s3://morphology_profiles/filtered_mp/24311-Hoechst/merged_24311-Hoechst_p07.tif,s3://morphology_profiles/filtered_mp/24311-ERSyto/merged_24311-ERSyto_p07.tif,s3://morphology_profiles/filtered_mp/24311-ERSytoBleed/merged_24311-ERSytoBleed_p07.tif,s3://morphology_profiles/filtered_mp/24311-Ph_golgi/merged_24311-Ph_golgi_p07.tif,s3://morphology_profiles/filtered_mp/24311-Mito/merged_24311-Mito_p07.tif
N=C(O)N=C(O)Cc1ccccc1,24312,A4,s3://morphology_profiles/filtered_mp/24312-Hoechst/merged_24312-Hoechst_a04.tif,s3://morphology_profiles/filtered_mp/24312-ERSyto/merged_24312-ERSyto_a04.tif,s3://morphology_profiles/filtered_mp/24312-ERSytoBleed/merged_24312-ERSytoBleed_a04.tif,s3://morphology_profiles/filtered_mp/24312-Ph_golgi/merged_24312-Ph_golgi_a04.tif,s3://morphology_profiles/filtered_mp/24312-Mito/merged_24312-Mito_a04.tif
C[C@]12CCC(=O)C=C1CC[C@@H]1[C@@H]2C(=O)C[C@@]2(C)[C@H]1CC[C@]2(O)C(=O)CO,24312,C5,s3://morphology_profiles/filtered_mp/24312-Hoechst/merged_24312-Hoechst_c05.tif,s3://morphology_profiles/filtered_mp/24312-ERSyto/merged_24312-ERSyto_c05.tif,s3://morphology_profiles/filtered_mp/24312-ERSytoBleed/merged_24312-ERSytoBleed_c05.tif,s3://morphology_profiles/filtered_mp/24312-Ph_golgi/merged_24312-Ph_golgi_c05.tif,s3://morphology_profiles/filtered_mp/24312-Mito/merged_24312-Mito_c05.tif
CCCCC(=O)N(Cc1ccc(-c2ccccc2-c2nn[nH]n2)cc1)[C@H](C(=O)O)C(C)C,24312,D3,s3://morphology_profiles/filtered_mp/24312-Hoechst/merged_24312-Hoechst_d03.tif,s3://morphology_profiles/filtered_mp/24312-ERSyto/merged_24312-ERSyto_d03.tif,s3://morphology_profiles/filtered_mp/24312-ERSytoBleed/merged_24312-ERSytoBleed_d03.tif,s3://morphology_profiles/filtered_mp/24312-Ph_golgi/merged_24312-Ph_golgi_d03.tif,s3://morphology_profiles/filtered_mp/24312-Mito/merged_24312-Mito_d03.tif
Cc1cc(=O)n(-c2ccccc2)n1C,24312,E15,s3://morphology_profiles/filtered_mp/24312-Hoechst/merged_24312-Hoechst_e15.tif,s3://morphology_profiles/filtered_mp/24312-ERSyto/merged_24312-ERSyto_e15.tif,s3://morphology_profiles/filtered_mp/24312-ERSytoBleed/merged_24312-ERSytoBleed_e15.tif,s3://morphology_profiles/filtered_mp/24312-Ph_golgi/merged_24312-Ph_golgi_e15.tif,s3://morphology_profiles/filtered_mp/24312-Mito/merged_24312-Mito_e15.tif
CC/C=C\C/C=C\C/C=C\C/C=C\C/C=C\CCCC(=O)O,24312,E21,s3://morphology_profiles/filtered_mp/24312-Hoechst/merged_24312-Hoechst_e21.tif,s3://morphology_profiles/filtered_mp/24312-ERSyto/merged_24312-ERSyto_e21.tif,s3://morphology_profiles/filtered_mp/24312-ERSytoBleed/merged_24312-ERSytoBleed_e21.tif,s3://morphology_profiles/filtered_mp/24312-Ph_golgi/merged_24312-Ph_golgi_e21.tif,s3://morphology_profiles/filtered_mp/24312-Mito/merged_24312-Mito_e21.tif
CCCc1cc(O)nc(S)n1,24312,G5,s3://morphology_profiles/filtered_mp/24312-Hoechst/merged_24312-Hoechst_g05.tif,s3://morphology_profiles/filtered_mp/24312-ERSyto/merged_24312-ERSyto_g05.tif,s3://morphology_profiles/filtered_mp/24312-ERSytoBleed/merged_24312-ERSytoBleed_g05.tif,s3://morphology_profiles/filtered_mp/24312-Ph_golgi/merged_24312-Ph_golgi_g05.tif,s3://morphology_profiles/filtered_mp/24312-Mito/merged_24312-Mito_g05.tif
NS(=O)(=O)Cc1noc2ccccc12,24312,G7,s3://morphology_profiles/filtered_mp/24312-Hoechst/merged_24312-Hoechst_g07.tif,s3://morphology_profiles/filtered_mp/24312-ERSyto/merged_24312-ERSyto_g07.tif,s3://morphology_profiles/filtered_mp/24312-ERSytoBleed/merged_24312-ERSytoBleed_g07.tif,s3://morphology_profiles/filtered_mp/24312-Ph_golgi/merged_24312-Ph_golgi_g07.tif,s3://morphology_profiles/filtered_mp/24312-Mito/merged_24312-Mito_g07.tif
COc1cc2nc(N3CCN(C(=O)c4ccco4)CC3)[nH]c(=N)c2cc1OC,24312,G17,s3://morphology_profiles/filtered_mp/24312-Hoechst/merged_24312-Hoechst_g17.tif,s3://morphology_profiles/filtered_mp/24312-ERSyto/merged_24312-ERSyto_g17.tif,s3://morphology_profiles/filtered_mp/24312-ERSytoBleed/merged_24312-ERSytoBleed_g17.tif,s3://morphology_profiles/filtered_mp/24312-Ph_golgi/merged_24312-Ph_golgi_g17.tif,s3://morphology_profiles/filtered_mp/24312-Mito/merged_24312-Mito_g17.tif
COc1ccc2c3c1O[C@H]1C[C@@H](O)C=C[C@@]31CCN(C)C2,24312,H1,s3://morphology_profiles/filtered_mp/24312-Hoechst/merged_24312-Hoechst_h01.tif,s3://morphology_profiles/filtered_mp/24312-ERSyto/merged_24312-ERSyto_h01.tif,s3://morphology_profiles/filtered_mp/24312-ERSytoBleed/merged_24312-ERSytoBleed_h01.tif,s3://morphology_profiles/filtered_mp/24312-Ph_golgi/merged_24312-Ph_golgi_h01.tif,s3://morphology_profiles/filtered_mp/24312-Mito/merged_24312-Mito_h01.tif
CC1(C)O[C@@H]2C[C@H]3[C@@H]4C[C@H](F)C5=CC(=O)C=C[C@]5(C)[C@H]4[C@@H](O)C[C@]3(C)[C@]2(C(=O)CO)O1,24312,H5,s3://morphology_profiles/filtered_mp/24312-Hoechst/merged_24312-Hoechst_h05.tif,s3://morphology_profiles/filtered_mp/24312-ERSyto/merged_24312-ERSyto_h05.tif,s3://morphology_profiles/filtered_mp/24312-ERSytoBleed/merged_24312-ERSytoBleed_h05.tif,s3://morphology_profiles/filtered_mp/24312-Ph_golgi/merged_24312-Ph_golgi_h05.tif,s3://morphology_profiles/filtered_mp/24312-Mito/merged_24312-Mito_h05.tif
Cc1ccc(Cl)c(Nc2ccccc2C(=O)O)c1Cl,24312,H23,s3://morphology_profiles/filtered_mp/24312-Hoechst/merged_24312-Hoechst_h23.tif,s3://morphology_profiles/filtered_mp/24312-ERSyto/merged_24312-ERSyto_h23.tif,s3://morphology_profiles/filtered_mp/24312-ERSytoBleed/merged_24312-ERSytoBleed_h23.tif,s3://morphology_profiles/filtered_mp/24312-Ph_golgi/merged_24312-Ph_golgi_h23.tif,s3://morphology_profiles/filtered_mp/24312-Mito/merged_24312-Mito_h23.tif
COC(=O)[C@H]1[C@H]2C[C@@H]3c4[nH]c5cc(OC)ccc5c4CCN3C[C@H]2C[C@@H](OC(=O)/C=C/c2cc(OC)c(OC)c(OC)c2)[C@@H]1OC,24312,J23,s3://morphology_profiles/filtered_mp/24312-Hoechst/merged_24312-Hoechst_j23.tif,s3://morphology_profiles/filtered_mp/24312-ERSyto/merged_24312-ERSyto_j23.tif,s3://morphology_profiles/filtered_mp/24312-ERSytoBleed/merged_24312-ERSytoBleed_j23.tif,s3://morphology_profiles/filtered_mp/24312-Ph_golgi/merged_24312-Ph_golgi_j23.tif,s3://morphology_profiles/filtered_mp/24312-Mito/merged_24312-Mito_j23.tif
CC(=O)c1ccc(S(=O)(=O)NC(O)=NC2CCCCC2)cc1,24312,J24,s3://morphology_profiles/filtered_mp/24312-Hoechst/merged_24312-Hoechst_j24.tif,s3://morphology_profiles/filtered_mp/24312-ERSyto/merged_24312-ERSyto_j24.tif,s3://morphology_profiles/filtered_mp/24312-ERSytoBleed/merged_24312-ERSytoBleed_j24.tif,s3://morphology_profiles/filtered_mp/24312-Ph_golgi/merged_24312-Ph_golgi_j24.tif,s3://morphology_profiles/filtered_mp/24312-Mito/merged_24312-Mito_j24.tif
Cc1nc2n(c(=O)c1CCN1CCC(c3noc4cc(F)ccc34)CC1)CCCC2,24312,K14,s3://morphology_profiles/filtered_mp/24312-Hoechst/merged_24312-Hoechst_k14.tif,s3://morphology_profiles/filtered_mp/24312-ERSyto/merged_24312-ERSyto_k14.tif,s3://morphology_profiles/filtered_mp/24312-ERSytoBleed/merged_24312-ERSytoBleed_k14.tif,s3://morphology_profiles/filtered_mp/24312-Ph_golgi/merged_24312-Ph_golgi_k14.tif,s3://morphology_profiles/filtered_mp/24312-Mito/merged_24312-Mito_k14.tif
C[C@H](CS)C(=O)N1CCC[C@H]1C(=O)O,24312,L6,s3://morphology_profiles/filtered_mp/24312-Hoechst/merged_24312-Hoechst_l06.tif,s3://morphology_profiles/filtered_mp/24312-ERSyto/merged_24312-ERSyto_l06.tif,s3://morphology_profiles/filtered_mp/24312-ERSytoBleed/merged_24312-ERSytoBleed_l06.tif,s3://morphology_profiles/filtered_mp/24312-Ph_golgi/merged_24312-Ph_golgi_l06.tif,s3://morphology_profiles/filtered_mp/24312-Mito/merged_24312-Mito_l06.tif
COc1ncnc(NS(=O)(=O)c2ccc(N)cc2)c1OC,24312,L22,s3://morphology_profiles/filtered_mp/24312-Hoechst/merged_24312-Hoechst_l22.tif,s3://morphology_profiles/filtered_mp/24312-ERSyto/merged_24312-ERSyto_l22.tif,s3://morphology_profiles/filtered_mp/24312-ERSytoBleed/merged_24312-ERSytoBleed_l22.tif,s3://morphology_profiles/filtered_mp/24312-Ph_golgi/merged_24312-Ph_golgi_l22.tif,s3://morphology_profiles/filtered_mp/24312-Mito/merged_24312-Mito_l22.tif
CC(=O)[C@H]1CC[C@H]2[C@@H]3C[C@H](C)C4=CC(=O)CC[C@]4(C)[C@H]3[C@@H](O)C[C@]12C,24312,N1,s3://morphology_profiles/filtered_mp/24312-Hoechst/merged_24312-Hoechst_n01.tif,s3://morphology_profiles/filtered_mp/24312-ERSyto/merged_24312-ERSyto_n01.tif,s3://morphology_profiles/filtered_mp/24312-ERSytoBleed/merged_24312-ERSytoBleed_n01.tif,s3://morphology_profiles/filtered_mp/24312-Ph_golgi/merged_24312-Ph_golgi_n01.tif,s3://morphology_profiles/filtered_mp/24312-Mito/merged_24312-Mito_n01.tif
CCc1nnc(NS(=O)(=O)c2ccc(N)cc2)s1,24312,N6,s3://morphology_profiles/filtered_mp/24312-Hoechst/merged_24312-Hoechst_n06.tif,s3://morphology_profiles/filtered_mp/24312-ERSyto/merged_24312-ERSyto_n06.tif,s3://morphology_profiles/filtered_mp/24312-ERSytoBleed/merged_24312-ERSytoBleed_n06.tif,s3://morphology_profiles/filtered_mp/24312-Ph_golgi/merged_24312-Ph_golgi_n06.tif,s3://morphology_profiles/filtered_mp/24312-Mito/merged_24312-Mito_n06.tif
COc1ccc2c(c1)c(CC(=O)O)c(C)n2C(=O)c1ccc(Cl)cc1,24312,N12,s3://morphology_profiles/filtered_mp/24312-Hoechst/merged_24312-Hoechst_n12.tif,s3://morphology_profiles/filtered_mp/24312-ERSyto/merged_24312-ERSyto_n12.tif,s3://morphology_profiles/filtered_mp/24312-ERSytoBleed/merged_24312-ERSytoBleed_n12.tif,s3://morphology_profiles/filtered_mp/24312-Ph_golgi/merged_24312-Ph_golgi_n12.tif,s3://morphology_profiles/filtered_mp/24312-Mito/merged_24312-Mito_n12.tif
CC(=O)OCC(=O)[C@@]12OC(C)(C)O[C@@H]1C[C@H]1[C@@H]3C[C@H](F)C4=CC(=O)C=C[C@]4(C)[C@@]3(F)[C@@H](O)C[C@@]12C,24312,N22,s3://morphology_profiles/filtered_mp/24312-Hoechst/merged_24312-Hoechst_n22.tif,s3://morphology_profiles/filtered_mp/24312-ERSyto/merged_24312-ERSyto_n22.tif,s3://morphology_profiles/filtered_mp/24312-ERSytoBleed/merged_24312-ERSytoBleed_n22.tif,s3://morphology_profiles/filtered_mp/24312-Ph_golgi/merged_24312-Ph_golgi_n22.tif,s3://morphology_profiles/filtered_mp/24312-Mito/merged_24312-Mito_n22.tif
Nc1ccc(S(=O)(=O)N=C(O)c2ccccc2)cc1,24312,P7,s3://morphology_profiles/filtered_mp/24312-Hoechst/merged_24312-Hoechst_p07.tif,s3://morphology_profiles/filtered_mp/24312-ERSyto/merged_24312-ERSyto_p07.tif,s3://morphology_profiles/filtered_mp/24312-ERSytoBleed/merged_24312-ERSytoBleed_p07.tif,s3://morphology_profiles/filtered_mp/24312-Ph_golgi/merged_24312-Ph_golgi_p07.tif,s3://morphology_profiles/filtered_mp/24312-Mito/merged_24312-Mito_p07.tif
N=C(O)N=C(O)Cc1ccccc1,24313,A4,s3://morphology_profiles/filtered_mp/24313-Hoechst/merged_24313-Hoechst_a04.tif,s3://morphology_profiles/filtered_mp/24313-ERSyto/merged_24313-ERSyto_a04.tif,s3://morphology_profiles/filtered_mp/24313-ERSytoBleed/merged_24313-ERSytoBleed_a04.tif,s3://morphology_profiles/filtered_mp/24313-Ph_golgi/merged_24313-Ph_golgi_a04.tif,s3://morphology_profiles/filtered_mp/24313-Mito/merged_24313-Mito_a04.tif
C[C@]12CCC(=O)C=C1CC[C@@H]1[C@@H]2C(=O)C[C@@]2(C)[C@H]1CC[C@]2(O)C(=O)CO,24313,C5,s3://morphology_profiles/filtered_mp/24313-Hoechst/merged_24313-Hoechst_c05.tif,s3://morphology_profiles/filtered_mp/24313-ERSyto/merged_24313-ERSyto_c05.tif,s3://morphology_profiles/filtered_mp/24313-ERSytoBleed/merged_24313-ERSytoBleed_c05.tif,s3://morphology_profiles/filtered_mp/24313-Ph_golgi/merged_24313-Ph_golgi_c05.tif,s3://morphology_profiles/filtered_mp/24313-Mito/merged_24313-Mito_c05.tif
CCCCC(=O)N(Cc1ccc(-c2ccccc2-c2nn[nH]n2)cc1)[C@H](C(=O)O)C(C)C,24313,D3,s3://morphology_profiles/filtered_mp/24313-Hoechst/merged_24313-Hoechst_d03.tif,s3://morphology_profiles/filtered_mp/24313-ERSyto/merged_24313-ERSyto_d03.tif,s3://morphology_profiles/filtered_mp/24313-ERSytoBleed/merged_24313-ERSytoBleed_d03.tif,s3://morphology_profiles/filtered_mp/24313-Ph_golgi/merged_24313-Ph_golgi_d03.tif,s3://morphology_profiles/filtered_mp/24313-Mito/merged_24313-Mito_d03.tif
Cc1cc(=O)n(-c2ccccc2)n1C,24313,E15,s3://morphology_profiles/filtered_mp/24313-Hoechst/merged_24313-Hoechst_e15.tif,s3://morphology_profiles/filtered_mp/24313-ERSyto/merged_24313-ERSyto_e15.tif,s3://morphology_profiles/filtered_mp/24313-ERSytoBleed/merged_24313-ERSytoBleed_e15.tif,s3://morphology_profiles/filtered_mp/24313-Ph_golgi/merged_24313-Ph_golgi_e15.tif,s3://morphology_profiles/filtered_mp/24313-Mito/merged_24313-Mito_e15.tif
CC/C=C\C/C=C\C/C=C\C/C=C\C/C=C\CCCC(=O)O,24313,E21,s3://morphology_profiles/filtered_mp/24313-Hoechst/merged_24313-Hoechst_e21.tif,s3://morphology_profiles/filtered_mp/24313-ERSyto/merged_24313-ERSyto_e21.tif,s3://morphology_profiles/filtered_mp/24313-ERSytoBleed/merged_24313-ERSytoBleed_e21.tif,s3://morphology_profiles/filtered_mp/24313-Ph_golgi/merged_24313-Ph_golgi_e21.tif,s3://morphology_profiles/filtered_mp/24313-Mito/merged_24313-Mito_e21.tif
CCCc1cc(O)nc(S)n1,24313,G5,s3://morphology_profiles/filtered_mp/24313-Hoechst/merged_24313-Hoechst_g05.tif,s3://morphology_profiles/filtered_mp/24313-ERSyto/merged_24313-ERSyto_g05.tif,s3://morphology_profiles/filtered_mp/24313-ERSytoBleed/merged_24313-ERSytoBleed_g05.tif,s3://morphology_profiles/filtered_mp/24313-Ph_golgi/merged_24313-Ph_golgi_g05.tif,s3://morphology_profiles/filtered_mp/24313-Mito/merged_24313-Mito_g05.tif
NS(=O)(=O)Cc1noc2ccccc12,24313,G7,s3://morphology_profiles/filtered_mp/24313-Hoechst/merged_24313-Hoechst_g07.tif,s3://morphology_profiles/filtered_mp/24313-ERSyto/merged_24313-ERSyto_g07.tif,s3://morphology_profiles/filtered_mp/24313-ERSytoBleed/merged_24313-ERSytoBleed_g07.tif,s3://morphology_profiles/filtered_mp/24313-Ph_golgi/merged_24313-Ph_golgi_g07.tif,s3://morphology_profiles/filtered_mp/24313-Mito/merged_24313-Mito_g07.tif
COc1cc2nc(N3CCN(C(=O)c4ccco4)CC3)[nH]c(=N)c2cc1OC,24313,G17,s3://morphology_profiles/filtered_mp/24313-Hoechst/merged_24313-Hoechst_g17.tif,s3://morphology_profiles/filtered_mp/24313-ERSyto/merged_24313-ERSyto_g17.tif,s3://morphology_profiles/filtered_mp/24313-ERSytoBleed/merged_24313-ERSytoBleed_g17.tif,s3://morphology_profiles/filtered_mp/24313-Ph_golgi/merged_24313-Ph_golgi_g17.tif,s3://morphology_profiles/filtered_mp/24313-Mito/merged_24313-Mito_g17.tif
COc1ccc2c3c1O[C@H]1C[C@@H](O)C=C[C@@]31CCN(C)C2,24313,H1,s3://morphology_profiles/filtered_mp/24313-Hoechst/merged_24313-Hoechst_h01.tif,s3://morphology_profiles/filtered_mp/24313-ERSyto/merged_24313-ERSyto_h01.tif,s3://morphology_profiles/filtered_mp/24313-ERSytoBleed/merged_24313-ERSytoBleed_h01.tif,s3://morphology_profiles/filtered_mp/24313-Ph_golgi/merged_24313-Ph_golgi_h01.tif,s3://morphology_profiles/filtered_mp/24313-Mito/merged_24313-Mito_h01.tif
CC1(C)O[C@@H]2C[C@H]3[C@@H]4C[C@H](F)C5=CC(=O)C=C[C@]5(C)[C@H]4[C@@H](O)C[C@]3(C)[C@]2(C(=O)CO)O1,24313,H5,s3://morphology_profiles/filtered_mp/24313-Hoechst/merged_24313-Hoechst_h05.tif,s3://morphology_profiles/filtered_mp/24313-ERSyto/merged_24313-ERSyto_h05.tif,s3://morphology_profiles/filtered_mp/24313-ERSytoBleed/merged_24313-ERSytoBleed_h05.tif,s3://morphology_profiles/filtered_mp/24313-Ph_golgi/merged_24313-Ph_golgi_h05.tif,s3://morphology_profiles/filtered_mp/24313-Mito/merged_24313-Mito_h05.tif
Cc1ccc(Cl)c(Nc2ccccc2C(=O)O)c1Cl,24313,H23,s3://morphology_profiles/filtered_mp/24313-Hoechst/merged_24313-Hoechst_h23.tif,s3://morphology_profiles/filtered_mp/24313-ERSyto/merged_24313-ERSyto_h23.tif,s3://morphology_profiles/filtered_mp/24313-ERSytoBleed/merged_24313-ERSytoBleed_h23.tif,s3://morphology_profiles/filtered_mp/24313-Ph_golgi/merged_24313-Ph_golgi_h23.tif,s3://morphology_profiles/filtered_mp/24313-Mito/merged_24313-Mito_h23.tif
COC(=O)[C@H]1[C@H]2C[C@@H]3c4[nH]c5cc(OC)ccc5c4CCN3C[C@H]2C[C@@H](OC(=O)/C=C/c2cc(OC)c(OC)c(OC)c2)[C@@H]1OC,24313,J23,s3://morphology_profiles/filtered_mp/24313-Hoechst/merged_24313-Hoechst_j23.tif,s3://morphology_profiles/filtered_mp/24313-ERSyto/merged_24313-ERSyto_j23.tif,s3://morphology_profiles/filtered_mp/24313-ERSytoBleed/merged_24313-ERSytoBleed_j23.tif,s3://morphology_profiles/filtered_mp/24313-Ph_golgi/merged_24313-Ph_golgi_j23.tif,s3://morphology_profiles/filtered_mp/24313-Mito/merged_24313-Mito_j23.tif
CC(=O)c1ccc(S(=O)(=O)NC(O)=NC2CCCCC2)cc1,24313,J24,s3://morphology_profiles/filtered_mp/24313-Hoechst/merged_24313-Hoechst_j24.tif,s3://morphology_profiles/filtered_mp/24313-ERSyto/merged_24313-ERSyto_j24.tif,s3://morphology_profiles/filtered_mp/24313-ERSytoBleed/merged_24313-ERSytoBleed_j24.tif,s3://morphology_profiles/filtered_mp/24313-Ph_golgi/merged_24313-Ph_golgi_j24.tif,s3://morphology_profiles/filtered_mp/24313-Mito/merged_24313-Mito_j24.tif
Cc1nc2n(c(=O)c1CCN1CCC(c3noc4cc(F)ccc34)CC1)CCCC2,24313,K14,s3://morphology_profiles/filtered_mp/24313-Hoechst/merged_24313-Hoechst_k14.tif,s3://morphology_profiles/filtered_mp/24313-ERSyto/merged_24313-ERSyto_k14.tif,s3://morphology_profiles/filtered_mp/24313-ERSytoBleed/merged_24313-ERSytoBleed_k14.tif,s3://morphology_profiles/filtered_mp/24313-Ph_golgi/merged_24313-Ph_golgi_k14.tif,s3://morphology_profiles/filtered_mp/24313-Mito/merged_24313-Mito_k14.tif
C[C@H](CS)C(=O)N1CCC[C@H]1C(=O)O,24313,L6,s3://morphology_profiles/filtered_mp/24313-Hoechst/merged_24313-Hoechst_l06.tif,s3://morphology_profiles/filtered_mp/24313-ERSyto/merged_24313-ERSyto_l06.tif,s3://morphology_profiles/filtered_mp/24313-ERSytoBleed/merged_24313-ERSytoBleed_l06.tif,s3://morphology_profiles/filtered_mp/24313-Ph_golgi/merged_24313-Ph_golgi_l06.tif,s3://morphology_profiles/filtered_mp/24313-Mito/merged_24313-Mito_l06.tif
COc1ncnc(NS(=O)(=O)c2ccc(N)cc2)c1OC,24313,L22,s3://morphology_profiles/filtered_mp/24313-Hoechst/merged_24313-Hoechst_l22.tif,s3://morphology_profiles/filtered_mp/24313-ERSyto/merged_24313-ERSyto_l22.tif,s3://morphology_profiles/filtered_mp/24313-ERSytoBleed/merged_24313-ERSytoBleed_l22.tif,s3://morphology_profiles/filtered_mp/24313-Ph_golgi/merged_24313-Ph_golgi_l22.tif,s3://morphology_profiles/filtered_mp/24313-Mito/merged_24313-Mito_l22.tif
CC(=O)[C@H]1CC[C@H]2[C@@H]3C[C@H](C)C4=CC(=O)CC[C@]4(C)[C@H]3[C@@H](O)C[C@]12C,24313,N1,s3://morphology_profiles/filtered_mp/24313-Hoechst/merged_24313-Hoechst_n01.tif,s3://morphology_profiles/filtered_mp/24313-ERSyto/merged_24313-ERSyto_n01.tif,s3://morphology_profiles/filtered_mp/24313-ERSytoBleed/merged_24313-ERSytoBleed_n01.tif,s3://morphology_profiles/filtered_mp/24313-Ph_golgi/merged_24313-Ph_golgi_n01.tif,s3://morphology_profiles/filtered_mp/24313-Mito/merged_24313-Mito_n01.tif
CCc1nnc(NS(=O)(=O)c2ccc(N)cc2)s1,24313,N6,s3://morphology_profiles/filtered_mp/24313-Hoechst/merged_24313-Hoechst_n06.tif,s3://morphology_profiles/filtered_mp/24313-ERSyto/merged_24313-ERSyto_n06.tif,s3://morphology_profiles/filtered_mp/24313-ERSytoBleed/merged_24313-ERSytoBleed_n06.tif,s3://morphology_profiles/filtered_mp/24313-Ph_golgi/merged_24313-Ph_golgi_n06.tif,s3://morphology_profiles/filtered_mp/24313-Mito/merged_24313-Mito_n06.tif
COc1ccc2c(c1)c(CC(=O)O)c(C)n2C(=O)c1ccc(Cl)cc1,24313,N12,s3://morphology_profiles/filtered_mp/24313-Hoechst/merged_24313-Hoechst_n12.tif,s3://morphology_profiles/filtered_mp/24313-ERSyto/merged_24313-ERSyto_n12.tif,s3://morphology_profiles/filtered_mp/24313-ERSytoBleed/merged_24313-ERSytoBleed_n12.tif,s3://morphology_profiles/filtered_mp/24313-Ph_golgi/merged_24313-Ph_golgi_n12.tif,s3://morphology_profiles/filtered_mp/24313-Mito/merged_24313-Mito_n12.tif
CC(=O)OCC(=O)[C@@]12OC(C)(C)O[C@@H]1C[C@H]1[C@@H]3C[C@H](F)C4=CC(=O)C=C[C@]4(C)[C@@]3(F)[C@@H](O)C[C@@]12C,24313,N22,s3://morphology_profiles/filtered_mp/24313-Hoechst/merged_24313-Hoechst_n22.tif,s3://morphology_profiles/filtered_mp/24313-ERSyto/merged_24313-ERSyto_n22.tif,s3://morphology_profiles/filtered_mp/24313-ERSytoBleed/merged_24313-ERSytoBleed_n22.tif,s3://morphology_profiles/filtered_mp/24313-Ph_golgi/merged_24313-Ph_golgi_n22.tif,s3://morphology_profiles/filtered_mp/24313-Mito/merged_24313-Mito_n22.tif
Nc1ccc(S(=O)(=O)N=C(O)c2ccccc2)cc1,24313,P7,s3://morphology_profiles/filtered_mp/24313-Hoechst/merged_24313-Hoechst_p07.tif,s3://morphology_profiles/filtered_mp/24313-ERSyto/merged_24313-ERSyto_p07.tif,s3://morphology_profiles/filtered_mp/24313-ERSytoBleed/merged_24313-ERSytoBleed_p07.tif,s3://morphology_profiles/filtered_mp/24313-Ph_golgi/merged_24313-Ph_golgi_p07.tif,s3://morphology_profiles/filtered_mp/24313-Mito/merged_24313-Mito_p07.tif
Cc1ccc(NC(=O)c2ccc(CN3CCN(C)CC3)cc2)cc1Nc1nccc(-c2cccnc2)n1,24319,A2,s3://morphology_profiles/filtered_mp/24319-Hoechst/merged_24319-Hoechst_a02.tif,s3://morphology_profiles/filtered_mp/24319-ERSyto/merged_24319-ERSyto_a02.tif,s3://morphology_profiles/filtered_mp/24319-ERSytoBleed/merged_24319-ERSytoBleed_a02.tif,s3://morphology_profiles/filtered_mp/24319-Ph_golgi/merged_24319-Ph_golgi_a02.tif,s3://morphology_profiles/filtered_mp/24319-Mito/merged_24319-Mito_a02.tif
C[C@@H]1C[C@H]2[C@@H]3C[C@H](F)C4=CC(=O)C=C[C@]4(C)[C@@]3(F)[C@@H](O)C[C@]2(C)[C@@]1(O)C(=O)CO,24319,B22,s3://morphology_profiles/filtered_mp/24319-Hoechst/merged_24319-Hoechst_b22.tif,s3://morphology_profiles/filtered_mp/24319-ERSyto/merged_24319-ERSyto_b22.tif,s3://morphology_profiles/filtered_mp/24319-ERSytoBleed/merged_24319-ERSytoBleed_b22.tif,s3://morphology_profiles/filtered_mp/24319-Ph_golgi/merged_24319-Ph_golgi_b22.tif,s3://morphology_profiles/filtered_mp/24319-Mito/merged_24319-Mito_b22.tif
CCC(=O)O[C@]1(C(=O)SCF)[C@H](C)C[C@H]2[C@@H]3C[C@H](F)C4=CC(=O)C=C[C@]4(C)[C@@]3(F)[C@@H](O)C[C@@]21C,24319,C13,s3://morphology_profiles/filtered_mp/24319-Hoechst/merged_24319-Hoechst_c13.tif,s3://morphology_profiles/filtered_mp/24319-ERSyto/merged_24319-ERSyto_c13.tif,s3://morphology_profiles/filtered_mp/24319-ERSytoBleed/merged_24319-ERSytoBleed_c13.tif,s3://morphology_profiles/filtered_mp/24319-Ph_golgi/merged_24319-Ph_golgi_c13.tif,s3://morphology_profiles/filtered_mp/24319-Mito/merged_24319-Mito_c13.tif
C[C@H]1[C@H](N=C(O)/C(=N\OC(C)(C)C(=O)O)c2csc(=N)[nH]2)C(=O)N1S(=O)(=O)O,24319,C23,s3://morphology_profiles/filtered_mp/24319-Hoechst/merged_24319-Hoechst_c23.tif,s3://morphology_profiles/filtered_mp/24319-ERSyto/merged_24319-ERSyto_c23.tif,s3://morphology_profiles/filtered_mp/24319-ERSytoBleed/merged_24319-ERSytoBleed_c23.tif,s3://morphology_profiles/filtered_mp/24319-Ph_golgi/merged_24319-Ph_golgi_c23.tif,s3://morphology_profiles/filtered_mp/24319-Mito/merged_24319-Mito_c23.tif
COc1c2occc2cc2ccc(=O)oc12,24319,D9,s3://morphology_profiles/filtered_mp/24319-Hoechst/merged_24319-Hoechst_d09.tif,s3://morphology_profiles/filtered_mp/24319-ERSyto/merged_24319-ERSyto_d09.tif,s3://morphology_profiles/filtered_mp/24319-ERSytoBleed/merged_24319-ERSytoBleed_d09.tif,s3://morphology_profiles/filtered_mp/24319-Ph_golgi/merged_24319-Ph_golgi_d09.tif,s3://morphology_profiles/filtered_mp/24319-Mito/merged_24319-Mito_d09.tif
O=C(O)c1ccccc1C(=O)Nc1ccc(S(=O)(=O)Nc2nccs2)cc1,24319,E21,s3://morphology_profiles/filtered_mp/24319-Hoechst/merged_24319-Hoechst_e21.tif,s3://morphology_profiles/filtered_mp/24319-ERSyto/merged_24319-ERSyto_e21.tif,s3://morphology_profiles/filtered_mp/24319-ERSytoBleed/merged_24319-ERSytoBleed_e21.tif,s3://morphology_profiles/filtered_mp/24319-Ph_golgi/merged_24319-Ph_golgi_e21.tif,s3://morphology_profiles/filtered_mp/24319-Mito/merged_24319-Mito_e21.tif
CC(=O)[C@@]1(O)CC[C@H]2[C@@H]3C[C@H](C)C4=CC(=O)C=C[C@]4(C)[C@@]3(F)[C@@H](O)C[C@@]21C,24319,F4,s3://morphology_profiles/filtered_mp/24319-Hoechst/merged_24319-Hoechst_f04.tif,s3://morphology_profiles/filtered_mp/24319-ERSyto/merged_24319-ERSyto_f04.tif,s3://morphology_profiles/filtered_mp/24319-ERSytoBleed/merged_24319-ERSytoBleed_f04.tif,s3://morphology_profiles/filtered_mp/24319-Ph_golgi/merged_24319-Ph_golgi_f04.tif,s3://morphology_profiles/filtered_mp/24319-Mito/merged_24319-Mito_f04.tif
CC(=O)[C@H]1CC[C@H]2[C@@H]3CCC4=CC(=O)CC[C@]4(C)[C@H]3CC[C@]12C,24319,F6,s3://morphology_profiles/filtered_mp/24319-Hoechst/merged_24319-Hoechst_f06.tif,s3://morphology_profiles/filtered_mp/24319-ERSyto/merged_24319-ERSyto_f06.tif,s3://morphology_profiles/filtered_mp/24319-ERSytoBleed/merged_24319-ERSytoBleed_f06.tif,s3://morphology_profiles/filtered_mp/24319-Ph_golgi/merged_24319-Ph_golgi_f06.tif,s3://morphology_profiles/filtered_mp/24319-Mito/merged_24319-Mito_f06.tif
COc1ccc2cc(CCC(C)=O)ccc2c1,24319,F7,s3://morphology_profiles/filtered_mp/24319-Hoechst/merged_24319-Hoechst_f07.tif,s3://morphology_profiles/filtered_mp/24319-ERSyto/merged_24319-ERSyto_f07.tif,s3://morphology_profiles/filtered_mp/24319-ERSytoBleed/merged_24319-ERSytoBleed_f07.tif,s3://morphology_profiles/filtered_mp/24319-Ph_golgi/merged_24319-Ph_golgi_f07.tif,s3://morphology_profiles/filtered_mp/24319-Mito/merged_24319-Mito_f07.tif
N=c1[nH]c2cc(Cl)ccc2o1,24319,G2,s3://morphology_profiles/filtered_mp/24319-Hoechst/merged_24319-Hoechst_g02.tif,s3://morphology_profiles/filtered_mp/24319-ERSyto/merged_24319-ERSyto_g02.tif,s3://morphology_profiles/filtered_mp/24319-ERSytoBleed/merged_24319-ERSytoBleed_g02.tif,s3://morphology_profiles/filtered_mp/24319-Ph_golgi/merged_24319-Ph_golgi_g02.tif,s3://morphology_profiles/filtered_mp/24319-Mito/merged_24319-Mito_g02.tif
O=C1CCc2cc(OCCCCc3nnnn3C3CCCCC3)ccc2N1,24319,G16,s3://morphology_profiles/filtered_mp/24319-Hoechst/merged_24319-Hoechst_g16.tif,s3://morphology_profiles/filtered_mp/24319-ERSyto/merged_24319-ERSyto_g16.tif,s3://morphology_profiles/filtered_mp/24319-ERSytoBleed/merged_24319-ERSytoBleed_g16.tif,s3://morphology_profiles/filtered_mp/24319-Ph_golgi/merged_24319-Ph_golgi_g16.tif,s3://morphology_profiles/filtered_mp/24319-Mito/merged_24319-Mito_g16.tif
CN(C)c1nc(N(C)C)nc(N(C)C)n1,24319,G17,s3://morphology_profiles/filtered_mp/24319-Hoechst/merged_24319-Hoechst_g17.tif,s3://morphology_profiles/filtered_mp/24319-ERSyto/merged_24319-ERSyto_g17.tif,s3://morphology_profiles/filtered_mp/24319-ERSytoBleed/merged_24319-ERSytoBleed_g17.tif,s3://morphology_profiles/filtered_mp/24319-Ph_golgi/merged_24319-Ph_golgi_g17.tif,s3://morphology_profiles/filtered_mp/24319-Mito/merged_24319-Mito_g17.tif
O=C(CCCN1CCC(O)(c2ccc(Cl)cc2)CC1)c1ccc(F)cc1,24319,H13,s3://morphology_profiles/filtered_mp/24319-Hoechst/merged_24319-Hoechst_h13.tif,s3://morphology_profiles/filtered_mp/24319-ERSyto/merged_24319-ERSyto_h13.tif,s3://morphology_profiles/filtered_mp/24319-ERSytoBleed/merged_24319-ERSytoBleed_h13.tif,s3://morphology_profiles/filtered_mp/24319-Ph_golgi/merged_24319-Ph_golgi_h13.tif,s3://morphology_profiles/filtered_mp/24319-Mito/merged_24319-Mito_h13.tif
CC(=O)[C@H]1CC[C@H]2[C@@H]3C=CC4=CC(=O)CC[C@@]4(C)[C@@H]3CC[C@]12C,24319,I15,s3://morphology_profiles/filtered_mp/24319-Hoechst/merged_24319-Hoechst_i15.tif,s3://morphology_profiles/filtered_mp/24319-ERSyto/merged_24319-ERSyto_i15.tif,s3://morphology_profiles/filtered_mp/24319-ERSytoBleed/merged_24319-ERSytoBleed_i15.tif,s3://morphology_profiles/filtered_mp/24319-Ph_golgi/merged_24319-Ph_golgi_i15.tif,s3://morphology_profiles/filtered_mp/24319-Mito/merged_24319-Mito_i15.tif
C=C[C@H]1CN2CC[C@H]1C[C@@H]2[C@@H](O)c1ccnc2ccc(OC)cc12,24319,J14,s3://morphology_profiles/filtered_mp/24319-Hoechst/merged_24319-Hoechst_j14.tif,s3://morphology_profiles/filtered_mp/24319-ERSyto/merged_24319-ERSyto_j14.tif,s3://morphology_profiles/filtered_mp/24319-ERSytoBleed/merged_24319-ERSytoBleed_j14.tif,s3://morphology_profiles/filtered_mp/24319-Ph_golgi/merged_24319-Ph_golgi_j14.tif,s3://morphology_profiles/filtered_mp/24319-Mito/merged_24319-Mito_j14.tif
C=CC1=C(C(=O)O)N2C(=O)[C@@H](N=C(O)/C(=N\OCC(=O)O)c3csc(=N)[nH]3)[C@H]2SC1,24319,J20,s3://morphology_profiles/filtered_mp/24319-Hoechst/merged_24319-Hoechst_j20.tif,s3://morphology_profiles/filtered_mp/24319-ERSyto/merged_24319-ERSyto_j20.tif,s3://morphology_profiles/filtered_mp/24319-ERSytoBleed/merged_24319-ERSytoBleed_j20.tif,s3://morphology_profiles/filtered_mp/24319-Ph_golgi/merged_24319-Ph_golgi_j20.tif,s3://morphology_profiles/filtered_mp/24319-Mito/merged_24319-Mito_j20.tif
NS(=O)(=O)c1cc(Cl)c(Cl)c(S(N)(=O)=O)c1,24319,K6,s3://morphology_profiles/filtered_mp/24319-Hoechst/merged_24319-Hoechst_k06.tif,s3://morphology_profiles/filtered_mp/24319-ERSyto/merged_24319-ERSyto_k06.tif,s3://morphology_profiles/filtered_mp/24319-ERSytoBleed/merged_24319-ERSytoBleed_k06.tif,s3://morphology_profiles/filtered_mp/24319-Ph_golgi/merged_24319-Ph_golgi_k06.tif,s3://morphology_profiles/filtered_mp/24319-Mito/merged_24319-Mito_k06.tif
O=C(O)c1cc(-c2ccccc2)nc2ccccc12,24319,L11,s3://morphology_profiles/filtered_mp/24319-Hoechst/merged_24319-Hoechst_l11.tif,s3://morphology_profiles/filtered_mp/24319-ERSyto/merged_24319-ERSyto_l11.tif,s3://morphology_profiles/filtered_mp/24319-ERSytoBleed/merged_24319-ERSytoBleed_l11.tif,s3://morphology_profiles/filtered_mp/24319-Ph_golgi/merged_24319-Ph_golgi_l11.tif,s3://morphology_profiles/filtered_mp/24319-Mito/merged_24319-Mito_l11.tif
CC1=Nc2ccc(Cl)cc2S(=O)(=O)N1,24319,L13,s3://morphology_profiles/filtered_mp/24319-Hoechst/merged_24319-Hoechst_l13.tif,s3://morphology_profiles/filtered_mp/24319-ERSyto/merged_24319-ERSyto_l13.tif,s3://morphology_profiles/filtered_mp/24319-ERSytoBleed/merged_24319-ERSytoBleed_l13.tif,s3://morphology_profiles/filtered_mp/24319-Ph_golgi/merged_24319-Ph_golgi_l13.tif,s3://morphology_profiles/filtered_mp/24319-Mito/merged_24319-Mito_l13.tif
CCN[C@H]1CN(CCCOC)S(=O)(=O)c2sc(S(N)(=O)=O)cc21,24319,N3,s3://morphology_profiles/filtered_mp/24319-Hoechst/merged_24319-Hoechst_n03.tif,s3://morphology_profiles/filtered_mp/24319-ERSyto/merged_24319-ERSyto_n03.tif,s3://morphology_profiles/filtered_mp/24319-ERSytoBleed/merged_24319-ERSytoBleed_n03.tif,s3://morphology_profiles/filtered_mp/24319-Ph_golgi/merged_24319-Ph_golgi_n03.tif,s3://morphology_profiles/filtered_mp/24319-Mito/merged_24319-Mito_n03.tif
CCN(CC)CCN=C(O)c1cc(Cl)c(N)cc1OC,24319,N17,s3://morphology_profiles/filtered_mp/24319-Hoechst/merged_24319-Hoechst_n17.tif,s3://morphology_profiles/filtered_mp/24319-ERSyto/merged_24319-ERSyto_n17.tif,s3://morphology_profiles/filtered_mp/24319-ERSytoBleed/merged_24319-ERSytoBleed_n17.tif,s3://morphology_profiles/filtered_mp/24319-Ph_golgi/merged_24319-Ph_golgi_n17.tif,s3://morphology_profiles/filtered_mp/24319-Mito/merged_24319-Mito_n17.tif
CC1=C(/C=C/C(C)=C/C=C/C(C)=C\C(=O)O)C(C)(C)CCC1,24319,O15,s3://morphology_profiles/filtered_mp/24319-Hoechst/merged_24319-Hoechst_o15.tif,s3://morphology_profiles/filtered_mp/24319-ERSyto/merged_24319-ERSyto_o15.tif,s3://morphology_profiles/filtered_mp/24319-ERSytoBleed/merged_24319-ERSytoBleed_o15.tif,s3://morphology_profiles/filtered_mp/24319-Ph_golgi/merged_24319-Ph_golgi_o15.tif,s3://morphology_profiles/filtered_mp/24319-Mito/merged_24319-Mito_o15.tif
C[C@]12C=CC(=O)C=C1CC[C@H]1[C@@H]3C[C@@H](O)[C@](O)(C(=O)CO)[C@@]3(C)C[C@H](O)[C@@]12F,24319,P3,s3://morphology_profiles/filtered_mp/24319-Hoechst/merged_24319-Hoechst_p03.tif,s3://morphology_profiles/filtered_mp/24319-ERSyto/merged_24319-ERSyto_p03.tif,s3://morphology_profiles/filtered_mp/24319-ERSytoBleed/merged_24319-ERSytoBleed_p03.tif,s3://morphology_profiles/filtered_mp/24319-Ph_golgi/merged_24319-Ph_golgi_p03.tif,s3://morphology_profiles/filtered_mp/24319-Mito/merged_24319-Mito_p03.tif
Cc1ccc(NC(=O)c2ccc(CN3CCN(C)CC3)cc2)cc1Nc1nccc(-c2cccnc2)n1,24320,A2,s3://morphology_profiles/filtered_mp/24320-Hoechst/merged_24320-Hoechst_a02.tif,s3://morphology_profiles/filtered_mp/24320-ERSyto/merged_24320-ERSyto_a02.tif,s3://morphology_profiles/filtered_mp/24320-ERSytoBleed/merged_24320-ERSytoBleed_a02.tif,s3://morphology_profiles/filtered_mp/24320-Ph_golgi/merged_24320-Ph_golgi_a02.tif,s3://morphology_profiles/filtered_mp/24320-Mito/merged_24320-Mito_a02.tif
C[C@@H]1C[C@H]2[C@@H]3C[C@H](F)C4=CC(=O)C=C[C@]4(C)[C@@]3(F)[C@@H](O)C[C@]2(C)[C@@]1(O)C(=O)CO,24320,B22,s3://morphology_profiles/filtered_mp/24320-Hoechst/merged_24320-Hoechst_b22.tif,s3://morphology_profiles/filtered_mp/24320-ERSyto/merged_24320-ERSyto_b22.tif,s3://morphology_profiles/filtered_mp/24320-ERSytoBleed/merged_24320-ERSytoBleed_b22.tif,s3://morphology_profiles/filtered_mp/24320-Ph_golgi/merged_24320-Ph_golgi_b22.tif,s3://morphology_profiles/filtered_mp/24320-Mito/merged_24320-Mito_b22.tif
CCC(=O)O[C@]1(C(=O)SCF)[C@H](C)C[C@H]2[C@@H]3C[C@H](F)C4=CC(=O)C=C[C@]4(C)[C@@]3(F)[C@@H](O)C[C@@]21C,24320,C13,s3://morphology_profiles/filtered_mp/24320-Hoechst/merged_24320-Hoechst_c13.tif,s3://morphology_profiles/filtered_mp/24320-ERSyto/merged_24320-ERSyto_c13.tif,s3://morphology_profiles/filtered_mp/24320-ERSytoBleed/merged_24320-ERSytoBleed_c13.tif,s3://morphology_profiles/filtered_mp/24320-Ph_golgi/merged_24320-Ph_golgi_c13.tif,s3://morphology_profiles/filtered_mp/24320-Mito/merged_24320-Mito_c13.tif
C[C@H]1[C@H](N=C(O)/C(=N\OC(C)(C)C(=O)O)c2csc(=N)[nH]2)C(=O)N1S(=O)(=O)O,24320,C23,s3://morphology_profiles/filtered_mp/24320-Hoechst/merged_24320-Hoechst_c23.tif,s3://morphology_profiles/filtered_mp/24320-ERSyto/merged_24320-ERSyto_c23.tif,s3://morphology_profiles/filtered_mp/24320-ERSytoBleed/merged_24320-ERSytoBleed_c23.tif,s3://morphology_profiles/filtered_mp/24320-Ph_golgi/merged_24320-Ph_golgi_c23.tif,s3://morphology_profiles/filtered_mp/24320-Mito/merged_24320-Mito_c23.tif
COc1c2occc2cc2ccc(=O)oc12,24320,D9,s3://morphology_profiles/filtered_mp/24320-Hoechst/merged_24320-Hoechst_d09.tif,s3://morphology_profiles/filtered_mp/24320-ERSyto/merged_24320-ERSyto_d09.tif,s3://morphology_profiles/filtered_mp/24320-ERSytoBleed/merged_24320-ERSytoBleed_d09.tif,s3://morphology_profiles/filtered_mp/24320-Ph_golgi/merged_24320-Ph_golgi_d09.tif,s3://morphology_profiles/filtered_mp/24320-Mito/merged_24320-Mito_d09.tif
O=C(O)c1ccccc1C(=O)Nc1ccc(S(=O)(=O)Nc2nccs2)cc1,24320,E21,s3://morphology_profiles/filtered_mp/24320-Hoechst/merged_24320-Hoechst_e21.tif,s3://morphology_profiles/filtered_mp/24320-ERSyto/merged_24320-ERSyto_e21.tif,s3://morphology_profiles/filtered_mp/24320-ERSytoBleed/merged_24320-ERSytoBleed_e21.tif,s3://morphology_profiles/filtered_mp/24320-Ph_golgi/merged_24320-Ph_golgi_e21.tif,s3://morphology_profiles/filtered_mp/24320-Mito/merged_24320-Mito_e21.tif
CC(=O)[C@@]1(O)CC[C@H]2[C@@H]3C[C@H](C)C4=CC(=O)C=C[C@]4(C)[C@@]3(F)[C@@H](O)C[C@@]21C,24320,F4,s3://morphology_profiles/filtered_mp/24320-Hoechst/merged_24320-Hoechst_f04.tif,s3://morphology_profiles/filtered_mp/24320-ERSyto/merged_24320-ERSyto_f04.tif,s3://morphology_profiles/filtered_mp/24320-ERSytoBleed/merged_24320-ERSytoBleed_f04.tif,s3://morphology_profiles/filtered_mp/24320-Ph_golgi/merged_24320-Ph_golgi_f04.tif,s3://morphology_profiles/filtered_mp/24320-Mito/merged_24320-Mito_f04.tif
CC(=O)[C@H]1CC[C@H]2[C@@H]3CCC4=CC(=O)CC[C@]4(C)[C@H]3CC[C@]12C,24320,F6,s3://morphology_profiles/filtered_mp/24320-Hoechst/merged_24320-Hoechst_f06.tif,s3://morphology_profiles/filtered_mp/24320-ERSyto/merged_24320-ERSyto_f06.tif,s3://morphology_profiles/filtered_mp/24320-ERSytoBleed/merged_24320-ERSytoBleed_f06.tif,s3://morphology_profiles/filtered_mp/24320-Ph_golgi/merged_24320-Ph_golgi_f06.tif,s3://morphology_profiles/filtered_mp/24320-Mito/merged_24320-Mito_f06.tif
COc1ccc2cc(CCC(C)=O)ccc2c1,24320,F7,s3://morphology_profiles/filtered_mp/24320-Hoechst/merged_24320-Hoechst_f07.tif,s3://morphology_profiles/filtered_mp/24320-ERSyto/merged_24320-ERSyto_f07.tif,s3://morphology_profiles/filtered_mp/24320-ERSytoBleed/merged_24320-ERSytoBleed_f07.tif,s3://morphology_profiles/filtered_mp/24320-Ph_golgi/merged_24320-Ph_golgi_f07.tif,s3://morphology_profiles/filtered_mp/24320-Mito/merged_24320-Mito_f07.tif
N=c1[nH]c2cc(Cl)ccc2o1,24320,G2,s3://morphology_profiles/filtered_mp/24320-Hoechst/merged_24320-Hoechst_g02.tif,s3://morphology_profiles/filtered_mp/24320-ERSyto/merged_24320-ERSyto_g02.tif,s3://morphology_profiles/filtered_mp/24320-ERSytoBleed/merged_24320-ERSytoBleed_g02.tif,s3://morphology_profiles/filtered_mp/24320-Ph_golgi/merged_24320-Ph_golgi_g02.tif,s3://morphology_profiles/filtered_mp/24320-Mito/merged_24320-Mito_g02.tif
O=C1CCc2cc(OCCCCc3nnnn3C3CCCCC3)ccc2N1,24320,G16,s3://morphology_profiles/filtered_mp/24320-Hoechst/merged_24320-Hoechst_g16.tif,s3://morphology_profiles/filtered_mp/24320-ERSyto/merged_24320-ERSyto_g16.tif,s3://morphology_profiles/filtered_mp/24320-ERSytoBleed/merged_24320-ERSytoBleed_g16.tif,s3://morphology_profiles/filtered_mp/24320-Ph_golgi/merged_24320-Ph_golgi_g16.tif,s3://morphology_profiles/filtered_mp/24320-Mito/merged_24320-Mito_g16.tif
CN(C)c1nc(N(C)C)nc(N(C)C)n1,24320,G17,s3://morphology_profiles/filtered_mp/24320-Hoechst/merged_24320-Hoechst_g17.tif,s3://morphology_profiles/filtered_mp/24320-ERSyto/merged_24320-ERSyto_g17.tif,s3://morphology_profiles/filtered_mp/24320-ERSytoBleed/merged_24320-ERSytoBleed_g17.tif,s3://morphology_profiles/filtered_mp/24320-Ph_golgi/merged_24320-Ph_golgi_g17.tif,s3://morphology_profiles/filtered_mp/24320-Mito/merged_24320-Mito_g17.tif
O=C(CCCN1CCC(O)(c2ccc(Cl)cc2)CC1)c1ccc(F)cc1,24320,H13,s3://morphology_profiles/filtered_mp/24320-Hoechst/merged_24320-Hoechst_h13.tif,s3://morphology_profiles/filtered_mp/24320-ERSyto/merged_24320-ERSyto_h13.tif,s3://morphology_profiles/filtered_mp/24320-ERSytoBleed/merged_24320-ERSytoBleed_h13.tif,s3://morphology_profiles/filtered_mp/24320-Ph_golgi/merged_24320-Ph_golgi_h13.tif,s3://morphology_profiles/filtered_mp/24320-Mito/merged_24320-Mito_h13.tif
CC(=O)[C@H]1CC[C@H]2[C@@H]3C=CC4=CC(=O)CC[C@@]4(C)[C@@H]3CC[C@]12C,24320,I15,s3://morphology_profiles/filtered_mp/24320-Hoechst/merged_24320-Hoechst_i15.tif,s3://morphology_profiles/filtered_mp/24320-ERSyto/merged_24320-ERSyto_i15.tif,s3://morphology_profiles/filtered_mp/24320-ERSytoBleed/merged_24320-ERSytoBleed_i15.tif,s3://morphology_profiles/filtered_mp/24320-Ph_golgi/merged_24320-Ph_golgi_i15.tif,s3://morphology_profiles/filtered_mp/24320-Mito/merged_24320-Mito_i15.tif
C=C[C@H]1CN2CC[C@H]1C[C@@H]2[C@@H](O)c1ccnc2ccc(OC)cc12,24320,J14,s3://morphology_profiles/filtered_mp/24320-Hoechst/merged_24320-Hoechst_j14.tif,s3://morphology_profiles/filtered_mp/24320-ERSyto/merged_24320-ERSyto_j14.tif,s3://morphology_profiles/filtered_mp/24320-ERSytoBleed/merged_24320-ERSytoBleed_j14.tif,s3://morphology_profiles/filtered_mp/24320-Ph_golgi/merged_24320-Ph_golgi_j14.tif,s3://morphology_profiles/filtered_mp/24320-Mito/merged_24320-Mito_j14.tif
C=CC1=C(C(=O)O)N2C(=O)[C@@H](N=C(O)/C(=N\OCC(=O)O)c3csc(=N)[nH]3)[C@H]2SC1,24320,J20,s3://morphology_profiles/filtered_mp/24320-Hoechst/merged_24320-Hoechst_j20.tif,s3://morphology_profiles/filtered_mp/24320-ERSyto/merged_24320-ERSyto_j20.tif,s3://morphology_profiles/filtered_mp/24320-ERSytoBleed/merged_24320-ERSytoBleed_j20.tif,s3://morphology_profiles/filtered_mp/24320-Ph_golgi/merged_24320-Ph_golgi_j20.tif,s3://morphology_profiles/filtered_mp/24320-Mito/merged_24320-Mito_j20.tif
NS(=O)(=O)c1cc(Cl)c(Cl)c(S(N)(=O)=O)c1,24320,K6,s3://morphology_profiles/filtered_mp/24320-Hoechst/merged_24320-Hoechst_k06.tif,s3://morphology_profiles/filtered_mp/24320-ERSyto/merged_24320-ERSyto_k06.tif,s3://morphology_profiles/filtered_mp/24320-ERSytoBleed/merged_24320-ERSytoBleed_k06.tif,s3://morphology_profiles/filtered_mp/24320-Ph_golgi/merged_24320-Ph_golgi_k06.tif,s3://morphology_profiles/filtered_mp/24320-Mito/merged_24320-Mito_k06.tif
O=C(O)c1cc(-c2ccccc2)nc2ccccc12,24320,L11,s3://morphology_profiles/filtered_mp/24320-Hoechst/merged_24320-Hoechst_l11.tif,s3://morphology_profiles/filtered_mp/24320-ERSyto/merged_24320-ERSyto_l11.tif,s3://morphology_profiles/filtered_mp/24320-ERSytoBleed/merged_24320-ERSytoBleed_l11.tif,s3://morphology_profiles/filtered_mp/24320-Ph_golgi/merged_24320-Ph_golgi_l11.tif,s3://morphology_profiles/filtered_mp/24320-Mito/merged_24320-Mito_l11.tif
CC1=Nc2ccc(Cl)cc2S(=O)(=O)N1,24320,L13,s3://morphology_profiles/filtered_mp/24320-Hoechst/merged_24320-Hoechst_l13.tif,s3://morphology_profiles/filtered_mp/24320-ERSyto/merged_24320-ERSyto_l13.tif,s3://morphology_profiles/filtered_mp/24320-ERSytoBleed/merged_24320-ERSytoBleed_l13.tif,s3://morphology_profiles/filtered_mp/24320-Ph_golgi/merged_24320-Ph_golgi_l13.tif,s3://morphology_profiles/filtered_mp/24320-Mito/merged_24320-Mito_l13.tif
CCN[C@H]1CN(CCCOC)S(=O)(=O)c2sc(S(N)(=O)=O)cc21,24320,N3,s3://morphology_profiles/filtered_mp/24320-Hoechst/merged_24320-Hoechst_n03.tif,s3://morphology_profiles/filtered_mp/24320-ERSyto/merged_24320-ERSyto_n03.tif,s3://morphology_profiles/filtered_mp/24320-ERSytoBleed/merged_24320-ERSytoBleed_n03.tif,s3://morphology_profiles/filtered_mp/24320-Ph_golgi/merged_24320-Ph_golgi_n03.tif,s3://morphology_profiles/filtered_mp/24320-Mito/merged_24320-Mito_n03.tif
CCN(CC)CCN=C(O)c1cc(Cl)c(N)cc1OC,24320,N17,s3://morphology_profiles/filtered_mp/24320-Hoechst/merged_24320-Hoechst_n17.tif,s3://morphology_profiles/filtered_mp/24320-ERSyto/merged_24320-ERSyto_n17.tif,s3://morphology_profiles/filtered_mp/24320-ERSytoBleed/merged_24320-ERSytoBleed_n17.tif,s3://morphology_profiles/filtered_mp/24320-Ph_golgi/merged_24320-Ph_golgi_n17.tif,s3://morphology_profiles/filtered_mp/24320-Mito/merged_24320-Mito_n17.tif
CC1=C(/C=C/C(C)=C/C=C/C(C)=C\C(=O)O)C(C)(C)CCC1,24320,O15,s3://morphology_profiles/filtered_mp/24320-Hoechst/merged_24320-Hoechst_o15.tif,s3://morphology_profiles/filtered_mp/24320-ERSyto/merged_24320-ERSyto_o15.tif,s3://morphology_profiles/filtered_mp/24320-ERSytoBleed/merged_24320-ERSytoBleed_o15.tif,s3://morphology_profiles/filtered_mp/24320-Ph_golgi/merged_24320-Ph_golgi_o15.tif,s3://morphology_profiles/filtered_mp/24320-Mito/merged_24320-Mito_o15.tif
C[C@]12C=CC(=O)C=C1CC[C@H]1[C@@H]3C[C@@H](O)[C@](O)(C(=O)CO)[C@@]3(C)C[C@H](O)[C@@]12F,24320,P3,s3://morphology_profiles/filtered_mp/24320-Hoechst/merged_24320-Hoechst_p03.tif,s3://morphology_profiles/filtered_mp/24320-ERSyto/merged_24320-ERSyto_p03.tif,s3://morphology_profiles/filtered_mp/24320-ERSytoBleed/merged_24320-ERSytoBleed_p03.tif,s3://morphology_profiles/filtered_mp/24320-Ph_golgi/merged_24320-Ph_golgi_p03.tif,s3://morphology_profiles/filtered_mp/24320-Mito/merged_24320-Mito_p03.tif
Cc1ccc(NC(=O)c2ccc(CN3CCN(C)CC3)cc2)cc1Nc1nccc(-c2cccnc2)n1,24321,A2,s3://morphology_profiles/filtered_mp/24321-Hoechst/merged_24321-Hoechst_a02.tif,s3://morphology_profiles/filtered_mp/24321-ERSyto/merged_24321-ERSyto_a02.tif,s3://morphology_profiles/filtered_mp/24321-ERSytoBleed/merged_24321-ERSytoBleed_a02.tif,s3://morphology_profiles/filtered_mp/24321-Ph_golgi/merged_24321-Ph_golgi_a02.tif,s3://morphology_profiles/filtered_mp/24321-Mito/merged_24321-Mito_a02.tif
C[C@@H]1C[C@H]2[C@@H]3C[C@H](F)C4=CC(=O)C=C[C@]4(C)[C@@]3(F)[C@@H](O)C[C@]2(C)[C@@]1(O)C(=O)CO,24321,B22,s3://morphology_profiles/filtered_mp/24321-Hoechst/merged_24321-Hoechst_b22.tif,s3://morphology_profiles/filtered_mp/24321-ERSyto/merged_24321-ERSyto_b22.tif,s3://morphology_profiles/filtered_mp/24321-ERSytoBleed/merged_24321-ERSytoBleed_b22.tif,s3://morphology_profiles/filtered_mp/24321-Ph_golgi/merged_24321-Ph_golgi_b22.tif,s3://morphology_profiles/filtered_mp/24321-Mito/merged_24321-Mito_b22.tif
CCC(=O)O[C@]1(C(=O)SCF)[C@H](C)C[C@H]2[C@@H]3C[C@H](F)C4=CC(=O)C=C[C@]4(C)[C@@]3(F)[C@@H](O)C[C@@]21C,24321,C13,s3://morphology_profiles/filtered_mp/24321-Hoechst/merged_24321-Hoechst_c13.tif,s3://morphology_profiles/filtered_mp/24321-ERSyto/merged_24321-ERSyto_c13.tif,s3://morphology_profiles/filtered_mp/24321-ERSytoBleed/merged_24321-ERSytoBleed_c13.tif,s3://morphology_profiles/filtered_mp/24321-Ph_golgi/merged_24321-Ph_golgi_c13.tif,s3://morphology_profiles/filtered_mp/24321-Mito/merged_24321-Mito_c13.tif
C[C@H]1[C@H](N=C(O)/C(=N\OC(C)(C)C(=O)O)c2csc(=N)[nH]2)C(=O)N1S(=O)(=O)O,24321,C23,s3://morphology_profiles/filtered_mp/24321-Hoechst/merged_24321-Hoechst_c23.tif,s3://morphology_profiles/filtered_mp/24321-ERSyto/merged_24321-ERSyto_c23.tif,s3://morphology_profiles/filtered_mp/24321-ERSytoBleed/merged_24321-ERSytoBleed_c23.tif,s3://morphology_profiles/filtered_mp/24321-Ph_golgi/merged_24321-Ph_golgi_c23.tif,s3://morphology_profiles/filtered_mp/24321-Mito/merged_24321-Mito_c23.tif
COc1c2occc2cc2ccc(=O)oc12,24321,D9,s3://morphology_profiles/filtered_mp/24321-Hoechst/merged_24321-Hoechst_d09.tif,s3://morphology_profiles/filtered_mp/24321-ERSyto/merged_24321-ERSyto_d09.tif,s3://morphology_profiles/filtered_mp/24321-ERSytoBleed/merged_24321-ERSytoBleed_d09.tif,s3://morphology_profiles/filtered_mp/24321-Ph_golgi/merged_24321-Ph_golgi_d09.tif,s3://morphology_profiles/filtered_mp/24321-Mito/merged_24321-Mito_d09.tif
O=C(O)c1ccccc1C(=O)Nc1ccc(S(=O)(=O)Nc2nccs2)cc1,24321,E21,s3://morphology_profiles/filtered_mp/24321-Hoechst/merged_24321-Hoechst_e21.tif,s3://morphology_profiles/filtered_mp/24321-ERSyto/merged_24321-ERSyto_e21.tif,s3://morphology_profiles/filtered_mp/24321-ERSytoBleed/merged_24321-ERSytoBleed_e21.tif,s3://morphology_profiles/filtered_mp/24321-Ph_golgi/merged_24321-Ph_golgi_e21.tif,s3://morphology_profiles/filtered_mp/24321-Mito/merged_24321-Mito_e21.tif
CC(=O)[C@@]1(O)CC[C@H]2[C@@H]3C[C@H](C)C4=CC(=O)C=C[C@]4(C)[C@@]3(F)[C@@H](O)C[C@@]21C,24321,F4,s3://morphology_profiles/filtered_mp/24321-Hoechst/merged_24321-Hoechst_f04.tif,s3://morphology_profiles/filtered_mp/24321-ERSyto/merged_24321-ERSyto_f04.tif,s3://morphology_profiles/filtered_mp/24321-ERSytoBleed/merged_24321-ERSytoBleed_f04.tif,s3://morphology_profiles/filtered_mp/24321-Ph_golgi/merged_24321-Ph_golgi_f04.tif,s3://morphology_profiles/filtered_mp/24321-Mito/merged_24321-Mito_f04.tif
CC(=O)[C@H]1CC[C@H]2[C@@H]3CCC4=CC(=O)CC[C@]4(C)[C@H]3CC[C@]12C,24321,F6,s3://morphology_profiles/filtered_mp/24321-Hoechst/merged_24321-Hoechst_f06.tif,s3://morphology_profiles/filtered_mp/24321-ERSyto/merged_24321-ERSyto_f06.tif,s3://morphology_profiles/filtered_mp/24321-ERSytoBleed/merged_24321-ERSytoBleed_f06.tif,s3://morphology_profiles/filtered_mp/24321-Ph_golgi/merged_24321-Ph_golgi_f06.tif,s3://morphology_profiles/filtered_mp/24321-Mito/merged_24321-Mito_f06.tif
COc1ccc2cc(CCC(C)=O)ccc2c1,24321,F7,s3://morphology_profiles/filtered_mp/24321-Hoechst/merged_24321-Hoechst_f07.tif,s3://morphology_profiles/filtered_mp/24321-ERSyto/merged_24321-ERSyto_f07.tif,s3://morphology_profiles/filtered_mp/24321-ERSytoBleed/merged_24321-ERSytoBleed_f07.tif,s3://morphology_profiles/filtered_mp/24321-Ph_golgi/merged_24321-Ph_golgi_f07.tif,s3://morphology_profiles/filtered_mp/24321-Mito/merged_24321-Mito_f07.tif
N=c1[nH]c2cc(Cl)ccc2o1,24321,G2,s3://morphology_profiles/filtered_mp/24321-Hoechst/merged_24321-Hoechst_g02.tif,s3://morphology_profiles/filtered_mp/24321-ERSyto/merged_24321-ERSyto_g02.tif,s3://morphology_profiles/filtered_mp/24321-ERSytoBleed/merged_24321-ERSytoBleed_g02.tif,s3://morphology_profiles/filtered_mp/24321-Ph_golgi/merged_24321-Ph_golgi_g02.tif,s3://morphology_profiles/filtered_mp/24321-Mito/merged_24321-Mito_g02.tif
O=C1CCc2cc(OCCCCc3nnnn3C3CCCCC3)ccc2N1,24321,G16,s3://morphology_profiles/filtered_mp/24321-Hoechst/merged_24321-Hoechst_g16.tif,s3://morphology_profiles/filtered_mp/24321-ERSyto/merged_24321-ERSyto_g16.tif,s3://morphology_profiles/filtered_mp/24321-ERSytoBleed/merged_24321-ERSytoBleed_g16.tif,s3://morphology_profiles/filtered_mp/24321-Ph_golgi/merged_24321-Ph_golgi_g16.tif,s3://morphology_profiles/filtered_mp/24321-Mito/merged_24321-Mito_g16.tif
CN(C)c1nc(N(C)C)nc(N(C)C)n1,24321,G17,s3://morphology_profiles/filtered_mp/24321-Hoechst/merged_24321-Hoechst_g17.tif,s3://morphology_profiles/filtered_mp/24321-ERSyto/merged_24321-ERSyto_g17.tif,s3://morphology_profiles/filtered_mp/24321-ERSytoBleed/merged_24321-ERSytoBleed_g17.tif,s3://morphology_profiles/filtered_mp/24321-Ph_golgi/merged_24321-Ph_golgi_g17.tif,s3://morphology_profiles/filtered_mp/24321-Mito/merged_24321-Mito_g17.tif
O=C(CCCN1CCC(O)(c2ccc(Cl)cc2)CC1)c1ccc(F)cc1,24321,H13,s3://morphology_profiles/filtered_mp/24321-Hoechst/merged_24321-Hoechst_h13.tif,s3://morphology_profiles/filtered_mp/24321-ERSyto/merged_24321-ERSyto_h13.tif,s3://morphology_profiles/filtered_mp/24321-ERSytoBleed/merged_24321-ERSytoBleed_h13.tif,s3://morphology_profiles/filtered_mp/24321-Ph_golgi/merged_24321-Ph_golgi_h13.tif,s3://morphology_profiles/filtered_mp/24321-Mito/merged_24321-Mito_h13.tif
CC(=O)[C@H]1CC[C@H]2[C@@H]3C=CC4=CC(=O)CC[C@@]4(C)[C@@H]3CC[C@]12C,24321,I15,s3://morphology_profiles/filtered_mp/24321-Hoechst/merged_24321-Hoechst_i15.tif,s3://morphology_profiles/filtered_mp/24321-ERSyto/merged_24321-ERSyto_i15.tif,s3://morphology_profiles/filtered_mp/24321-ERSytoBleed/merged_24321-ERSytoBleed_i15.tif,s3://morphology_profiles/filtered_mp/24321-Ph_golgi/merged_24321-Ph_golgi_i15.tif,s3://morphology_profiles/filtered_mp/24321-Mito/merged_24321-Mito_i15.tif
C=C[C@H]1CN2CC[C@H]1C[C@@H]2[C@@H](O)c1ccnc2ccc(OC)cc12,24321,J14,s3://morphology_profiles/filtered_mp/24321-Hoechst/merged_24321-Hoechst_j14.tif,s3://morphology_profiles/filtered_mp/24321-ERSyto/merged_24321-ERSyto_j14.tif,s3://morphology_profiles/filtered_mp/24321-ERSytoBleed/merged_24321-ERSytoBleed_j14.tif,s3://morphology_profiles/filtered_mp/24321-Ph_golgi/merged_24321-Ph_golgi_j14.tif,s3://morphology_profiles/filtered_mp/24321-Mito/merged_24321-Mito_j14.tif
C=CC1=C(C(=O)O)N2C(=O)[C@@H](N=C(O)/C(=N\OCC(=O)O)c3csc(=N)[nH]3)[C@H]2SC1,24321,J20,s3://morphology_profiles/filtered_mp/24321-Hoechst/merged_24321-Hoechst_j20.tif,s3://morphology_profiles/filtered_mp/24321-ERSyto/merged_24321-ERSyto_j20.tif,s3://morphology_profiles/filtered_mp/24321-ERSytoBleed/merged_24321-ERSytoBleed_j20.tif,s3://morphology_profiles/filtered_mp/24321-Ph_golgi/merged_24321-Ph_golgi_j20.tif,s3://morphology_profiles/filtered_mp/24321-Mito/merged_24321-Mito_j20.tif
NS(=O)(=O)c1cc(Cl)c(Cl)c(S(N)(=O)=O)c1,24321,K6,s3://morphology_profiles/filtered_mp/24321-Hoechst/merged_24321-Hoechst_k06.tif,s3://morphology_profiles/filtered_mp/24321-ERSyto/merged_24321-ERSyto_k06.tif,s3://morphology_profiles/filtered_mp/24321-ERSytoBleed/merged_24321-ERSytoBleed_k06.tif,s3://morphology_profiles/filtered_mp/24321-Ph_golgi/merged_24321-Ph_golgi_k06.tif,s3://morphology_profiles/filtered_mp/24321-Mito/merged_24321-Mito_k06.tif
O=C(O)c1cc(-c2ccccc2)nc2ccccc12,24321,L11,s3://morphology_profiles/filtered_mp/24321-Hoechst/merged_24321-Hoechst_l11.tif,s3://morphology_profiles/filtered_mp/24321-ERSyto/merged_24321-ERSyto_l11.tif,s3://morphology_profiles/filtered_mp/24321-ERSytoBleed/merged_24321-ERSytoBleed_l11.tif,s3://morphology_profiles/filtered_mp/24321-Ph_golgi/merged_24321-Ph_golgi_l11.tif,s3://morphology_profiles/filtered_mp/24321-Mito/merged_24321-Mito_l11.tif
CC1=Nc2ccc(Cl)cc2S(=O)(=O)N1,24321,L13,s3://morphology_profiles/filtered_mp/24321-Hoechst/merged_24321-Hoechst_l13.tif,s3://morphology_profiles/filtered_mp/24321-ERSyto/merged_24321-ERSyto_l13.tif,s3://morphology_profiles/filtered_mp/24321-ERSytoBleed/merged_24321-ERSytoBleed_l13.tif,s3://morphology_profiles/filtered_mp/24321-Ph_golgi/merged_24321-Ph_golgi_l13.tif,s3://morphology_profiles/filtered_mp/24321-Mito/merged_24321-Mito_l13.tif
CCN[C@H]1CN(CCCOC)S(=O)(=O)c2sc(S(N)(=O)=O)cc21,24321,N3,s3://morphology_profiles/filtered_mp/24321-Hoechst/merged_24321-Hoechst_n03.tif,s3://morphology_profiles/filtered_mp/24321-ERSyto/merged_24321-ERSyto_n03.tif,s3://morphology_profiles/filtered_mp/24321-ERSytoBleed/merged_24321-ERSytoBleed_n03.tif,s3://morphology_profiles/filtered_mp/24321-Ph_golgi/merged_24321-Ph_golgi_n03.tif,s3://morphology_profiles/filtered_mp/24321-Mito/merged_24321-Mito_n03.tif
CCN(CC)CCN=C(O)c1cc(Cl)c(N)cc1OC,24321,N17,s3://morphology_profiles/filtered_mp/24321-Hoechst/merged_24321-Hoechst_n17.tif,s3://morphology_profiles/filtered_mp/24321-ERSyto/merged_24321-ERSyto_n17.tif,s3://morphology_profiles/filtered_mp/24321-ERSytoBleed/merged_24321-ERSytoBleed_n17.tif,s3://morphology_profiles/filtered_mp/24321-Ph_golgi/merged_24321-Ph_golgi_n17.tif,s3://morphology_profiles/filtered_mp/24321-Mito/merged_24321-Mito_n17.tif
CC1=C(/C=C/C(C)=C/C=C/C(C)=C\C(=O)O)C(C)(C)CCC1,24321,O15,s3://morphology_profiles/filtered_mp/24321-Hoechst/merged_24321-Hoechst_o15.tif,s3://morphology_profiles/filtered_mp/24321-ERSyto/merged_24321-ERSyto_o15.tif,s3://morphology_profiles/filtered_mp/24321-ERSytoBleed/merged_24321-ERSytoBleed_o15.tif,s3://morphology_profiles/filtered_mp/24321-Ph_golgi/merged_24321-Ph_golgi_o15.tif,s3://morphology_profiles/filtered_mp/24321-Mito/merged_24321-Mito_o15.tif
C[C@]12C=CC(=O)C=C1CC[C@H]1[C@@H]3C[C@@H](O)[C@](O)(C(=O)CO)[C@@]3(C)C[C@H](O)[C@@]12F,24321,P3,s3://morphology_profiles/filtered_mp/24321-Hoechst/merged_24321-Hoechst_p03.tif,s3://morphology_profiles/filtered_mp/24321-ERSyto/merged_24321-ERSyto_p03.tif,s3://morphology_profiles/filtered_mp/24321-ERSytoBleed/merged_24321-ERSytoBleed_p03.tif,s3://morphology_profiles/filtered_mp/24321-Ph_golgi/merged_24321-Ph_golgi_p03.tif,s3://morphology_profiles/filtered_mp/24321-Mito/merged_24321-Mito_p03.tif
CC(C)(C)NCC(O)COc1cccc2c1CC(O)C(O)C2,24352,A3,s3://morphology_profiles/filtered_mp/24352-Hoechst/merged_24352-Hoechst_a03.tif,s3://morphology_profiles/filtered_mp/24352-ERSyto/merged_24352-ERSyto_a03.tif,s3://morphology_profiles/filtered_mp/24352-ERSytoBleed/merged_24352-ERSytoBleed_a03.tif,s3://morphology_profiles/filtered_mp/24352-Ph_golgi/merged_24352-Ph_golgi_a03.tif,s3://morphology_profiles/filtered_mp/24352-Mito/merged_24352-Mito_a03.tif
CC(CNC1CCCCC1)OC(=O)c1ccccc1,24352,A6,s3://morphology_profiles/filtered_mp/24352-Hoechst/merged_24352-Hoechst_a06.tif,s3://morphology_profiles/filtered_mp/24352-ERSyto/merged_24352-ERSyto_a06.tif,s3://morphology_profiles/filtered_mp/24352-ERSytoBleed/merged_24352-ERSytoBleed_a06.tif,s3://morphology_profiles/filtered_mp/24352-Ph_golgi/merged_24352-Ph_golgi_a06.tif,s3://morphology_profiles/filtered_mp/24352-Mito/merged_24352-Mito_a06.tif
CC1(C)O[C@@H]2C[C@H]3[C@@H]4C[C@H](F)C5=CC(=O)CC[C@]5(C)[C@H]4[C@@H](O)C[C@]3(C)[C@]2(C(=O)CO)O1,24352,B9,s3://morphology_profiles/filtered_mp/24352-Hoechst/merged_24352-Hoechst_b09.tif,s3://morphology_profiles/filtered_mp/24352-ERSyto/merged_24352-ERSyto_b09.tif,s3://morphology_profiles/filtered_mp/24352-ERSytoBleed/merged_24352-ERSytoBleed_b09.tif,s3://morphology_profiles/filtered_mp/24352-Ph_golgi/merged_24352-Ph_golgi_b09.tif,s3://morphology_profiles/filtered_mp/24352-Mito/merged_24352-Mito_b09.tif
CC(C)(C)N=C(O)[C@H]1CC[C@H]2[C@@H]3CC[C@H]4N=C(O)C=C[C@]4(C)[C@H]3CC[C@]12C,24352,B11,s3://morphology_profiles/filtered_mp/24352-Hoechst/merged_24352-Hoechst_b11.tif,s3://morphology_profiles/filtered_mp/24352-ERSyto/merged_24352-ERSyto_b11.tif,s3://morphology_profiles/filtered_mp/24352-ERSytoBleed/merged_24352-ERSytoBleed_b11.tif,s3://morphology_profiles/filtered_mp/24352-Ph_golgi/merged_24352-Ph_golgi_b11.tif,s3://morphology_profiles/filtered_mp/24352-Mito/merged_24352-Mito_b11.tif
Cc1ccc(-c2cc(C(F)(F)F)nn2-c2ccc(S(N)(=O)=O)cc2)cc1,24352,C19,s3://morphology_profiles/filtered_mp/24352-Hoechst/merged_24352-Hoechst_c19.tif,s3://morphology_profiles/filtered_mp/24352-ERSyto/merged_24352-ERSyto_c19.tif,s3://morphology_profiles/filtered_mp/24352-ERSytoBleed/merged_24352-ERSytoBleed_c19.tif,s3://morphology_profiles/filtered_mp/24352-Ph_golgi/merged_24352-Ph_golgi_c19.tif,s3://morphology_profiles/filtered_mp/24352-Mito/merged_24352-Mito_c19.tif
CO/N=C(\C(O)=N[C@@H]1C(=O)N2C(C(=O)O)=C(COC(=N)O)CS[C@H]12)c1ccco1,24352,C21,s3://morphology_profiles/filtered_mp/24352-Hoechst/merged_24352-Hoechst_c21.tif,s3://morphology_profiles/filtered_mp/24352-ERSyto/merged_24352-ERSyto_c21.tif,s3://morphology_profiles/filtered_mp/24352-ERSytoBleed/merged_24352-ERSytoBleed_c21.tif,s3://morphology_profiles/filtered_mp/24352-Ph_golgi/merged_24352-Ph_golgi_c21.tif,s3://morphology_profiles/filtered_mp/24352-Mito/merged_24352-Mito_c21.tif
O=C(O)c1cn(C2CC2)c2cc(N3CCNCC3)c(F)cc2c1=O,24352,E7,s3://morphology_profiles/filtered_mp/24352-Hoechst/merged_24352-Hoechst_e07.tif,s3://morphology_profiles/filtered_mp/24352-ERSyto/merged_24352-ERSyto_e07.tif,s3://morphology_profiles/filtered_mp/24352-ERSytoBleed/merged_24352-ERSytoBleed_e07.tif,s3://morphology_profiles/filtered_mp/24352-Ph_golgi/merged_24352-Ph_golgi_e07.tif,s3://morphology_profiles/filtered_mp/24352-Mito/merged_24352-Mito_e07.tif
OC(Cn1cncn1)(Cn1cncn1)c1ccc(F)cc1F,24352,F3,s3://morphology_profiles/filtered_mp/24352-Hoechst/merged_24352-Hoechst_f03.tif,s3://morphology_profiles/filtered_mp/24352-ERSyto/merged_24352-ERSyto_f03.tif,s3://morphology_profiles/filtered_mp/24352-ERSytoBleed/merged_24352-ERSytoBleed_f03.tif,s3://morphology_profiles/filtered_mp/24352-Ph_golgi/merged_24352-Ph_golgi_f03.tif,s3://morphology_profiles/filtered_mp/24352-Mito/merged_24352-Mito_f03.tif
O=C1c2cccc(O)c2C(=O)c2c(O)cccc21,24352,I19,s3://morphology_profiles/filtered_mp/24352-Hoechst/merged_24352-Hoechst_i19.tif,s3://morphology_profiles/filtered_mp/24352-ERSyto/merged_24352-ERSyto_i19.tif,s3://morphology_profiles/filtered_mp/24352-ERSytoBleed/merged_24352-ERSytoBleed_i19.tif,s3://morphology_profiles/filtered_mp/24352-Ph_golgi/merged_24352-Ph_golgi_i19.tif,s3://morphology_profiles/filtered_mp/24352-Mito/merged_24352-Mito_i19.tif
OCCN1CCN(CCCN2c3ccccc3Sc3ccc(Cl)cc32)CC1,24352,J15,s3://morphology_profiles/filtered_mp/24352-Hoechst/merged_24352-Hoechst_j15.tif,s3://morphology_profiles/filtered_mp/24352-ERSyto/merged_24352-ERSyto_j15.tif,s3://morphology_profiles/filtered_mp/24352-ERSytoBleed/merged_24352-ERSytoBleed_j15.tif,s3://morphology_profiles/filtered_mp/24352-Ph_golgi/merged_24352-Ph_golgi_j15.tif,s3://morphology_profiles/filtered_mp/24352-Mito/merged_24352-Mito_j15.tif
Cc1cc(C)nc(NS(=O)(=O)c2ccc(N)cc2)n1,24352,K5,s3://morphology_profiles/filtered_mp/24352-Hoechst/merged_24352-Hoechst_k05.tif,s3://morphology_profiles/filtered_mp/24352-ERSyto/merged_24352-ERSyto_k05.tif,s3://morphology_profiles/filtered_mp/24352-ERSytoBleed/merged_24352-ERSytoBleed_k05.tif,s3://morphology_profiles/filtered_mp/24352-Ph_golgi/merged_24352-Ph_golgi_k05.tif,s3://morphology_profiles/filtered_mp/24352-Mito/merged_24352-Mito_k05.tif
O=C(NNCCC(O)=NCc1ccccc1)c1ccncc1,24352,K17,s3://morphology_profiles/filtered_mp/24352-Hoechst/merged_24352-Hoechst_k17.tif,s3://morphology_profiles/filtered_mp/24352-ERSyto/merged_24352-ERSyto_k17.tif,s3://morphology_profiles/filtered_mp/24352-ERSytoBleed/merged_24352-ERSytoBleed_k17.tif,s3://morphology_profiles/filtered_mp/24352-Ph_golgi/merged_24352-Ph_golgi_k17.tif,s3://morphology_profiles/filtered_mp/24352-Mito/merged_24352-Mito_k17.tif
Cc1cnc(C(O)=NCCc2ccc(S(=O)(=O)NC(O)=NC3CCCCC3)cc2)cn1,24352,K21,s3://morphology_profiles/filtered_mp/24352-Hoechst/merged_24352-Hoechst_k21.tif,s3://morphology_profiles/filtered_mp/24352-ERSyto/merged_24352-ERSyto_k21.tif,s3://morphology_profiles/filtered_mp/24352-ERSytoBleed/merged_24352-ERSytoBleed_k21.tif,s3://morphology_profiles/filtered_mp/24352-Ph_golgi/merged_24352-Ph_golgi_k21.tif,s3://morphology_profiles/filtered_mp/24352-Mito/merged_24352-Mito_k21.tif
Cc1onc(-c2ccccc2)c1-c1ccc(S(N)(=O)=O)cc1,24352,L14,s3://morphology_profiles/filtered_mp/24352-Hoechst/merged_24352-Hoechst_l14.tif,s3://morphology_profiles/filtered_mp/24352-ERSyto/merged_24352-ERSyto_l14.tif,s3://morphology_profiles/filtered_mp/24352-ERSytoBleed/merged_24352-ERSytoBleed_l14.tif,s3://morphology_profiles/filtered_mp/24352-Ph_golgi/merged_24352-Ph_golgi_l14.tif,s3://morphology_profiles/filtered_mp/24352-Mito/merged_24352-Mito_l14.tif
C/C=C/C[C@@H](C)[C@@H](O)[C@H]1C(O)=N[C@@H](CC)C(=O)N(C)CC(=O)N(C)[C@@H](CC(C)C)C(O)=N[C@@H](C(C)C)C(=O)N(C)[C@@H](CC(C)C)C(O)=N[C@@H](C)C(O)=N[C@H](C)C(=O)N(C)[C@@H](CC(C)C)C(=O)N(C)[C@@H](CC(C)C)C(=O)N(C)[C@@H](C(C)C)C(=O)N1C,24352,M1,s3://morphology_profiles/filtered_mp/24352-Hoechst/merged_24352-Hoechst_m01.tif,s3://morphology_profiles/filtered_mp/24352-ERSyto/merged_24352-ERSyto_m01.tif,s3://morphology_profiles/filtered_mp/24352-ERSytoBleed/merged_24352-ERSytoBleed_m01.tif,s3://morphology_profiles/filtered_mp/24352-Ph_golgi/merged_24352-Ph_golgi_m01.tif,s3://morphology_profiles/filtered_mp/24352-Mito/merged_24352-Mito_m01.tif
CCOC(=O)Oc1c(OC)cc(C(=O)O[C@@H]2C[C@@H]3CN4CCc5c([nH]c6cc(OC)ccc56)[C@H]4C[C@@H]3[C@H](C(=O)OC)[C@H]2OC)cc1OC,24352,M11,s3://morphology_profiles/filtered_mp/24352-Hoechst/merged_24352-Hoechst_m11.tif,s3://morphology_profiles/filtered_mp/24352-ERSyto/merged_24352-ERSyto_m11.tif,s3://morphology_profiles/filtered_mp/24352-ERSytoBleed/merged_24352-ERSytoBleed_m11.tif,s3://morphology_profiles/filtered_mp/24352-Ph_golgi/merged_24352-Ph_golgi_m11.tif,s3://morphology_profiles/filtered_mp/24352-Mito/merged_24352-Mito_m11.tif
CCC1(C)CC(=O)N=C(O)C1,24352,N8,s3://morphology_profiles/filtered_mp/24352-Hoechst/merged_24352-Hoechst_n08.tif,s3://morphology_profiles/filtered_mp/24352-ERSyto/merged_24352-ERSyto_n08.tif,s3://morphology_profiles/filtered_mp/24352-ERSytoBleed/merged_24352-ERSytoBleed_n08.tif,s3://morphology_profiles/filtered_mp/24352-Ph_golgi/merged_24352-Ph_golgi_n08.tif,s3://morphology_profiles/filtered_mp/24352-Mito/merged_24352-Mito_n08.tif
Cc1ccc(NC(=O)c2ccc(CN3CCN(C)CC3)cc2)cc1Nc1nccc(-c2cccnc2)n1,24357,A2,s3://morphology_profiles/filtered_mp/24357-Hoechst/merged_24357-Hoechst_a02.tif,s3://morphology_profiles/filtered_mp/24357-ERSyto/merged_24357-ERSyto_a02.tif,s3://morphology_profiles/filtered_mp/24357-ERSytoBleed/merged_24357-ERSytoBleed_a02.tif,s3://morphology_profiles/filtered_mp/24357-Ph_golgi/merged_24357-Ph_golgi_a02.tif,s3://morphology_profiles/filtered_mp/24357-Mito/merged_24357-Mito_a02.tif
C[C@@H]1C[C@H]2[C@@H]3C[C@H](F)C4=CC(=O)C=C[C@]4(C)[C@@]3(F)[C@@H](O)C[C@]2(C)[C@@]1(O)C(=O)CO,24357,B22,s3://morphology_profiles/filtered_mp/24357-Hoechst/merged_24357-Hoechst_b22.tif,s3://morphology_profiles/filtered_mp/24357-ERSyto/merged_24357-ERSyto_b22.tif,s3://morphology_profiles/filtered_mp/24357-ERSytoBleed/merged_24357-ERSytoBleed_b22.tif,s3://morphology_profiles/filtered_mp/24357-Ph_golgi/merged_24357-Ph_golgi_b22.tif,s3://morphology_profiles/filtered_mp/24357-Mito/merged_24357-Mito_b22.tif
CCC(=O)O[C@]1(C(=O)SCF)[C@H](C)C[C@H]2[C@@H]3C[C@H](F)C4=CC(=O)C=C[C@]4(C)[C@@]3(F)[C@@H](O)C[C@@]21C,24357,C13,s3://morphology_profiles/filtered_mp/24357-Hoechst/merged_24357-Hoechst_c13.tif,s3://morphology_profiles/filtered_mp/24357-ERSyto/merged_24357-ERSyto_c13.tif,s3://morphology_profiles/filtered_mp/24357-ERSytoBleed/merged_24357-ERSytoBleed_c13.tif,s3://morphology_profiles/filtered_mp/24357-Ph_golgi/merged_24357-Ph_golgi_c13.tif,s3://morphology_profiles/filtered_mp/24357-Mito/merged_24357-Mito_c13.tif
C[C@H]1[C@H](N=C(O)/C(=N\OC(C)(C)C(=O)O)c2csc(=N)[nH]2)C(=O)N1S(=O)(=O)O,24357,C23,s3://morphology_profiles/filtered_mp/24357-Hoechst/merged_24357-Hoechst_c23.tif,s3://morphology_profiles/filtered_mp/24357-ERSyto/merged_24357-ERSyto_c23.tif,s3://morphology_profiles/filtered_mp/24357-ERSytoBleed/merged_24357-ERSytoBleed_c23.tif,s3://morphology_profiles/filtered_mp/24357-Ph_golgi/merged_24357-Ph_golgi_c23.tif,s3://morphology_profiles/filtered_mp/24357-Mito/merged_24357-Mito_c23.tif
COc1c2occc2cc2ccc(=O)oc12,24357,D9,s3://morphology_profiles/filtered_mp/24357-Hoechst/merged_24357-Hoechst_d09.tif,s3://morphology_profiles/filtered_mp/24357-ERSyto/merged_24357-ERSyto_d09.tif,s3://morphology_profiles/filtered_mp/24357-ERSytoBleed/merged_24357-ERSytoBleed_d09.tif,s3://morphology_profiles/filtered_mp/24357-Ph_golgi/merged_24357-Ph_golgi_d09.tif,s3://morphology_profiles/filtered_mp/24357-Mito/merged_24357-Mito_d09.tif
O=C(O)c1ccccc1C(=O)Nc1ccc(S(=O)(=O)Nc2nccs2)cc1,24357,E21,s3://morphology_profiles/filtered_mp/24357-Hoechst/merged_24357-Hoechst_e21.tif,s3://morphology_profiles/filtered_mp/24357-ERSyto/merged_24357-ERSyto_e21.tif,s3://morphology_profiles/filtered_mp/24357-ERSytoBleed/merged_24357-ERSytoBleed_e21.tif,s3://morphology_profiles/filtered_mp/24357-Ph_golgi/merged_24357-Ph_golgi_e21.tif,s3://morphology_profiles/filtered_mp/24357-Mito/merged_24357-Mito_e21.tif
CC(=O)[C@@]1(O)CC[C@H]2[C@@H]3C[C@H](C)C4=CC(=O)C=C[C@]4(C)[C@@]3(F)[C@@H](O)C[C@@]21C,24357,F4,s3://morphology_profiles/filtered_mp/24357-Hoechst/merged_24357-Hoechst_f04.tif,s3://morphology_profiles/filtered_mp/24357-ERSyto/merged_24357-ERSyto_f04.tif,s3://morphology_profiles/filtered_mp/24357-ERSytoBleed/merged_24357-ERSytoBleed_f04.tif,s3://morphology_profiles/filtered_mp/24357-Ph_golgi/merged_24357-Ph_golgi_f04.tif,s3://morphology_profiles/filtered_mp/24357-Mito/merged_24357-Mito_f04.tif
CC(=O)[C@H]1CC[C@H]2[C@@H]3CCC4=CC(=O)CC[C@]4(C)[C@H]3CC[C@]12C,24357,F6,s3://morphology_profiles/filtered_mp/24357-Hoechst/merged_24357-Hoechst_f06.tif,s3://morphology_profiles/filtered_mp/24357-ERSyto/merged_24357-ERSyto_f06.tif,s3://morphology_profiles/filtered_mp/24357-ERSytoBleed/merged_24357-ERSytoBleed_f06.tif,s3://morphology_profiles/filtered_mp/24357-Ph_golgi/merged_24357-Ph_golgi_f06.tif,s3://morphology_profiles/filtered_mp/24357-Mito/merged_24357-Mito_f06.tif
COc1ccc2cc(CCC(C)=O)ccc2c1,24357,F7,s3://morphology_profiles/filtered_mp/24357-Hoechst/merged_24357-Hoechst_f07.tif,s3://morphology_profiles/filtered_mp/24357-ERSyto/merged_24357-ERSyto_f07.tif,s3://morphology_profiles/filtered_mp/24357-ERSytoBleed/merged_24357-ERSytoBleed_f07.tif,s3://morphology_profiles/filtered_mp/24357-Ph_golgi/merged_24357-Ph_golgi_f07.tif,s3://morphology_profiles/filtered_mp/24357-Mito/merged_24357-Mito_f07.tif
N=c1[nH]c2cc(Cl)ccc2o1,24357,G2,s3://morphology_profiles/filtered_mp/24357-Hoechst/merged_24357-Hoechst_g02.tif,s3://morphology_profiles/filtered_mp/24357-ERSyto/merged_24357-ERSyto_g02.tif,s3://morphology_profiles/filtered_mp/24357-ERSytoBleed/merged_24357-ERSytoBleed_g02.tif,s3://morphology_profiles/filtered_mp/24357-Ph_golgi/merged_24357-Ph_golgi_g02.tif,s3://morphology_profiles/filtered_mp/24357-Mito/merged_24357-Mito_g02.tif
O=C1CCc2cc(OCCCCc3nnnn3C3CCCCC3)ccc2N1,24357,G16,s3://morphology_profiles/filtered_mp/24357-Hoechst/merged_24357-Hoechst_g16.tif,s3://morphology_profiles/filtered_mp/24357-ERSyto/merged_24357-ERSyto_g16.tif,s3://morphology_profiles/filtered_mp/24357-ERSytoBleed/merged_24357-ERSytoBleed_g16.tif,s3://morphology_profiles/filtered_mp/24357-Ph_golgi/merged_24357-Ph_golgi_g16.tif,s3://morphology_profiles/filtered_mp/24357-Mito/merged_24357-Mito_g16.tif
CN(C)c1nc(N(C)C)nc(N(C)C)n1,24357,G17,s3://morphology_profiles/filtered_mp/24357-Hoechst/merged_24357-Hoechst_g17.tif,s3://morphology_profiles/filtered_mp/24357-ERSyto/merged_24357-ERSyto_g17.tif,s3://morphology_profiles/filtered_mp/24357-ERSytoBleed/merged_24357-ERSytoBleed_g17.tif,s3://morphology_profiles/filtered_mp/24357-Ph_golgi/merged_24357-Ph_golgi_g17.tif,s3://morphology_profiles/filtered_mp/24357-Mito/merged_24357-Mito_g17.tif
O=C(CCCN1CCC(O)(c2ccc(Cl)cc2)CC1)c1ccc(F)cc1,24357,H13,s3://morphology_profiles/filtered_mp/24357-Hoechst/merged_24357-Hoechst_h13.tif,s3://morphology_profiles/filtered_mp/24357-ERSyto/merged_24357-ERSyto_h13.tif,s3://morphology_profiles/filtered_mp/24357-ERSytoBleed/merged_24357-ERSytoBleed_h13.tif,s3://morphology_profiles/filtered_mp/24357-Ph_golgi/merged_24357-Ph_golgi_h13.tif,s3://morphology_profiles/filtered_mp/24357-Mito/merged_24357-Mito_h13.tif
CC(=O)[C@H]1CC[C@H]2[C@@H]3C=CC4=CC(=O)CC[C@@]4(C)[C@@H]3CC[C@]12C,24357,I15,s3://morphology_profiles/filtered_mp/24357-Hoechst/merged_24357-Hoechst_i15.tif,s3://morphology_profiles/filtered_mp/24357-ERSyto/merged_24357-ERSyto_i15.tif,s3://morphology_profiles/filtered_mp/24357-ERSytoBleed/merged_24357-ERSytoBleed_i15.tif,s3://morphology_profiles/filtered_mp/24357-Ph_golgi/merged_24357-Ph_golgi_i15.tif,s3://morphology_profiles/filtered_mp/24357-Mito/merged_24357-Mito_i15.tif
C=C[C@H]1CN2CC[C@H]1C[C@@H]2[C@@H](O)c1ccnc2ccc(OC)cc12,24357,J14,s3://morphology_profiles/filtered_mp/24357-Hoechst/merged_24357-Hoechst_j14.tif,s3://morphology_profiles/filtered_mp/24357-ERSyto/merged_24357-ERSyto_j14.tif,s3://morphology_profiles/filtered_mp/24357-ERSytoBleed/merged_24357-ERSytoBleed_j14.tif,s3://morphology_profiles/filtered_mp/24357-Ph_golgi/merged_24357-Ph_golgi_j14.tif,s3://morphology_profiles/filtered_mp/24357-Mito/merged_24357-Mito_j14.tif
C=CC1=C(C(=O)O)N2C(=O)[C@@H](N=C(O)/C(=N\OCC(=O)O)c3csc(=N)[nH]3)[C@H]2SC1,24357,J20,s3://morphology_profiles/filtered_mp/24357-Hoechst/merged_24357-Hoechst_j20.tif,s3://morphology_profiles/filtered_mp/24357-ERSyto/merged_24357-ERSyto_j20.tif,s3://morphology_profiles/filtered_mp/24357-ERSytoBleed/merged_24357-ERSytoBleed_j20.tif,s3://morphology_profiles/filtered_mp/24357-Ph_golgi/merged_24357-Ph_golgi_j20.tif,s3://morphology_profiles/filtered_mp/24357-Mito/merged_24357-Mito_j20.tif
NS(=O)(=O)c1cc(Cl)c(Cl)c(S(N)(=O)=O)c1,24357,K6,s3://morphology_profiles/filtered_mp/24357-Hoechst/merged_24357-Hoechst_k06.tif,s3://morphology_profiles/filtered_mp/24357-ERSyto/merged_24357-ERSyto_k06.tif,s3://morphology_profiles/filtered_mp/24357-ERSytoBleed/merged_24357-ERSytoBleed_k06.tif,s3://morphology_profiles/filtered_mp/24357-Ph_golgi/merged_24357-Ph_golgi_k06.tif,s3://morphology_profiles/filtered_mp/24357-Mito/merged_24357-Mito_k06.tif
O=C(O)c1cc(-c2ccccc2)nc2ccccc12,24357,L11,s3://morphology_profiles/filtered_mp/24357-Hoechst/merged_24357-Hoechst_l11.tif,s3://morphology_profiles/filtered_mp/24357-ERSyto/merged_24357-ERSyto_l11.tif,s3://morphology_profiles/filtered_mp/24357-ERSytoBleed/merged_24357-ERSytoBleed_l11.tif,s3://morphology_profiles/filtered_mp/24357-Ph_golgi/merged_24357-Ph_golgi_l11.tif,s3://morphology_profiles/filtered_mp/24357-Mito/merged_24357-Mito_l11.tif
CC1=Nc2ccc(Cl)cc2S(=O)(=O)N1,24357,L13,s3://morphology_profiles/filtered_mp/24357-Hoechst/merged_24357-Hoechst_l13.tif,s3://morphology_profiles/filtered_mp/24357-ERSyto/merged_24357-ERSyto_l13.tif,s3://morphology_profiles/filtered_mp/24357-ERSytoBleed/merged_24357-ERSytoBleed_l13.tif,s3://morphology_profiles/filtered_mp/24357-Ph_golgi/merged_24357-Ph_golgi_l13.tif,s3://morphology_profiles/filtered_mp/24357-Mito/merged_24357-Mito_l13.tif
CCN[C@H]1CN(CCCOC)S(=O)(=O)c2sc(S(N)(=O)=O)cc21,24357,N3,s3://morphology_profiles/filtered_mp/24357-Hoechst/merged_24357-Hoechst_n03.tif,s3://morphology_profiles/filtered_mp/24357-ERSyto/merged_24357-ERSyto_n03.tif,s3://morphology_profiles/filtered_mp/24357-ERSytoBleed/merged_24357-ERSytoBleed_n03.tif,s3://morphology_profiles/filtered_mp/24357-Ph_golgi/merged_24357-Ph_golgi_n03.tif,s3://morphology_profiles/filtered_mp/24357-Mito/merged_24357-Mito_n03.tif
CCN(CC)CCN=C(O)c1cc(Cl)c(N)cc1OC,24357,N17,s3://morphology_profiles/filtered_mp/24357-Hoechst/merged_24357-Hoechst_n17.tif,s3://morphology_profiles/filtered_mp/24357-ERSyto/merged_24357-ERSyto_n17.tif,s3://morphology_profiles/filtered_mp/24357-ERSytoBleed/merged_24357-ERSytoBleed_n17.tif,s3://morphology_profiles/filtered_mp/24357-Ph_golgi/merged_24357-Ph_golgi_n17.tif,s3://morphology_profiles/filtered_mp/24357-Mito/merged_24357-Mito_n17.tif
CC1=C(/C=C/C(C)=C/C=C/C(C)=C\C(=O)O)C(C)(C)CCC1,24357,O15,s3://morphology_profiles/filtered_mp/24357-Hoechst/merged_24357-Hoechst_o15.tif,s3://morphology_profiles/filtered_mp/24357-ERSyto/merged_24357-ERSyto_o15.tif,s3://morphology_profiles/filtered_mp/24357-ERSytoBleed/merged_24357-ERSytoBleed_o15.tif,s3://morphology_profiles/filtered_mp/24357-Ph_golgi/merged_24357-Ph_golgi_o15.tif,s3://morphology_profiles/filtered_mp/24357-Mito/merged_24357-Mito_o15.tif
C[C@]12C=CC(=O)C=C1CC[C@H]1[C@@H]3C[C@@H](O)[C@](O)(C(=O)CO)[C@@]3(C)C[C@H](O)[C@@]12F,24357,P3,s3://morphology_profiles/filtered_mp/24357-Hoechst/merged_24357-Hoechst_p03.tif,s3://morphology_profiles/filtered_mp/24357-ERSyto/merged_24357-ERSyto_p03.tif,s3://morphology_profiles/filtered_mp/24357-ERSytoBleed/merged_24357-ERSytoBleed_p03.tif,s3://morphology_profiles/filtered_mp/24357-Ph_golgi/merged_24357-Ph_golgi_p03.tif,s3://morphology_profiles/filtered_mp/24357-Mito/merged_24357-Mito_p03.tif
OCc1cc(C(O)CNCCCCCCOCCCCc2ccccc2)ccc1O,25937,A9,s3://morphology_profiles/filtered_mp/25937-Hoechst/merged_25937-Hoechst_a09.tif,s3://morphology_profiles/filtered_mp/25937-ERSyto/merged_25937-ERSyto_a09.tif,s3://morphology_profiles/filtered_mp/25937-ERSytoBleed/merged_25937-ERSytoBleed_a09.tif,s3://morphology_profiles/filtered_mp/25937-Ph_golgi/merged_25937-Ph_golgi_a09.tif,s3://morphology_profiles/filtered_mp/25937-Mito/merged_25937-Mito_a09.tif
Cc1cccc(C)c1N=C(O)C1CCCCN1C,25937,A23,s3://morphology_profiles/filtered_mp/25937-Hoechst/merged_25937-Hoechst_a23.tif,s3://morphology_profiles/filtered_mp/25937-ERSyto/merged_25937-ERSyto_a23.tif,s3://morphology_profiles/filtered_mp/25937-ERSytoBleed/merged_25937-ERSytoBleed_a23.tif,s3://morphology_profiles/filtered_mp/25937-Ph_golgi/merged_25937-Ph_golgi_a23.tif,s3://morphology_profiles/filtered_mp/25937-Mito/merged_25937-Mito_a23.tif
COCCc1ccc(OCC(O)CNC(C)C)cc1,25937,B2,s3://morphology_profiles/filtered_mp/25937-Hoechst/merged_25937-Hoechst_b02.tif,s3://morphology_profiles/filtered_mp/25937-ERSyto/merged_25937-ERSyto_b02.tif,s3://morphology_profiles/filtered_mp/25937-ERSytoBleed/merged_25937-ERSytoBleed_b02.tif,s3://morphology_profiles/filtered_mp/25937-Ph_golgi/merged_25937-Ph_golgi_b02.tif,s3://morphology_profiles/filtered_mp/25937-Mito/merged_25937-Mito_b02.tif
COc1cc2nc(N(C)CCCN=C(O)C3CCCO3)[nH]c(=N)c2cc1OC,25937,C24,s3://morphology_profiles/filtered_mp/25937-Hoechst/merged_25937-Hoechst_c24.tif,s3://morphology_profiles/filtered_mp/25937-ERSyto/merged_25937-ERSyto_c24.tif,s3://morphology_profiles/filtered_mp/25937-ERSytoBleed/merged_25937-ERSytoBleed_c24.tif,s3://morphology_profiles/filtered_mp/25937-Ph_golgi/merged_25937-Ph_golgi_c24.tif,s3://morphology_profiles/filtered_mp/25937-Mito/merged_25937-Mito_c24.tif
COc1ccccc1OCCNCC(O)COc1cccc2[nH]c3ccccc3c12,25937,D22,s3://morphology_profiles/filtered_mp/25937-Hoechst/merged_25937-Hoechst_d22.tif,s3://morphology_profiles/filtered_mp/25937-ERSyto/merged_25937-ERSyto_d22.tif,s3://morphology_profiles/filtered_mp/25937-ERSytoBleed/merged_25937-ERSytoBleed_d22.tif,s3://morphology_profiles/filtered_mp/25937-Ph_golgi/merged_25937-Ph_golgi_d22.tif,s3://morphology_profiles/filtered_mp/25937-Mito/merged_25937-Mito_d22.tif
COc1cc2nc(N3CCN(C(=O)C4COc5ccccc5O4)CC3)[nH]c(=N)c2cc1OC,25937,E14,s3://morphology_profiles/filtered_mp/25937-Hoechst/merged_25937-Hoechst_e14.tif,s3://morphology_profiles/filtered_mp/25937-ERSyto/merged_25937-ERSyto_e14.tif,s3://morphology_profiles/filtered_mp/25937-ERSytoBleed/merged_25937-ERSytoBleed_e14.tif,s3://morphology_profiles/filtered_mp/25937-Ph_golgi/merged_25937-Ph_golgi_e14.tif,s3://morphology_profiles/filtered_mp/25937-Mito/merged_25937-Mito_e14.tif
CN1CCCCC1CCN1c2ccccc2Sc2ccc(S(C)=O)cc21,25937,E23,s3://morphology_profiles/filtered_mp/25937-Hoechst/merged_25937-Hoechst_e23.tif,s3://morphology_profiles/filtered_mp/25937-ERSyto/merged_25937-ERSyto_e23.tif,s3://morphology_profiles/filtered_mp/25937-ERSytoBleed/merged_25937-ERSytoBleed_e23.tif,s3://morphology_profiles/filtered_mp/25937-Ph_golgi/merged_25937-Ph_golgi_e23.tif,s3://morphology_profiles/filtered_mp/25937-Mito/merged_25937-Mito_e23.tif
CC(C)Cc1ccc(C(C)C(=O)O)cc1,25937,G5,s3://morphology_profiles/filtered_mp/25937-Hoechst/merged_25937-Hoechst_g05.tif,s3://morphology_profiles/filtered_mp/25937-ERSyto/merged_25937-ERSyto_g05.tif,s3://morphology_profiles/filtered_mp/25937-ERSytoBleed/merged_25937-ERSytoBleed_g05.tif,s3://morphology_profiles/filtered_mp/25937-Ph_golgi/merged_25937-Ph_golgi_g05.tif,s3://morphology_profiles/filtered_mp/25937-Mito/merged_25937-Mito_g05.tif
CN1C(=O)CC(c2ccccc2)C1=O,25937,G8,s3://morphology_profiles/filtered_mp/25937-Hoechst/merged_25937-Hoechst_g08.tif,s3://morphology_profiles/filtered_mp/25937-ERSyto/merged_25937-ERSyto_g08.tif,s3://morphology_profiles/filtered_mp/25937-ERSytoBleed/merged_25937-ERSytoBleed_g08.tif,s3://morphology_profiles/filtered_mp/25937-Ph_golgi/merged_25937-Ph_golgi_g08.tif,s3://morphology_profiles/filtered_mp/25937-Mito/merged_25937-Mito_g08.tif
CC(C)NCC(O)COc1ccc(CC(=N)O)cc1,25937,G23,s3://morphology_profiles/filtered_mp/25937-Hoechst/merged_25937-Hoechst_g23.tif,s3://morphology_profiles/filtered_mp/25937-ERSyto/merged_25937-ERSyto_g23.tif,s3://morphology_profiles/filtered_mp/25937-ERSytoBleed/merged_25937-ERSytoBleed_g23.tif,s3://morphology_profiles/filtered_mp/25937-Ph_golgi/merged_25937-Ph_golgi_g23.tif,s3://morphology_profiles/filtered_mp/25937-Mito/merged_25937-Mito_g23.tif
CC(=O)CC(c1ccccc1)c1c(O)c2ccccc2oc1=O,25937,I13,s3://morphology_profiles/filtered_mp/25937-Hoechst/merged_25937-Hoechst_i13.tif,s3://morphology_profiles/filtered_mp/25937-ERSyto/merged_25937-ERSyto_i13.tif,s3://morphology_profiles/filtered_mp/25937-ERSytoBleed/merged_25937-ERSytoBleed_i13.tif,s3://morphology_profiles/filtered_mp/25937-Ph_golgi/merged_25937-Ph_golgi_i13.tif,s3://morphology_profiles/filtered_mp/25937-Mito/merged_25937-Mito_i13.tif
CC(C)N(CCC(C(=N)O)(c1ccccc1)c1ccccn1)C(C)C,25937,K5,s3://morphology_profiles/filtered_mp/25937-Hoechst/merged_25937-Hoechst_k05.tif,s3://morphology_profiles/filtered_mp/25937-ERSyto/merged_25937-ERSyto_k05.tif,s3://morphology_profiles/filtered_mp/25937-ERSytoBleed/merged_25937-ERSytoBleed_k05.tif,s3://morphology_profiles/filtered_mp/25937-Ph_golgi/merged_25937-Ph_golgi_k05.tif,s3://morphology_profiles/filtered_mp/25937-Mito/merged_25937-Mito_k05.tif
OC(=Nc1ccccc1)OCC(CN1CCCCC1)OC(O)=Nc1ccccc1,25937,K12,s3://morphology_profiles/filtered_mp/25937-Hoechst/merged_25937-Hoechst_k12.tif,s3://morphology_profiles/filtered_mp/25937-ERSyto/merged_25937-ERSyto_k12.tif,s3://morphology_profiles/filtered_mp/25937-ERSytoBleed/merged_25937-ERSytoBleed_k12.tif,s3://morphology_profiles/filtered_mp/25937-Ph_golgi/merged_25937-Ph_golgi_k12.tif,s3://morphology_profiles/filtered_mp/25937-Mito/merged_25937-Mito_k12.tif
CCOC(=O)C1=C(C)NC(C)=C(C(=O)OC)C1c1cccc(Cl)c1Cl,25937,K14,s3://morphology_profiles/filtered_mp/25937-Hoechst/merged_25937-Hoechst_k14.tif,s3://morphology_profiles/filtered_mp/25937-ERSyto/merged_25937-ERSyto_k14.tif,s3://morphology_profiles/filtered_mp/25937-ERSytoBleed/merged_25937-ERSytoBleed_k14.tif,s3://morphology_profiles/filtered_mp/25937-Ph_golgi/merged_25937-Ph_golgi_k14.tif,s3://morphology_profiles/filtered_mp/25937-Mito/merged_25937-Mito_k14.tif
NS(=O)(=O)c1cc2c(cc1Cl)NC(C1CC3C=CC1C3)NS2(=O)=O,25937,N16,s3://morphology_profiles/filtered_mp/25937-Hoechst/merged_25937-Hoechst_n16.tif,s3://morphology_profiles/filtered_mp/25937-ERSyto/merged_25937-ERSyto_n16.tif,s3://morphology_profiles/filtered_mp/25937-ERSytoBleed/merged_25937-ERSytoBleed_n16.tif,s3://morphology_profiles/filtered_mp/25937-Ph_golgi/merged_25937-Ph_golgi_n16.tif,s3://morphology_profiles/filtered_mp/25937-Mito/merged_25937-Mito_n16.tif
OCc1cc(C(O)CNCCCCCCOCCCCc2ccccc2)ccc1O,25938,A9,s3://morphology_profiles/filtered_mp/25938-Hoechst/merged_25938-Hoechst_a09.tif,s3://morphology_profiles/filtered_mp/25938-ERSyto/merged_25938-ERSyto_a09.tif,s3://morphology_profiles/filtered_mp/25938-ERSytoBleed/merged_25938-ERSytoBleed_a09.tif,s3://morphology_profiles/filtered_mp/25938-Ph_golgi/merged_25938-Ph_golgi_a09.tif,s3://morphology_profiles/filtered_mp/25938-Mito/merged_25938-Mito_a09.tif
Cc1cccc(C)c1N=C(O)C1CCCCN1C,25938,A23,s3://morphology_profiles/filtered_mp/25938-Hoechst/merged_25938-Hoechst_a23.tif,s3://morphology_profiles/filtered_mp/25938-ERSyto/merged_25938-ERSyto_a23.tif,s3://morphology_profiles/filtered_mp/25938-ERSytoBleed/merged_25938-ERSytoBleed_a23.tif,s3://morphology_profiles/filtered_mp/25938-Ph_golgi/merged_25938-Ph_golgi_a23.tif,s3://morphology_profiles/filtered_mp/25938-Mito/merged_25938-Mito_a23.tif
COCCc1ccc(OCC(O)CNC(C)C)cc1,25938,B2,s3://morphology_profiles/filtered_mp/25938-Hoechst/merged_25938-Hoechst_b02.tif,s3://morphology_profiles/filtered_mp/25938-ERSyto/merged_25938-ERSyto_b02.tif,s3://morphology_profiles/filtered_mp/25938-ERSytoBleed/merged_25938-ERSytoBleed_b02.tif,s3://morphology_profiles/filtered_mp/25938-Ph_golgi/merged_25938-Ph_golgi_b02.tif,s3://morphology_profiles/filtered_mp/25938-Mito/merged_25938-Mito_b02.tif
COc1cc2nc(N(C)CCCN=C(O)C3CCCO3)[nH]c(=N)c2cc1OC,25938,C24,s3://morphology_profiles/filtered_mp/25938-Hoechst/merged_25938-Hoechst_c24.tif,s3://morphology_profiles/filtered_mp/25938-ERSyto/merged_25938-ERSyto_c24.tif,s3://morphology_profiles/filtered_mp/25938-ERSytoBleed/merged_25938-ERSytoBleed_c24.tif,s3://morphology_profiles/filtered_mp/25938-Ph_golgi/merged_25938-Ph_golgi_c24.tif,s3://morphology_profiles/filtered_mp/25938-Mito/merged_25938-Mito_c24.tif
COc1ccccc1OCCNCC(O)COc1cccc2[nH]c3ccccc3c12,25938,D22,s3://morphology_profiles/filtered_mp/25938-Hoechst/merged_25938-Hoechst_d22.tif,s3://morphology_profiles/filtered_mp/25938-ERSyto/merged_25938-ERSyto_d22.tif,s3://morphology_profiles/filtered_mp/25938-ERSytoBleed/merged_25938-ERSytoBleed_d22.tif,s3://morphology_profiles/filtered_mp/25938-Ph_golgi/merged_25938-Ph_golgi_d22.tif,s3://morphology_profiles/filtered_mp/25938-Mito/merged_25938-Mito_d22.tif
COc1cc2nc(N3CCN(C(=O)C4COc5ccccc5O4)CC3)[nH]c(=N)c2cc1OC,25938,E14,s3://morphology_profiles/filtered_mp/25938-Hoechst/merged_25938-Hoechst_e14.tif,s3://morphology_profiles/filtered_mp/25938-ERSyto/merged_25938-ERSyto_e14.tif,s3://morphology_profiles/filtered_mp/25938-ERSytoBleed/merged_25938-ERSytoBleed_e14.tif,s3://morphology_profiles/filtered_mp/25938-Ph_golgi/merged_25938-Ph_golgi_e14.tif,s3://morphology_profiles/filtered_mp/25938-Mito/merged_25938-Mito_e14.tif
CN1CCCCC1CCN1c2ccccc2Sc2ccc(S(C)=O)cc21,25938,E23,s3://morphology_profiles/filtered_mp/25938-Hoechst/merged_25938-Hoechst_e23.tif,s3://morphology_profiles/filtered_mp/25938-ERSyto/merged_25938-ERSyto_e23.tif,s3://morphology_profiles/filtered_mp/25938-ERSytoBleed/merged_25938-ERSytoBleed_e23.tif,s3://morphology_profiles/filtered_mp/25938-Ph_golgi/merged_25938-Ph_golgi_e23.tif,s3://morphology_profiles/filtered_mp/25938-Mito/merged_25938-Mito_e23.tif
CC(C)Cc1ccc(C(C)C(=O)O)cc1,25938,G5,s3://morphology_profiles/filtered_mp/25938-Hoechst/merged_25938-Hoechst_g05.tif,s3://morphology_profiles/filtered_mp/25938-ERSyto/merged_25938-ERSyto_g05.tif,s3://morphology_profiles/filtered_mp/25938-ERSytoBleed/merged_25938-ERSytoBleed_g05.tif,s3://morphology_profiles/filtered_mp/25938-Ph_golgi/merged_25938-Ph_golgi_g05.tif,s3://morphology_profiles/filtered_mp/25938-Mito/merged_25938-Mito_g05.tif
CN1C(=O)CC(c2ccccc2)C1=O,25938,G8,s3://morphology_profiles/filtered_mp/25938-Hoechst/merged_25938-Hoechst_g08.tif,s3://morphology_profiles/filtered_mp/25938-ERSyto/merged_25938-ERSyto_g08.tif,s3://morphology_profiles/filtered_mp/25938-ERSytoBleed/merged_25938-ERSytoBleed_g08.tif,s3://morphology_profiles/filtered_mp/25938-Ph_golgi/merged_25938-Ph_golgi_g08.tif,s3://morphology_profiles/filtered_mp/25938-Mito/merged_25938-Mito_g08.tif
CC(C)NCC(O)COc1ccc(CC(=N)O)cc1,25938,G23,s3://morphology_profiles/filtered_mp/25938-Hoechst/merged_25938-Hoechst_g23.tif,s3://morphology_profiles/filtered_mp/25938-ERSyto/merged_25938-ERSyto_g23.tif,s3://morphology_profiles/filtered_mp/25938-ERSytoBleed/merged_25938-ERSytoBleed_g23.tif,s3://morphology_profiles/filtered_mp/25938-Ph_golgi/merged_25938-Ph_golgi_g23.tif,s3://morphology_profiles/filtered_mp/25938-Mito/merged_25938-Mito_g23.tif
CC(=O)CC(c1ccccc1)c1c(O)c2ccccc2oc1=O,25938,I13,s3://morphology_profiles/filtered_mp/25938-Hoechst/merged_25938-Hoechst_i13.tif,s3://morphology_profiles/filtered_mp/25938-ERSyto/merged_25938-ERSyto_i13.tif,s3://morphology_profiles/filtered_mp/25938-ERSytoBleed/merged_25938-ERSytoBleed_i13.tif,s3://morphology_profiles/filtered_mp/25938-Ph_golgi/merged_25938-Ph_golgi_i13.tif,s3://morphology_profiles/filtered_mp/25938-Mito/merged_25938-Mito_i13.tif
CC(C)N(CCC(C(=N)O)(c1ccccc1)c1ccccn1)C(C)C,25938,K5,s3://morphology_profiles/filtered_mp/25938-Hoechst/merged_25938-Hoechst_k05.tif,s3://morphology_profiles/filtered_mp/25938-ERSyto/merged_25938-ERSyto_k05.tif,s3://morphology_profiles/filtered_mp/25938-ERSytoBleed/merged_25938-ERSytoBleed_k05.tif,s3://morphology_profiles/filtered_mp/25938-Ph_golgi/merged_25938-Ph_golgi_k05.tif,s3://morphology_profiles/filtered_mp/25938-Mito/merged_25938-Mito_k05.tif
OC(=Nc1ccccc1)OCC(CN1CCCCC1)OC(O)=Nc1ccccc1,25938,K12,s3://morphology_profiles/filtered_mp/25938-Hoechst/merged_25938-Hoechst_k12.tif,s3://morphology_profiles/filtered_mp/25938-ERSyto/merged_25938-ERSyto_k12.tif,s3://morphology_profiles/filtered_mp/25938-ERSytoBleed/merged_25938-ERSytoBleed_k12.tif,s3://morphology_profiles/filtered_mp/25938-Ph_golgi/merged_25938-Ph_golgi_k12.tif,s3://morphology_profiles/filtered_mp/25938-Mito/merged_25938-Mito_k12.tif
CCOC(=O)C1=C(C)NC(C)=C(C(=O)OC)C1c1cccc(Cl)c1Cl,25938,K14,s3://morphology_profiles/filtered_mp/25938-Hoechst/merged_25938-Hoechst_k14.tif,s3://morphology_profiles/filtered_mp/25938-ERSyto/merged_25938-ERSyto_k14.tif,s3://morphology_profiles/filtered_mp/25938-ERSytoBleed/merged_25938-ERSytoBleed_k14.tif,s3://morphology_profiles/filtered_mp/25938-Ph_golgi/merged_25938-Ph_golgi_k14.tif,s3://morphology_profiles/filtered_mp/25938-Mito/merged_25938-Mito_k14.tif
NS(=O)(=O)c1cc2c(cc1Cl)NC(C1CC3C=CC1C3)NS2(=O)=O,25938,N16,s3://morphology_profiles/filtered_mp/25938-Hoechst/merged_25938-Hoechst_n16.tif,s3://morphology_profiles/filtered_mp/25938-ERSyto/merged_25938-ERSyto_n16.tif,s3://morphology_profiles/filtered_mp/25938-ERSytoBleed/merged_25938-ERSytoBleed_n16.tif,s3://morphology_profiles/filtered_mp/25938-Ph_golgi/merged_25938-Ph_golgi_n16.tif,s3://morphology_profiles/filtered_mp/25938-Mito/merged_25938-Mito_n16.tif
OCc1cc(C(O)CNCCCCCCOCCCCc2ccccc2)ccc1O,25939,A9,s3://morphology_profiles/filtered_mp/25939-Hoechst/merged_25939-Hoechst_a09.tif,s3://morphology_profiles/filtered_mp/25939-ERSyto/merged_25939-ERSyto_a09.tif,s3://morphology_profiles/filtered_mp/25939-ERSytoBleed/merged_25939-ERSytoBleed_a09.tif,s3://morphology_profiles/filtered_mp/25939-Ph_golgi/merged_25939-Ph_golgi_a09.tif,s3://morphology_profiles/filtered_mp/25939-Mito/merged_25939-Mito_a09.tif
Cc1cccc(C)c1N=C(O)C1CCCCN1C,25939,A23,s3://morphology_profiles/filtered_mp/25939-Hoechst/merged_25939-Hoechst_a23.tif,s3://morphology_profiles/filtered_mp/25939-ERSyto/merged_25939-ERSyto_a23.tif,s3://morphology_profiles/filtered_mp/25939-ERSytoBleed/merged_25939-ERSytoBleed_a23.tif,s3://morphology_profiles/filtered_mp/25939-Ph_golgi/merged_25939-Ph_golgi_a23.tif,s3://morphology_profiles/filtered_mp/25939-Mito/merged_25939-Mito_a23.tif
COCCc1ccc(OCC(O)CNC(C)C)cc1,25939,B2,s3://morphology_profiles/filtered_mp/25939-Hoechst/merged_25939-Hoechst_b02.tif,s3://morphology_profiles/filtered_mp/25939-ERSyto/merged_25939-ERSyto_b02.tif,s3://morphology_profiles/filtered_mp/25939-ERSytoBleed/merged_25939-ERSytoBleed_b02.tif,s3://morphology_profiles/filtered_mp/25939-Ph_golgi/merged_25939-Ph_golgi_b02.tif,s3://morphology_profiles/filtered_mp/25939-Mito/merged_25939-Mito_b02.tif
COc1cc2nc(N(C)CCCN=C(O)C3CCCO3)[nH]c(=N)c2cc1OC,25939,C24,s3://morphology_profiles/filtered_mp/25939-Hoechst/merged_25939-Hoechst_c24.tif,s3://morphology_profiles/filtered_mp/25939-ERSyto/merged_25939-ERSyto_c24.tif,s3://morphology_profiles/filtered_mp/25939-ERSytoBleed/merged_25939-ERSytoBleed_c24.tif,s3://morphology_profiles/filtered_mp/25939-Ph_golgi/merged_25939-Ph_golgi_c24.tif,s3://morphology_profiles/filtered_mp/25939-Mito/merged_25939-Mito_c24.tif
COc1ccccc1OCCNCC(O)COc1cccc2[nH]c3ccccc3c12,25939,D22,s3://morphology_profiles/filtered_mp/25939-Hoechst/merged_25939-Hoechst_d22.tif,s3://morphology_profiles/filtered_mp/25939-ERSyto/merged_25939-ERSyto_d22.tif,s3://morphology_profiles/filtered_mp/25939-ERSytoBleed/merged_25939-ERSytoBleed_d22.tif,s3://morphology_profiles/filtered_mp/25939-Ph_golgi/merged_25939-Ph_golgi_d22.tif,s3://morphology_profiles/filtered_mp/25939-Mito/merged_25939-Mito_d22.tif
COc1cc2nc(N3CCN(C(=O)C4COc5ccccc5O4)CC3)[nH]c(=N)c2cc1OC,25939,E14,s3://morphology_profiles/filtered_mp/25939-Hoechst/merged_25939-Hoechst_e14.tif,s3://morphology_profiles/filtered_mp/25939-ERSyto/merged_25939-ERSyto_e14.tif,s3://morphology_profiles/filtered_mp/25939-ERSytoBleed/merged_25939-ERSytoBleed_e14.tif,s3://morphology_profiles/filtered_mp/25939-Ph_golgi/merged_25939-Ph_golgi_e14.tif,s3://morphology_profiles/filtered_mp/25939-Mito/merged_25939-Mito_e14.tif
CN1CCCCC1CCN1c2ccccc2Sc2ccc(S(C)=O)cc21,25939,E23,s3://morphology_profiles/filtered_mp/25939-Hoechst/merged_25939-Hoechst_e23.tif,s3://morphology_profiles/filtered_mp/25939-ERSyto/merged_25939-ERSyto_e23.tif,s3://morphology_profiles/filtered_mp/25939-ERSytoBleed/merged_25939-ERSytoBleed_e23.tif,s3://morphology_profiles/filtered_mp/25939-Ph_golgi/merged_25939-Ph_golgi_e23.tif,s3://morphology_profiles/filtered_mp/25939-Mito/merged_25939-Mito_e23.tif
CC(C)Cc1ccc(C(C)C(=O)O)cc1,25939,G5,s3://morphology_profiles/filtered_mp/25939-Hoechst/merged_25939-Hoechst_g05.tif,s3://morphology_profiles/filtered_mp/25939-ERSyto/merged_25939-ERSyto_g05.tif,s3://morphology_profiles/filtered_mp/25939-ERSytoBleed/merged_25939-ERSytoBleed_g05.tif,s3://morphology_profiles/filtered_mp/25939-Ph_golgi/merged_25939-Ph_golgi_g05.tif,s3://morphology_profiles/filtered_mp/25939-Mito/merged_25939-Mito_g05.tif
CN1C(=O)CC(c2ccccc2)C1=O,25939,G8,s3://morphology_profiles/filtered_mp/25939-Hoechst/merged_25939-Hoechst_g08.tif,s3://morphology_profiles/filtered_mp/25939-ERSyto/merged_25939-ERSyto_g08.tif,s3://morphology_profiles/filtered_mp/25939-ERSytoBleed/merged_25939-ERSytoBleed_g08.tif,s3://morphology_profiles/filtered_mp/25939-Ph_golgi/merged_25939-Ph_golgi_g08.tif,s3://morphology_profiles/filtered_mp/25939-Mito/merged_25939-Mito_g08.tif
CC(C)NCC(O)COc1ccc(CC(=N)O)cc1,25939,G23,s3://morphology_profiles/filtered_mp/25939-Hoechst/merged_25939-Hoechst_g23.tif,s3://morphology_profiles/filtered_mp/25939-ERSyto/merged_25939-ERSyto_g23.tif,s3://morphology_profiles/filtered_mp/25939-ERSytoBleed/merged_25939-ERSytoBleed_g23.tif,s3://morphology_profiles/filtered_mp/25939-Ph_golgi/merged_25939-Ph_golgi_g23.tif,s3://morphology_profiles/filtered_mp/25939-Mito/merged_25939-Mito_g23.tif
CC(=O)CC(c1ccccc1)c1c(O)c2ccccc2oc1=O,25939,I13,s3://morphology_profiles/filtered_mp/25939-Hoechst/merged_25939-Hoechst_i13.tif,s3://morphology_profiles/filtered_mp/25939-ERSyto/merged_25939-ERSyto_i13.tif,s3://morphology_profiles/filtered_mp/25939-ERSytoBleed/merged_25939-ERSytoBleed_i13.tif,s3://morphology_profiles/filtered_mp/25939-Ph_golgi/merged_25939-Ph_golgi_i13.tif,s3://morphology_profiles/filtered_mp/25939-Mito/merged_25939-Mito_i13.tif
CC(C)N(CCC(C(=N)O)(c1ccccc1)c1ccccn1)C(C)C,25939,K5,s3://morphology_profiles/filtered_mp/25939-Hoechst/merged_25939-Hoechst_k05.tif,s3://morphology_profiles/filtered_mp/25939-ERSyto/merged_25939-ERSyto_k05.tif,s3://morphology_profiles/filtered_mp/25939-ERSytoBleed/merged_25939-ERSytoBleed_k05.tif,s3://morphology_profiles/filtered_mp/25939-Ph_golgi/merged_25939-Ph_golgi_k05.tif,s3://morphology_profiles/filtered_mp/25939-Mito/merged_25939-Mito_k05.tif
OC(=Nc1ccccc1)OCC(CN1CCCCC1)OC(O)=Nc1ccccc1,25939,K12,s3://morphology_profiles/filtered_mp/25939-Hoechst/merged_25939-Hoechst_k12.tif,s3://morphology_profiles/filtered_mp/25939-ERSyto/merged_25939-ERSyto_k12.tif,s3://morphology_profiles/filtered_mp/25939-ERSytoBleed/merged_25939-ERSytoBleed_k12.tif,s3://morphology_profiles/filtered_mp/25939-Ph_golgi/merged_25939-Ph_golgi_k12.tif,s3://morphology_profiles/filtered_mp/25939-Mito/merged_25939-Mito_k12.tif
CCOC(=O)C1=C(C)NC(C)=C(C(=O)OC)C1c1cccc(Cl)c1Cl,25939,K14,s3://morphology_profiles/filtered_mp/25939-Hoechst/merged_25939-Hoechst_k14.tif,s3://morphology_profiles/filtered_mp/25939-ERSyto/merged_25939-ERSyto_k14.tif,s3://morphology_profiles/filtered_mp/25939-ERSytoBleed/merged_25939-ERSytoBleed_k14.tif,s3://morphology_profiles/filtered_mp/25939-Ph_golgi/merged_25939-Ph_golgi_k14.tif,s3://morphology_profiles/filtered_mp/25939-Mito/merged_25939-Mito_k14.tif
NS(=O)(=O)c1cc2c(cc1Cl)NC(C1CC3C=CC1C3)NS2(=O)=O,25939,N16,s3://morphology_profiles/filtered_mp/25939-Hoechst/merged_25939-Hoechst_n16.tif,s3://morphology_profiles/filtered_mp/25939-ERSyto/merged_25939-ERSyto_n16.tif,s3://morphology_profiles/filtered_mp/25939-ERSytoBleed/merged_25939-ERSytoBleed_n16.tif,s3://morphology_profiles/filtered_mp/25939-Ph_golgi/merged_25939-Ph_golgi_n16.tif,s3://morphology_profiles/filtered_mp/25939-Mito/merged_25939-Mito_n16.tif
OCc1cc(C(O)CNCCCCCCOCCCCc2ccccc2)ccc1O,25943,A9,s3://morphology_profiles/filtered_mp/25943-Hoechst/merged_25943-Hoechst_a09.tif,s3://morphology_profiles/filtered_mp/25943-ERSyto/merged_25943-ERSyto_a09.tif,s3://morphology_profiles/filtered_mp/25943-ERSytoBleed/merged_25943-ERSytoBleed_a09.tif,s3://morphology_profiles/filtered_mp/25943-Ph_golgi/merged_25943-Ph_golgi_a09.tif,s3://morphology_profiles/filtered_mp/25943-Mito/merged_25943-Mito_a09.tif
Cc1cccc(C)c1N=C(O)C1CCCCN1C,25943,A23,s3://morphology_profiles/filtered_mp/25943-Hoechst/merged_25943-Hoechst_a23.tif,s3://morphology_profiles/filtered_mp/25943-ERSyto/merged_25943-ERSyto_a23.tif,s3://morphology_profiles/filtered_mp/25943-ERSytoBleed/merged_25943-ERSytoBleed_a23.tif,s3://morphology_profiles/filtered_mp/25943-Ph_golgi/merged_25943-Ph_golgi_a23.tif,s3://morphology_profiles/filtered_mp/25943-Mito/merged_25943-Mito_a23.tif
COCCc1ccc(OCC(O)CNC(C)C)cc1,25943,B2,s3://morphology_profiles/filtered_mp/25943-Hoechst/merged_25943-Hoechst_b02.tif,s3://morphology_profiles/filtered_mp/25943-ERSyto/merged_25943-ERSyto_b02.tif,s3://morphology_profiles/filtered_mp/25943-ERSytoBleed/merged_25943-ERSytoBleed_b02.tif,s3://morphology_profiles/filtered_mp/25943-Ph_golgi/merged_25943-Ph_golgi_b02.tif,s3://morphology_profiles/filtered_mp/25943-Mito/merged_25943-Mito_b02.tif
COc1cc2nc(N(C)CCCN=C(O)C3CCCO3)[nH]c(=N)c2cc1OC,25943,C24,s3://morphology_profiles/filtered_mp/25943-Hoechst/merged_25943-Hoechst_c24.tif,s3://morphology_profiles/filtered_mp/25943-ERSyto/merged_25943-ERSyto_c24.tif,s3://morphology_profiles/filtered_mp/25943-ERSytoBleed/merged_25943-ERSytoBleed_c24.tif,s3://morphology_profiles/filtered_mp/25943-Ph_golgi/merged_25943-Ph_golgi_c24.tif,s3://morphology_profiles/filtered_mp/25943-Mito/merged_25943-Mito_c24.tif
COc1ccccc1OCCNCC(O)COc1cccc2[nH]c3ccccc3c12,25943,D22,s3://morphology_profiles/filtered_mp/25943-Hoechst/merged_25943-Hoechst_d22.tif,s3://morphology_profiles/filtered_mp/25943-ERSyto/merged_25943-ERSyto_d22.tif,s3://morphology_profiles/filtered_mp/25943-ERSytoBleed/merged_25943-ERSytoBleed_d22.tif,s3://morphology_profiles/filtered_mp/25943-Ph_golgi/merged_25943-Ph_golgi_d22.tif,s3://morphology_profiles/filtered_mp/25943-Mito/merged_25943-Mito_d22.tif
COc1cc2nc(N3CCN(C(=O)C4COc5ccccc5O4)CC3)[nH]c(=N)c2cc1OC,25943,E14,s3://morphology_profiles/filtered_mp/25943-Hoechst/merged_25943-Hoechst_e14.tif,s3://morphology_profiles/filtered_mp/25943-ERSyto/merged_25943-ERSyto_e14.tif,s3://morphology_profiles/filtered_mp/25943-ERSytoBleed/merged_25943-ERSytoBleed_e14.tif,s3://morphology_profiles/filtered_mp/25943-Ph_golgi/merged_25943-Ph_golgi_e14.tif,s3://morphology_profiles/filtered_mp/25943-Mito/merged_25943-Mito_e14.tif
CN1CCCCC1CCN1c2ccccc2Sc2ccc(S(C)=O)cc21,25943,E23,s3://morphology_profiles/filtered_mp/25943-Hoechst/merged_25943-Hoechst_e23.tif,s3://morphology_profiles/filtered_mp/25943-ERSyto/merged_25943-ERSyto_e23.tif,s3://morphology_profiles/filtered_mp/25943-ERSytoBleed/merged_25943-ERSytoBleed_e23.tif,s3://morphology_profiles/filtered_mp/25943-Ph_golgi/merged_25943-Ph_golgi_e23.tif,s3://morphology_profiles/filtered_mp/25943-Mito/merged_25943-Mito_e23.tif
CC(C)Cc1ccc(C(C)C(=O)O)cc1,25943,G5,s3://morphology_profiles/filtered_mp/25943-Hoechst/merged_25943-Hoechst_g05.tif,s3://morphology_profiles/filtered_mp/25943-ERSyto/merged_25943-ERSyto_g05.tif,s3://morphology_profiles/filtered_mp/25943-ERSytoBleed/merged_25943-ERSytoBleed_g05.tif,s3://morphology_profiles/filtered_mp/25943-Ph_golgi/merged_25943-Ph_golgi_g05.tif,s3://morphology_profiles/filtered_mp/25943-Mito/merged_25943-Mito_g05.tif
CN1C(=O)CC(c2ccccc2)C1=O,25943,G8,s3://morphology_profiles/filtered_mp/25943-Hoechst/merged_25943-Hoechst_g08.tif,s3://morphology_profiles/filtered_mp/25943-ERSyto/merged_25943-ERSyto_g08.tif,s3://morphology_profiles/filtered_mp/25943-ERSytoBleed/merged_25943-ERSytoBleed_g08.tif,s3://morphology_profiles/filtered_mp/25943-Ph_golgi/merged_25943-Ph_golgi_g08.tif,s3://morphology_profiles/filtered_mp/25943-Mito/merged_25943-Mito_g08.tif
CC(C)NCC(O)COc1ccc(CC(=N)O)cc1,25943,G23,s3://morphology_profiles/filtered_mp/25943-Hoechst/merged_25943-Hoechst_g23.tif,s3://morphology_profiles/filtered_mp/25943-ERSyto/merged_25943-ERSyto_g23.tif,s3://morphology_profiles/filtered_mp/25943-ERSytoBleed/merged_25943-ERSytoBleed_g23.tif,s3://morphology_profiles/filtered_mp/25943-Ph_golgi/merged_25943-Ph_golgi_g23.tif,s3://morphology_profiles/filtered_mp/25943-Mito/merged_25943-Mito_g23.tif
CC(=O)CC(c1ccccc1)c1c(O)c2ccccc2oc1=O,25943,I13,s3://morphology_profiles/filtered_mp/25943-Hoechst/merged_25943-Hoechst_i13.tif,s3://morphology_profiles/filtered_mp/25943-ERSyto/merged_25943-ERSyto_i13.tif,s3://morphology_profiles/filtered_mp/25943-ERSytoBleed/merged_25943-ERSytoBleed_i13.tif,s3://morphology_profiles/filtered_mp/25943-Ph_golgi/merged_25943-Ph_golgi_i13.tif,s3://morphology_profiles/filtered_mp/25943-Mito/merged_25943-Mito_i13.tif
CC(C)N(CCC(C(=N)O)(c1ccccc1)c1ccccn1)C(C)C,25943,K5,s3://morphology_profiles/filtered_mp/25943-Hoechst/merged_25943-Hoechst_k05.tif,s3://morphology_profiles/filtered_mp/25943-ERSyto/merged_25943-ERSyto_k05.tif,s3://morphology_profiles/filtered_mp/25943-ERSytoBleed/merged_25943-ERSytoBleed_k05.tif,s3://morphology_profiles/filtered_mp/25943-Ph_golgi/merged_25943-Ph_golgi_k05.tif,s3://morphology_profiles/filtered_mp/25943-Mito/merged_25943-Mito_k05.tif
OC(=Nc1ccccc1)OCC(CN1CCCCC1)OC(O)=Nc1ccccc1,25943,K12,s3://morphology_profiles/filtered_mp/25943-Hoechst/merged_25943-Hoechst_k12.tif,s3://morphology_profiles/filtered_mp/25943-ERSyto/merged_25943-ERSyto_k12.tif,s3://morphology_profiles/filtered_mp/25943-ERSytoBleed/merged_25943-ERSytoBleed_k12.tif,s3://morphology_profiles/filtered_mp/25943-Ph_golgi/merged_25943-Ph_golgi_k12.tif,s3://morphology_profiles/filtered_mp/25943-Mito/merged_25943-Mito_k12.tif
CCOC(=O)C1=C(C)NC(C)=C(C(=O)OC)C1c1cccc(Cl)c1Cl,25943,K14,s3://morphology_profiles/filtered_mp/25943-Hoechst/merged_25943-Hoechst_k14.tif,s3://morphology_profiles/filtered_mp/25943-ERSyto/merged_25943-ERSyto_k14.tif,s3://morphology_profiles/filtered_mp/25943-ERSytoBleed/merged_25943-ERSytoBleed_k14.tif,s3://morphology_profiles/filtered_mp/25943-Ph_golgi/merged_25943-Ph_golgi_k14.tif,s3://morphology_profiles/filtered_mp/25943-Mito/merged_25943-Mito_k14.tif
NS(=O)(=O)c1cc2c(cc1Cl)NC(C1CC3C=CC1C3)NS2(=O)=O,25943,N16,s3://morphology_profiles/filtered_mp/25943-Hoechst/merged_25943-Hoechst_n16.tif,s3://morphology_profiles/filtered_mp/25943-ERSyto/merged_25943-ERSyto_n16.tif,s3://morphology_profiles/filtered_mp/25943-ERSytoBleed/merged_25943-ERSytoBleed_n16.tif,s3://morphology_profiles/filtered_mp/25943-Ph_golgi/merged_25943-Ph_golgi_n16.tif,s3://morphology_profiles/filtered_mp/25943-Mito/merged_25943-Mito_n16.tif
Oc1ccc(C2CNCCc3c2cc(O)c(O)c3Cl)cc1,25944,B12,s3://morphology_profiles/filtered_mp/25944-Hoechst/merged_25944-Hoechst_b12.tif,s3://morphology_profiles/filtered_mp/25944-ERSyto/merged_25944-ERSyto_b12.tif,s3://morphology_profiles/filtered_mp/25944-ERSytoBleed/merged_25944-ERSytoBleed_b12.tif,s3://morphology_profiles/filtered_mp/25944-Ph_golgi/merged_25944-Ph_golgi_b12.tif,s3://morphology_profiles/filtered_mp/25944-Mito/merged_25944-Mito_b12.tif
COCCOC(=O)C1=C(C)NC(C)=C(C(=O)OC(C)C)C1c1cccc([N+](=O)[O-])c1,25944,D20,s3://morphology_profiles/filtered_mp/25944-Hoechst/merged_25944-Hoechst_d20.tif,s3://morphology_profiles/filtered_mp/25944-ERSyto/merged_25944-ERSyto_d20.tif,s3://morphology_profiles/filtered_mp/25944-ERSytoBleed/merged_25944-ERSytoBleed_d20.tif,s3://morphology_profiles/filtered_mp/25944-Ph_golgi/merged_25944-Ph_golgi_d20.tif,s3://morphology_profiles/filtered_mp/25944-Mito/merged_25944-Mito_d20.tif
CCC1N=C(O)c2cc(S(N)(=O)=O)c(Cl)cc2N1,25944,E3,s3://morphology_profiles/filtered_mp/25944-Hoechst/merged_25944-Hoechst_e03.tif,s3://morphology_profiles/filtered_mp/25944-ERSyto/merged_25944-ERSyto_e03.tif,s3://morphology_profiles/filtered_mp/25944-ERSytoBleed/merged_25944-ERSytoBleed_e03.tif,s3://morphology_profiles/filtered_mp/25944-Ph_golgi/merged_25944-Ph_golgi_e03.tif,s3://morphology_profiles/filtered_mp/25944-Mito/merged_25944-Mito_e03.tif
CCN1CCCC1CN=C(O)c1cc(S(=O)(=O)CC)c(N)cc1OC,25944,E6,s3://morphology_profiles/filtered_mp/25944-Hoechst/merged_25944-Hoechst_e06.tif,s3://morphology_profiles/filtered_mp/25944-ERSyto/merged_25944-ERSyto_e06.tif,s3://morphology_profiles/filtered_mp/25944-ERSytoBleed/merged_25944-ERSytoBleed_e06.tif,s3://morphology_profiles/filtered_mp/25944-Ph_golgi/merged_25944-Ph_golgi_e06.tif,s3://morphology_profiles/filtered_mp/25944-Mito/merged_25944-Mito_e06.tif
CN1CCN2c3ncccc3Cc3ccccc3C2C1,25944,G6,s3://morphology_profiles/filtered_mp/25944-Hoechst/merged_25944-Hoechst_g06.tif,s3://morphology_profiles/filtered_mp/25944-ERSyto/merged_25944-ERSyto_g06.tif,s3://morphology_profiles/filtered_mp/25944-ERSytoBleed/merged_25944-ERSytoBleed_g06.tif,s3://morphology_profiles/filtered_mp/25944-Ph_golgi/merged_25944-Ph_golgi_g06.tif,s3://morphology_profiles/filtered_mp/25944-Mito/merged_25944-Mito_g06.tif
CCN(CC)CC#CCOC(=O)C(O)(c1ccccc1)C1CCCCC1,25944,G7,s3://morphology_profiles/filtered_mp/25944-Hoechst/merged_25944-Hoechst_g07.tif,s3://morphology_profiles/filtered_mp/25944-ERSyto/merged_25944-ERSyto_g07.tif,s3://morphology_profiles/filtered_mp/25944-ERSytoBleed/merged_25944-ERSytoBleed_g07.tif,s3://morphology_profiles/filtered_mp/25944-Ph_golgi/merged_25944-Ph_golgi_g07.tif,s3://morphology_profiles/filtered_mp/25944-Mito/merged_25944-Mito_g07.tif
CC(=O)CC(c1ccc([N+](=O)[O-])cc1)c1c(O)c2ccccc2oc1=O,25944,G8,s3://morphology_profiles/filtered_mp/25944-Hoechst/merged_25944-Hoechst_g08.tif,s3://morphology_profiles/filtered_mp/25944-ERSyto/merged_25944-ERSyto_g08.tif,s3://morphology_profiles/filtered_mp/25944-ERSytoBleed/merged_25944-ERSytoBleed_g08.tif,s3://morphology_profiles/filtered_mp/25944-Ph_golgi/merged_25944-Ph_golgi_g08.tif,s3://morphology_profiles/filtered_mp/25944-Mito/merged_25944-Mito_g08.tif
CCc1c(C)[nH]c2c1C(=O)C(CN1CCOCC1)CC2,25944,G11,s3://morphology_profiles/filtered_mp/25944-Hoechst/merged_25944-Hoechst_g11.tif,s3://morphology_profiles/filtered_mp/25944-ERSyto/merged_25944-ERSyto_g11.tif,s3://morphology_profiles/filtered_mp/25944-ERSytoBleed/merged_25944-ERSytoBleed_g11.tif,s3://morphology_profiles/filtered_mp/25944-Ph_golgi/merged_25944-Ph_golgi_g11.tif,s3://morphology_profiles/filtered_mp/25944-Mito/merged_25944-Mito_g11.tif
Cc1ncc([N+](=O)[O-])n1CC(C)O,25944,H23,s3://morphology_profiles/filtered_mp/25944-Hoechst/merged_25944-Hoechst_h23.tif,s3://morphology_profiles/filtered_mp/25944-ERSyto/merged_25944-ERSyto_h23.tif,s3://morphology_profiles/filtered_mp/25944-ERSytoBleed/merged_25944-ERSytoBleed_h23.tif,s3://morphology_profiles/filtered_mp/25944-Ph_golgi/merged_25944-Ph_golgi_h23.tif,s3://morphology_profiles/filtered_mp/25944-Mito/merged_25944-Mito_h23.tif
COc1c(N2CCNC(C)C2)c(F)cc2c(=O)c(C(=O)O)cn(C3CC3)c12,25944,J7,s3://morphology_profiles/filtered_mp/25944-Hoechst/merged_25944-Hoechst_j07.tif,s3://morphology_profiles/filtered_mp/25944-ERSyto/merged_25944-ERSyto_j07.tif,s3://morphology_profiles/filtered_mp/25944-ERSytoBleed/merged_25944-ERSytoBleed_j07.tif,s3://morphology_profiles/filtered_mp/25944-Ph_golgi/merged_25944-Ph_golgi_j07.tif,s3://morphology_profiles/filtered_mp/25944-Mito/merged_25944-Mito_j07.tif
CCC1(c2ccccc2)N=C(O)N(C)C1=O,25944,M7,s3://morphology_profiles/filtered_mp/25944-Hoechst/merged_25944-Hoechst_m07.tif,s3://morphology_profiles/filtered_mp/25944-ERSyto/merged_25944-ERSyto_m07.tif,s3://morphology_profiles/filtered_mp/25944-ERSytoBleed/merged_25944-ERSytoBleed_m07.tif,s3://morphology_profiles/filtered_mp/25944-Ph_golgi/merged_25944-Ph_golgi_m07.tif,s3://morphology_profiles/filtered_mp/25944-Mito/merged_25944-Mito_m07.tif
CC(C)(C)NCC(O)c1ccc(O)c(CO)c1,25944,N11,s3://morphology_profiles/filtered_mp/25944-Hoechst/merged_25944-Hoechst_n11.tif,s3://morphology_profiles/filtered_mp/25944-ERSyto/merged_25944-ERSyto_n11.tif,s3://morphology_profiles/filtered_mp/25944-ERSytoBleed/merged_25944-ERSytoBleed_n11.tif,s3://morphology_profiles/filtered_mp/25944-Ph_golgi/merged_25944-Ph_golgi_n11.tif,s3://morphology_profiles/filtered_mp/25944-Mito/merged_25944-Mito_n11.tif
O=C1N=C(O)CCC1N1C(=O)c2ccccc2C1=O,25944,O20,s3://morphology_profiles/filtered_mp/25944-Hoechst/merged_25944-Hoechst_o20.tif,s3://morphology_profiles/filtered_mp/25944-ERSyto/merged_25944-ERSyto_o20.tif,s3://morphology_profiles/filtered_mp/25944-ERSytoBleed/merged_25944-ERSytoBleed_o20.tif,s3://morphology_profiles/filtered_mp/25944-Ph_golgi/merged_25944-Ph_golgi_o20.tif,s3://morphology_profiles/filtered_mp/25944-Mito/merged_25944-Mito_o20.tif
Cc1cc(C)cc(OCC2CN=C(O)O2)c1,25944,P10,s3://morphology_profiles/filtered_mp/25944-Hoechst/merged_25944-Hoechst_p10.tif,s3://morphology_profiles/filtered_mp/25944-ERSyto/merged_25944-ERSyto_p10.tif,s3://morphology_profiles/filtered_mp/25944-ERSytoBleed/merged_25944-ERSytoBleed_p10.tif,s3://morphology_profiles/filtered_mp/25944-Ph_golgi/merged_25944-Ph_golgi_p10.tif,s3://morphology_profiles/filtered_mp/25944-Mito/merged_25944-Mito_p10.tif
Clc1ccc(C(Cn2ccnc2)OCc2csc3c(Cl)cccc23)c(Cl)c1,25944,P19,s3://morphology_profiles/filtered_mp/25944-Hoechst/merged_25944-Hoechst_p19.tif,s3://morphology_profiles/filtered_mp/25944-ERSyto/merged_25944-ERSyto_p19.tif,s3://morphology_profiles/filtered_mp/25944-ERSytoBleed/merged_25944-ERSytoBleed_p19.tif,s3://morphology_profiles/filtered_mp/25944-Ph_golgi/merged_25944-Ph_golgi_p19.tif,s3://morphology_profiles/filtered_mp/25944-Mito/merged_25944-Mito_p19.tif
Oc1ccc(C2CNCCc3c2cc(O)c(O)c3Cl)cc1,25945,B12,s3://morphology_profiles/filtered_mp/25945-Hoechst/merged_25945-Hoechst_b12.tif,s3://morphology_profiles/filtered_mp/25945-ERSyto/merged_25945-ERSyto_b12.tif,s3://morphology_profiles/filtered_mp/25945-ERSytoBleed/merged_25945-ERSytoBleed_b12.tif,s3://morphology_profiles/filtered_mp/25945-Ph_golgi/merged_25945-Ph_golgi_b12.tif,s3://morphology_profiles/filtered_mp/25945-Mito/merged_25945-Mito_b12.tif
COCCOC(=O)C1=C(C)NC(C)=C(C(=O)OC(C)C)C1c1cccc([N+](=O)[O-])c1,25945,D20,s3://morphology_profiles/filtered_mp/25945-Hoechst/merged_25945-Hoechst_d20.tif,s3://morphology_profiles/filtered_mp/25945-ERSyto/merged_25945-ERSyto_d20.tif,s3://morphology_profiles/filtered_mp/25945-ERSytoBleed/merged_25945-ERSytoBleed_d20.tif,s3://morphology_profiles/filtered_mp/25945-Ph_golgi/merged_25945-Ph_golgi_d20.tif,s3://morphology_profiles/filtered_mp/25945-Mito/merged_25945-Mito_d20.tif
CCC1N=C(O)c2cc(S(N)(=O)=O)c(Cl)cc2N1,25945,E3,s3://morphology_profiles/filtered_mp/25945-Hoechst/merged_25945-Hoechst_e03.tif,s3://morphology_profiles/filtered_mp/25945-ERSyto/merged_25945-ERSyto_e03.tif,s3://morphology_profiles/filtered_mp/25945-ERSytoBleed/merged_25945-ERSytoBleed_e03.tif,s3://morphology_profiles/filtered_mp/25945-Ph_golgi/merged_25945-Ph_golgi_e03.tif,s3://morphology_profiles/filtered_mp/25945-Mito/merged_25945-Mito_e03.tif
CCN1CCCC1CN=C(O)c1cc(S(=O)(=O)CC)c(N)cc1OC,25945,E6,s3://morphology_profiles/filtered_mp/25945-Hoechst/merged_25945-Hoechst_e06.tif,s3://morphology_profiles/filtered_mp/25945-ERSyto/merged_25945-ERSyto_e06.tif,s3://morphology_profiles/filtered_mp/25945-ERSytoBleed/merged_25945-ERSytoBleed_e06.tif,s3://morphology_profiles/filtered_mp/25945-Ph_golgi/merged_25945-Ph_golgi_e06.tif,s3://morphology_profiles/filtered_mp/25945-Mito/merged_25945-Mito_e06.tif
CN1CCN2c3ncccc3Cc3ccccc3C2C1,25945,G6,s3://morphology_profiles/filtered_mp/25945-Hoechst/merged_25945-Hoechst_g06.tif,s3://morphology_profiles/filtered_mp/25945-ERSyto/merged_25945-ERSyto_g06.tif,s3://morphology_profiles/filtered_mp/25945-ERSytoBleed/merged_25945-ERSytoBleed_g06.tif,s3://morphology_profiles/filtered_mp/25945-Ph_golgi/merged_25945-Ph_golgi_g06.tif,s3://morphology_profiles/filtered_mp/25945-Mito/merged_25945-Mito_g06.tif
CCN(CC)CC#CCOC(=O)C(O)(c1ccccc1)C1CCCCC1,25945,G7,s3://morphology_profiles/filtered_mp/25945-Hoechst/merged_25945-Hoechst_g07.tif,s3://morphology_profiles/filtered_mp/25945-ERSyto/merged_25945-ERSyto_g07.tif,s3://morphology_profiles/filtered_mp/25945-ERSytoBleed/merged_25945-ERSytoBleed_g07.tif,s3://morphology_profiles/filtered_mp/25945-Ph_golgi/merged_25945-Ph_golgi_g07.tif,s3://morphology_profiles/filtered_mp/25945-Mito/merged_25945-Mito_g07.tif
CC(=O)CC(c1ccc([N+](=O)[O-])cc1)c1c(O)c2ccccc2oc1=O,25945,G8,s3://morphology_profiles/filtered_mp/25945-Hoechst/merged_25945-Hoechst_g08.tif,s3://morphology_profiles/filtered_mp/25945-ERSyto/merged_25945-ERSyto_g08.tif,s3://morphology_profiles/filtered_mp/25945-ERSytoBleed/merged_25945-ERSytoBleed_g08.tif,s3://morphology_profiles/filtered_mp/25945-Ph_golgi/merged_25945-Ph_golgi_g08.tif,s3://morphology_profiles/filtered_mp/25945-Mito/merged_25945-Mito_g08.tif
CCc1c(C)[nH]c2c1C(=O)C(CN1CCOCC1)CC2,25945,G11,s3://morphology_profiles/filtered_mp/25945-Hoechst/merged_25945-Hoechst_g11.tif,s3://morphology_profiles/filtered_mp/25945-ERSyto/merged_25945-ERSyto_g11.tif,s3://morphology_profiles/filtered_mp/25945-ERSytoBleed/merged_25945-ERSytoBleed_g11.tif,s3://morphology_profiles/filtered_mp/25945-Ph_golgi/merged_25945-Ph_golgi_g11.tif,s3://morphology_profiles/filtered_mp/25945-Mito/merged_25945-Mito_g11.tif
Cc1ncc([N+](=O)[O-])n1CC(C)O,25945,H23,s3://morphology_profiles/filtered_mp/25945-Hoechst/merged_25945-Hoechst_h23.tif,s3://morphology_profiles/filtered_mp/25945-ERSyto/merged_25945-ERSyto_h23.tif,s3://morphology_profiles/filtered_mp/25945-ERSytoBleed/merged_25945-ERSytoBleed_h23.tif,s3://morphology_profiles/filtered_mp/25945-Ph_golgi/merged_25945-Ph_golgi_h23.tif,s3://morphology_profiles/filtered_mp/25945-Mito/merged_25945-Mito_h23.tif
COc1c(N2CCNC(C)C2)c(F)cc2c(=O)c(C(=O)O)cn(C3CC3)c12,25945,J7,s3://morphology_profiles/filtered_mp/25945-Hoechst/merged_25945-Hoechst_j07.tif,s3://morphology_profiles/filtered_mp/25945-ERSyto/merged_25945-ERSyto_j07.tif,s3://morphology_profiles/filtered_mp/25945-ERSytoBleed/merged_25945-ERSytoBleed_j07.tif,s3://morphology_profiles/filtered_mp/25945-Ph_golgi/merged_25945-Ph_golgi_j07.tif,s3://morphology_profiles/filtered_mp/25945-Mito/merged_25945-Mito_j07.tif
CCC1(c2ccccc2)N=C(O)N(C)C1=O,25945,M7,s3://morphology_profiles/filtered_mp/25945-Hoechst/merged_25945-Hoechst_m07.tif,s3://morphology_profiles/filtered_mp/25945-ERSyto/merged_25945-ERSyto_m07.tif,s3://morphology_profiles/filtered_mp/25945-ERSytoBleed/merged_25945-ERSytoBleed_m07.tif,s3://morphology_profiles/filtered_mp/25945-Ph_golgi/merged_25945-Ph_golgi_m07.tif,s3://morphology_profiles/filtered_mp/25945-Mito/merged_25945-Mito_m07.tif
CC(C)(C)NCC(O)c1ccc(O)c(CO)c1,25945,N11,s3://morphology_profiles/filtered_mp/25945-Hoechst/merged_25945-Hoechst_n11.tif,s3://morphology_profiles/filtered_mp/25945-ERSyto/merged_25945-ERSyto_n11.tif,s3://morphology_profiles/filtered_mp/25945-ERSytoBleed/merged_25945-ERSytoBleed_n11.tif,s3://morphology_profiles/filtered_mp/25945-Ph_golgi/merged_25945-Ph_golgi_n11.tif,s3://morphology_profiles/filtered_mp/25945-Mito/merged_25945-Mito_n11.tif
O=C1N=C(O)CCC1N1C(=O)c2ccccc2C1=O,25945,O20,s3://morphology_profiles/filtered_mp/25945-Hoechst/merged_25945-Hoechst_o20.tif,s3://morphology_profiles/filtered_mp/25945-ERSyto/merged_25945-ERSyto_o20.tif,s3://morphology_profiles/filtered_mp/25945-ERSytoBleed/merged_25945-ERSytoBleed_o20.tif,s3://morphology_profiles/filtered_mp/25945-Ph_golgi/merged_25945-Ph_golgi_o20.tif,s3://morphology_profiles/filtered_mp/25945-Mito/merged_25945-Mito_o20.tif
Cc1cc(C)cc(OCC2CN=C(O)O2)c1,25945,P10,s3://morphology_profiles/filtered_mp/25945-Hoechst/merged_25945-Hoechst_p10.tif,s3://morphology_profiles/filtered_mp/25945-ERSyto/merged_25945-ERSyto_p10.tif,s3://morphology_profiles/filtered_mp/25945-ERSytoBleed/merged_25945-ERSytoBleed_p10.tif,s3://morphology_profiles/filtered_mp/25945-Ph_golgi/merged_25945-Ph_golgi_p10.tif,s3://morphology_profiles/filtered_mp/25945-Mito/merged_25945-Mito_p10.tif
Clc1ccc(C(Cn2ccnc2)OCc2csc3c(Cl)cccc23)c(Cl)c1,25945,P19,s3://morphology_profiles/filtered_mp/25945-Hoechst/merged_25945-Hoechst_p19.tif,s3://morphology_profiles/filtered_mp/25945-ERSyto/merged_25945-ERSyto_p19.tif,s3://morphology_profiles/filtered_mp/25945-ERSytoBleed/merged_25945-ERSytoBleed_p19.tif,s3://morphology_profiles/filtered_mp/25945-Ph_golgi/merged_25945-Ph_golgi_p19.tif,s3://morphology_profiles/filtered_mp/25945-Mito/merged_25945-Mito_p19.tif
Oc1ccc(C2CNCCc3c2cc(O)c(O)c3Cl)cc1,25949,B12,s3://morphology_profiles/filtered_mp/25949-Hoechst/merged_25949-Hoechst_b12.tif,s3://morphology_profiles/filtered_mp/25949-ERSyto/merged_25949-ERSyto_b12.tif,s3://morphology_profiles/filtered_mp/25949-ERSytoBleed/merged_25949-ERSytoBleed_b12.tif,s3://morphology_profiles/filtered_mp/25949-Ph_golgi/merged_25949-Ph_golgi_b12.tif,s3://morphology_profiles/filtered_mp/25949-Mito/merged_25949-Mito_b12.tif
COCCOC(=O)C1=C(C)NC(C)=C(C(=O)OC(C)C)C1c1cccc([N+](=O)[O-])c1,25949,D20,s3://morphology_profiles/filtered_mp/25949-Hoechst/merged_25949-Hoechst_d20.tif,s3://morphology_profiles/filtered_mp/25949-ERSyto/merged_25949-ERSyto_d20.tif,s3://morphology_profiles/filtered_mp/25949-ERSytoBleed/merged_25949-ERSytoBleed_d20.tif,s3://morphology_profiles/filtered_mp/25949-Ph_golgi/merged_25949-Ph_golgi_d20.tif,s3://morphology_profiles/filtered_mp/25949-Mito/merged_25949-Mito_d20.tif
CCC1N=C(O)c2cc(S(N)(=O)=O)c(Cl)cc2N1,25949,E3,s3://morphology_profiles/filtered_mp/25949-Hoechst/merged_25949-Hoechst_e03.tif,s3://morphology_profiles/filtered_mp/25949-ERSyto/merged_25949-ERSyto_e03.tif,s3://morphology_profiles/filtered_mp/25949-ERSytoBleed/merged_25949-ERSytoBleed_e03.tif,s3://morphology_profiles/filtered_mp/25949-Ph_golgi/merged_25949-Ph_golgi_e03.tif,s3://morphology_profiles/filtered_mp/25949-Mito/merged_25949-Mito_e03.tif
CCN1CCCC1CN=C(O)c1cc(S(=O)(=O)CC)c(N)cc1OC,25949,E6,s3://morphology_profiles/filtered_mp/25949-Hoechst/merged_25949-Hoechst_e06.tif,s3://morphology_profiles/filtered_mp/25949-ERSyto/merged_25949-ERSyto_e06.tif,s3://morphology_profiles/filtered_mp/25949-ERSytoBleed/merged_25949-ERSytoBleed_e06.tif,s3://morphology_profiles/filtered_mp/25949-Ph_golgi/merged_25949-Ph_golgi_e06.tif,s3://morphology_profiles/filtered_mp/25949-Mito/merged_25949-Mito_e06.tif
CN1CCN2c3ncccc3Cc3ccccc3C2C1,25949,G6,s3://morphology_profiles/filtered_mp/25949-Hoechst/merged_25949-Hoechst_g06.tif,s3://morphology_profiles/filtered_mp/25949-ERSyto/merged_25949-ERSyto_g06.tif,s3://morphology_profiles/filtered_mp/25949-ERSytoBleed/merged_25949-ERSytoBleed_g06.tif,s3://morphology_profiles/filtered_mp/25949-Ph_golgi/merged_25949-Ph_golgi_g06.tif,s3://morphology_profiles/filtered_mp/25949-Mito/merged_25949-Mito_g06.tif
CCN(CC)CC#CCOC(=O)C(O)(c1ccccc1)C1CCCCC1,25949,G7,s3://morphology_profiles/filtered_mp/25949-Hoechst/merged_25949-Hoechst_g07.tif,s3://morphology_profiles/filtered_mp/25949-ERSyto/merged_25949-ERSyto_g07.tif,s3://morphology_profiles/filtered_mp/25949-ERSytoBleed/merged_25949-ERSytoBleed_g07.tif,s3://morphology_profiles/filtered_mp/25949-Ph_golgi/merged_25949-Ph_golgi_g07.tif,s3://morphology_profiles/filtered_mp/25949-Mito/merged_25949-Mito_g07.tif
CC(=O)CC(c1ccc([N+](=O)[O-])cc1)c1c(O)c2ccccc2oc1=O,25949,G8,s3://morphology_profiles/filtered_mp/25949-Hoechst/merged_25949-Hoechst_g08.tif,s3://morphology_profiles/filtered_mp/25949-ERSyto/merged_25949-ERSyto_g08.tif,s3://morphology_profiles/filtered_mp/25949-ERSytoBleed/merged_25949-ERSytoBleed_g08.tif,s3://morphology_profiles/filtered_mp/25949-Ph_golgi/merged_25949-Ph_golgi_g08.tif,s3://morphology_profiles/filtered_mp/25949-Mito/merged_25949-Mito_g08.tif
CCc1c(C)[nH]c2c1C(=O)C(CN1CCOCC1)CC2,25949,G11,s3://morphology_profiles/filtered_mp/25949-Hoechst/merged_25949-Hoechst_g11.tif,s3://morphology_profiles/filtered_mp/25949-ERSyto/merged_25949-ERSyto_g11.tif,s3://morphology_profiles/filtered_mp/25949-ERSytoBleed/merged_25949-ERSytoBleed_g11.tif,s3://morphology_profiles/filtered_mp/25949-Ph_golgi/merged_25949-Ph_golgi_g11.tif,s3://morphology_profiles/filtered_mp/25949-Mito/merged_25949-Mito_g11.tif
Cc1ncc([N+](=O)[O-])n1CC(C)O,25949,H23,s3://morphology_profiles/filtered_mp/25949-Hoechst/merged_25949-Hoechst_h23.tif,s3://morphology_profiles/filtered_mp/25949-ERSyto/merged_25949-ERSyto_h23.tif,s3://morphology_profiles/filtered_mp/25949-ERSytoBleed/merged_25949-ERSytoBleed_h23.tif,s3://morphology_profiles/filtered_mp/25949-Ph_golgi/merged_25949-Ph_golgi_h23.tif,s3://morphology_profiles/filtered_mp/25949-Mito/merged_25949-Mito_h23.tif
COc1c(N2CCNC(C)C2)c(F)cc2c(=O)c(C(=O)O)cn(C3CC3)c12,25949,J7,s3://morphology_profiles/filtered_mp/25949-Hoechst/merged_25949-Hoechst_j07.tif,s3://morphology_profiles/filtered_mp/25949-ERSyto/merged_25949-ERSyto_j07.tif,s3://morphology_profiles/filtered_mp/25949-ERSytoBleed/merged_25949-ERSytoBleed_j07.tif,s3://morphology_profiles/filtered_mp/25949-Ph_golgi/merged_25949-Ph_golgi_j07.tif,s3://morphology_profiles/filtered_mp/25949-Mito/merged_25949-Mito_j07.tif
CCC1(c2ccccc2)N=C(O)N(C)C1=O,25949,M7,s3://morphology_profiles/filtered_mp/25949-Hoechst/merged_25949-Hoechst_m07.tif,s3://morphology_profiles/filtered_mp/25949-ERSyto/merged_25949-ERSyto_m07.tif,s3://morphology_profiles/filtered_mp/25949-ERSytoBleed/merged_25949-ERSytoBleed_m07.tif,s3://morphology_profiles/filtered_mp/25949-Ph_golgi/merged_25949-Ph_golgi_m07.tif,s3://morphology_profiles/filtered_mp/25949-Mito/merged_25949-Mito_m07.tif
CC(C)(C)NCC(O)c1ccc(O)c(CO)c1,25949,N11,s3://morphology_profiles/filtered_mp/25949-Hoechst/merged_25949-Hoechst_n11.tif,s3://morphology_profiles/filtered_mp/25949-ERSyto/merged_25949-ERSyto_n11.tif,s3://morphology_profiles/filtered_mp/25949-ERSytoBleed/merged_25949-ERSytoBleed_n11.tif,s3://morphology_profiles/filtered_mp/25949-Ph_golgi/merged_25949-Ph_golgi_n11.tif,s3://morphology_profiles/filtered_mp/25949-Mito/merged_25949-Mito_n11.tif
O=C1N=C(O)CCC1N1C(=O)c2ccccc2C1=O,25949,O20,s3://morphology_profiles/filtered_mp/25949-Hoechst/merged_25949-Hoechst_o20.tif,s3://morphology_profiles/filtered_mp/25949-ERSyto/merged_25949-ERSyto_o20.tif,s3://morphology_profiles/filtered_mp/25949-ERSytoBleed/merged_25949-ERSytoBleed_o20.tif,s3://morphology_profiles/filtered_mp/25949-Ph_golgi/merged_25949-Ph_golgi_o20.tif,s3://morphology_profiles/filtered_mp/25949-Mito/merged_25949-Mito_o20.tif
Cc1cc(C)cc(OCC2CN=C(O)O2)c1,25949,P10,s3://morphology_profiles/filtered_mp/25949-Hoechst/merged_25949-Hoechst_p10.tif,s3://morphology_profiles/filtered_mp/25949-ERSyto/merged_25949-ERSyto_p10.tif,s3://morphology_profiles/filtered_mp/25949-ERSytoBleed/merged_25949-ERSytoBleed_p10.tif,s3://morphology_profiles/filtered_mp/25949-Ph_golgi/merged_25949-Ph_golgi_p10.tif,s3://morphology_profiles/filtered_mp/25949-Mito/merged_25949-Mito_p10.tif
Clc1ccc(C(Cn2ccnc2)OCc2csc3c(Cl)cccc23)c(Cl)c1,25949,P19,s3://morphology_profiles/filtered_mp/25949-Hoechst/merged_25949-Hoechst_p19.tif,s3://morphology_profiles/filtered_mp/25949-ERSyto/merged_25949-ERSyto_p19.tif,s3://morphology_profiles/filtered_mp/25949-ERSytoBleed/merged_25949-ERSytoBleed_p19.tif,s3://morphology_profiles/filtered_mp/25949-Ph_golgi/merged_25949-Ph_golgi_p19.tif,s3://morphology_profiles/filtered_mp/25949-Mito/merged_25949-Mito_p19.tif
CC(C)(C)NCC(O)COc1cccc2c1CC(O)C(O)C2,25955,A3,s3://morphology_profiles/filtered_mp/25955-Hoechst/merged_25955-Hoechst_a03.tif,s3://morphology_profiles/filtered_mp/25955-ERSyto/merged_25955-ERSyto_a03.tif,s3://morphology_profiles/filtered_mp/25955-ERSytoBleed/merged_25955-ERSytoBleed_a03.tif,s3://morphology_profiles/filtered_mp/25955-Ph_golgi/merged_25955-Ph_golgi_a03.tif,s3://morphology_profiles/filtered_mp/25955-Mito/merged_25955-Mito_a03.tif
CC(CNC1CCCCC1)OC(=O)c1ccccc1,25955,A6,s3://morphology_profiles/filtered_mp/25955-Hoechst/merged_25955-Hoechst_a06.tif,s3://morphology_profiles/filtered_mp/25955-ERSyto/merged_25955-ERSyto_a06.tif,s3://morphology_profiles/filtered_mp/25955-ERSytoBleed/merged_25955-ERSytoBleed_a06.tif,s3://morphology_profiles/filtered_mp/25955-Ph_golgi/merged_25955-Ph_golgi_a06.tif,s3://morphology_profiles/filtered_mp/25955-Mito/merged_25955-Mito_a06.tif
CC1(C)O[C@@H]2C[C@H]3[C@@H]4C[C@H](F)C5=CC(=O)CC[C@]5(C)[C@H]4[C@@H](O)C[C@]3(C)[C@]2(C(=O)CO)O1,25955,B9,s3://morphology_profiles/filtered_mp/25955-Hoechst/merged_25955-Hoechst_b09.tif,s3://morphology_profiles/filtered_mp/25955-ERSyto/merged_25955-ERSyto_b09.tif,s3://morphology_profiles/filtered_mp/25955-ERSytoBleed/merged_25955-ERSytoBleed_b09.tif,s3://morphology_profiles/filtered_mp/25955-Ph_golgi/merged_25955-Ph_golgi_b09.tif,s3://morphology_profiles/filtered_mp/25955-Mito/merged_25955-Mito_b09.tif
CC(C)(C)N=C(O)[C@H]1CC[C@H]2[C@@H]3CC[C@H]4N=C(O)C=C[C@]4(C)[C@H]3CC[C@]12C,25955,B11,s3://morphology_profiles/filtered_mp/25955-Hoechst/merged_25955-Hoechst_b11.tif,s3://morphology_profiles/filtered_mp/25955-ERSyto/merged_25955-ERSyto_b11.tif,s3://morphology_profiles/filtered_mp/25955-ERSytoBleed/merged_25955-ERSytoBleed_b11.tif,s3://morphology_profiles/filtered_mp/25955-Ph_golgi/merged_25955-Ph_golgi_b11.tif,s3://morphology_profiles/filtered_mp/25955-Mito/merged_25955-Mito_b11.tif
Cc1ccc(-c2cc(C(F)(F)F)nn2-c2ccc(S(N)(=O)=O)cc2)cc1,25955,C19,s3://morphology_profiles/filtered_mp/25955-Hoechst/merged_25955-Hoechst_c19.tif,s3://morphology_profiles/filtered_mp/25955-ERSyto/merged_25955-ERSyto_c19.tif,s3://morphology_profiles/filtered_mp/25955-ERSytoBleed/merged_25955-ERSytoBleed_c19.tif,s3://morphology_profiles/filtered_mp/25955-Ph_golgi/merged_25955-Ph_golgi_c19.tif,s3://morphology_profiles/filtered_mp/25955-Mito/merged_25955-Mito_c19.tif
CO/N=C(\C(O)=N[C@@H]1C(=O)N2C(C(=O)O)=C(COC(=N)O)CS[C@H]12)c1ccco1,25955,C21,s3://morphology_profiles/filtered_mp/25955-Hoechst/merged_25955-Hoechst_c21.tif,s3://morphology_profiles/filtered_mp/25955-ERSyto/merged_25955-ERSyto_c21.tif,s3://morphology_profiles/filtered_mp/25955-ERSytoBleed/merged_25955-ERSytoBleed_c21.tif,s3://morphology_profiles/filtered_mp/25955-Ph_golgi/merged_25955-Ph_golgi_c21.tif,s3://morphology_profiles/filtered_mp/25955-Mito/merged_25955-Mito_c21.tif
O=C(O)c1cn(C2CC2)c2cc(N3CCNCC3)c(F)cc2c1=O,25955,E7,s3://morphology_profiles/filtered_mp/25955-Hoechst/merged_25955-Hoechst_e07.tif,s3://morphology_profiles/filtered_mp/25955-ERSyto/merged_25955-ERSyto_e07.tif,s3://morphology_profiles/filtered_mp/25955-ERSytoBleed/merged_25955-ERSytoBleed_e07.tif,s3://morphology_profiles/filtered_mp/25955-Ph_golgi/merged_25955-Ph_golgi_e07.tif,s3://morphology_profiles/filtered_mp/25955-Mito/merged_25955-Mito_e07.tif
OC(Cn1cncn1)(Cn1cncn1)c1ccc(F)cc1F,25955,F3,s3://morphology_profiles/filtered_mp/25955-Hoechst/merged_25955-Hoechst_f03.tif,s3://morphology_profiles/filtered_mp/25955-ERSyto/merged_25955-ERSyto_f03.tif,s3://morphology_profiles/filtered_mp/25955-ERSytoBleed/merged_25955-ERSytoBleed_f03.tif,s3://morphology_profiles/filtered_mp/25955-Ph_golgi/merged_25955-Ph_golgi_f03.tif,s3://morphology_profiles/filtered_mp/25955-Mito/merged_25955-Mito_f03.tif
O=C1c2cccc(O)c2C(=O)c2c(O)cccc21,25955,I19,s3://morphology_profiles/filtered_mp/25955-Hoechst/merged_25955-Hoechst_i19.tif,s3://morphology_profiles/filtered_mp/25955-ERSyto/merged_25955-ERSyto_i19.tif,s3://morphology_profiles/filtered_mp/25955-ERSytoBleed/merged_25955-ERSytoBleed_i19.tif,s3://morphology_profiles/filtered_mp/25955-Ph_golgi/merged_25955-Ph_golgi_i19.tif,s3://morphology_profiles/filtered_mp/25955-Mito/merged_25955-Mito_i19.tif
OCCN1CCN(CCCN2c3ccccc3Sc3ccc(Cl)cc32)CC1,25955,J15,s3://morphology_profiles/filtered_mp/25955-Hoechst/merged_25955-Hoechst_j15.tif,s3://morphology_profiles/filtered_mp/25955-ERSyto/merged_25955-ERSyto_j15.tif,s3://morphology_profiles/filtered_mp/25955-ERSytoBleed/merged_25955-ERSytoBleed_j15.tif,s3://morphology_profiles/filtered_mp/25955-Ph_golgi/merged_25955-Ph_golgi_j15.tif,s3://morphology_profiles/filtered_mp/25955-Mito/merged_25955-Mito_j15.tif
Cc1cc(C)nc(NS(=O)(=O)c2ccc(N)cc2)n1,25955,K5,s3://morphology_profiles/filtered_mp/25955-Hoechst/merged_25955-Hoechst_k05.tif,s3://morphology_profiles/filtered_mp/25955-ERSyto/merged_25955-ERSyto_k05.tif,s3://morphology_profiles/filtered_mp/25955-ERSytoBleed/merged_25955-ERSytoBleed_k05.tif,s3://morphology_profiles/filtered_mp/25955-Ph_golgi/merged_25955-Ph_golgi_k05.tif,s3://morphology_profiles/filtered_mp/25955-Mito/merged_25955-Mito_k05.tif
O=C(NNCCC(O)=NCc1ccccc1)c1ccncc1,25955,K17,s3://morphology_profiles/filtered_mp/25955-Hoechst/merged_25955-Hoechst_k17.tif,s3://morphology_profiles/filtered_mp/25955-ERSyto/merged_25955-ERSyto_k17.tif,s3://morphology_profiles/filtered_mp/25955-ERSytoBleed/merged_25955-ERSytoBleed_k17.tif,s3://morphology_profiles/filtered_mp/25955-Ph_golgi/merged_25955-Ph_golgi_k17.tif,s3://morphology_profiles/filtered_mp/25955-Mito/merged_25955-Mito_k17.tif
Cc1cnc(C(O)=NCCc2ccc(S(=O)(=O)NC(O)=NC3CCCCC3)cc2)cn1,25955,K21,s3://morphology_profiles/filtered_mp/25955-Hoechst/merged_25955-Hoechst_k21.tif,s3://morphology_profiles/filtered_mp/25955-ERSyto/merged_25955-ERSyto_k21.tif,s3://morphology_profiles/filtered_mp/25955-ERSytoBleed/merged_25955-ERSytoBleed_k21.tif,s3://morphology_profiles/filtered_mp/25955-Ph_golgi/merged_25955-Ph_golgi_k21.tif,s3://morphology_profiles/filtered_mp/25955-Mito/merged_25955-Mito_k21.tif
Cc1onc(-c2ccccc2)c1-c1ccc(S(N)(=O)=O)cc1,25955,L14,s3://morphology_profiles/filtered_mp/25955-Hoechst/merged_25955-Hoechst_l14.tif,s3://morphology_profiles/filtered_mp/25955-ERSyto/merged_25955-ERSyto_l14.tif,s3://morphology_profiles/filtered_mp/25955-ERSytoBleed/merged_25955-ERSytoBleed_l14.tif,s3://morphology_profiles/filtered_mp/25955-Ph_golgi/merged_25955-Ph_golgi_l14.tif,s3://morphology_profiles/filtered_mp/25955-Mito/merged_25955-Mito_l14.tif
C/C=C/C[C@@H](C)[C@@H](O)[C@H]1C(O)=N[C@@H](CC)C(=O)N(C)CC(=O)N(C)[C@@H](CC(C)C)C(O)=N[C@@H](C(C)C)C(=O)N(C)[C@@H](CC(C)C)C(O)=N[C@@H](C)C(O)=N[C@H](C)C(=O)N(C)[C@@H](CC(C)C)C(=O)N(C)[C@@H](CC(C)C)C(=O)N(C)[C@@H](C(C)C)C(=O)N1C,25955,M1,s3://morphology_profiles/filtered_mp/25955-Hoechst/merged_25955-Hoechst_m01.tif,s3://morphology_profiles/filtered_mp/25955-ERSyto/merged_25955-ERSyto_m01.tif,s3://morphology_profiles/filtered_mp/25955-ERSytoBleed/merged_25955-ERSytoBleed_m01.tif,s3://morphology_profiles/filtered_mp/25955-Ph_golgi/merged_25955-Ph_golgi_m01.tif,s3://morphology_profiles/filtered_mp/25955-Mito/merged_25955-Mito_m01.tif
CCOC(=O)Oc1c(OC)cc(C(=O)O[C@@H]2C[C@@H]3CN4CCc5c([nH]c6cc(OC)ccc56)[C@H]4C[C@@H]3[C@H](C(=O)OC)[C@H]2OC)cc1OC,25955,M11,s3://morphology_profiles/filtered_mp/25955-Hoechst/merged_25955-Hoechst_m11.tif,s3://morphology_profiles/filtered_mp/25955-ERSyto/merged_25955-ERSyto_m11.tif,s3://morphology_profiles/filtered_mp/25955-ERSytoBleed/merged_25955-ERSytoBleed_m11.tif,s3://morphology_profiles/filtered_mp/25955-Ph_golgi/merged_25955-Ph_golgi_m11.tif,s3://morphology_profiles/filtered_mp/25955-Mito/merged_25955-Mito_m11.tif
CCC1(C)CC(=O)N=C(O)C1,25955,N8,s3://morphology_profiles/filtered_mp/25955-Hoechst/merged_25955-Hoechst_n08.tif,s3://morphology_profiles/filtered_mp/25955-ERSyto/merged_25955-ERSyto_n08.tif,s3://morphology_profiles/filtered_mp/25955-ERSytoBleed/merged_25955-ERSytoBleed_n08.tif,s3://morphology_profiles/filtered_mp/25955-Ph_golgi/merged_25955-Ph_golgi_n08.tif,s3://morphology_profiles/filtered_mp/25955-Mito/merged_25955-Mito_n08.tif
CC(C)(C)NCC(O)COc1cccc2c1CC(O)C(O)C2,25962,A3,s3://morphology_profiles/filtered_mp/25962-Hoechst/merged_25962-Hoechst_a03.tif,s3://morphology_profiles/filtered_mp/25962-ERSyto/merged_25962-ERSyto_a03.tif,s3://morphology_profiles/filtered_mp/25962-ERSytoBleed/merged_25962-ERSytoBleed_a03.tif,s3://morphology_profiles/filtered_mp/25962-Ph_golgi/merged_25962-Ph_golgi_a03.tif,s3://morphology_profiles/filtered_mp/25962-Mito/merged_25962-Mito_a03.tif
CC(CNC1CCCCC1)OC(=O)c1ccccc1,25962,A6,s3://morphology_profiles/filtered_mp/25962-Hoechst/merged_25962-Hoechst_a06.tif,s3://morphology_profiles/filtered_mp/25962-ERSyto/merged_25962-ERSyto_a06.tif,s3://morphology_profiles/filtered_mp/25962-ERSytoBleed/merged_25962-ERSytoBleed_a06.tif,s3://morphology_profiles/filtered_mp/25962-Ph_golgi/merged_25962-Ph_golgi_a06.tif,s3://morphology_profiles/filtered_mp/25962-Mito/merged_25962-Mito_a06.tif
CC1(C)O[C@@H]2C[C@H]3[C@@H]4C[C@H](F)C5=CC(=O)CC[C@]5(C)[C@H]4[C@@H](O)C[C@]3(C)[C@]2(C(=O)CO)O1,25962,B9,s3://morphology_profiles/filtered_mp/25962-Hoechst/merged_25962-Hoechst_b09.tif,s3://morphology_profiles/filtered_mp/25962-ERSyto/merged_25962-ERSyto_b09.tif,s3://morphology_profiles/filtered_mp/25962-ERSytoBleed/merged_25962-ERSytoBleed_b09.tif,s3://morphology_profiles/filtered_mp/25962-Ph_golgi/merged_25962-Ph_golgi_b09.tif,s3://morphology_profiles/filtered_mp/25962-Mito/merged_25962-Mito_b09.tif
CC(C)(C)N=C(O)[C@H]1CC[C@H]2[C@@H]3CC[C@H]4N=C(O)C=C[C@]4(C)[C@H]3CC[C@]12C,25962,B11,s3://morphology_profiles/filtered_mp/25962-Hoechst/merged_25962-Hoechst_b11.tif,s3://morphology_profiles/filtered_mp/25962-ERSyto/merged_25962-ERSyto_b11.tif,s3://morphology_profiles/filtered_mp/25962-ERSytoBleed/merged_25962-ERSytoBleed_b11.tif,s3://morphology_profiles/filtered_mp/25962-Ph_golgi/merged_25962-Ph_golgi_b11.tif,s3://morphology_profiles/filtered_mp/25962-Mito/merged_25962-Mito_b11.tif
Cc1ccc(-c2cc(C(F)(F)F)nn2-c2ccc(S(N)(=O)=O)cc2)cc1,25962,C19,s3://morphology_profiles/filtered_mp/25962-Hoechst/merged_25962-Hoechst_c19.tif,s3://morphology_profiles/filtered_mp/25962-ERSyto/merged_25962-ERSyto_c19.tif,s3://morphology_profiles/filtered_mp/25962-ERSytoBleed/merged_25962-ERSytoBleed_c19.tif,s3://morphology_profiles/filtered_mp/25962-Ph_golgi/merged_25962-Ph_golgi_c19.tif,s3://morphology_profiles/filtered_mp/25962-Mito/merged_25962-Mito_c19.tif
CO/N=C(\C(O)=N[C@@H]1C(=O)N2C(C(=O)O)=C(COC(=N)O)CS[C@H]12)c1ccco1,25962,C21,s3://morphology_profiles/filtered_mp/25962-Hoechst/merged_25962-Hoechst_c21.tif,s3://morphology_profiles/filtered_mp/25962-ERSyto/merged_25962-ERSyto_c21.tif,s3://morphology_profiles/filtered_mp/25962-ERSytoBleed/merged_25962-ERSytoBleed_c21.tif,s3://morphology_profiles/filtered_mp/25962-Ph_golgi/merged_25962-Ph_golgi_c21.tif,s3://morphology_profiles/filtered_mp/25962-Mito/merged_25962-Mito_c21.tif
O=C(O)c1cn(C2CC2)c2cc(N3CCNCC3)c(F)cc2c1=O,25962,E7,s3://morphology_profiles/filtered_mp/25962-Hoechst/merged_25962-Hoechst_e07.tif,s3://morphology_profiles/filtered_mp/25962-ERSyto/merged_25962-ERSyto_e07.tif,s3://morphology_profiles/filtered_mp/25962-ERSytoBleed/merged_25962-ERSytoBleed_e07.tif,s3://morphology_profiles/filtered_mp/25962-Ph_golgi/merged_25962-Ph_golgi_e07.tif,s3://morphology_profiles/filtered_mp/25962-Mito/merged_25962-Mito_e07.tif
OC(Cn1cncn1)(Cn1cncn1)c1ccc(F)cc1F,25962,F3,s3://morphology_profiles/filtered_mp/25962-Hoechst/merged_25962-Hoechst_f03.tif,s3://morphology_profiles/filtered_mp/25962-ERSyto/merged_25962-ERSyto_f03.tif,s3://morphology_profiles/filtered_mp/25962-ERSytoBleed/merged_25962-ERSytoBleed_f03.tif,s3://morphology_profiles/filtered_mp/25962-Ph_golgi/merged_25962-Ph_golgi_f03.tif,s3://morphology_profiles/filtered_mp/25962-Mito/merged_25962-Mito_f03.tif
O=C1c2cccc(O)c2C(=O)c2c(O)cccc21,25962,I19,s3://morphology_profiles/filtered_mp/25962-Hoechst/merged_25962-Hoechst_i19.tif,s3://morphology_profiles/filtered_mp/25962-ERSyto/merged_25962-ERSyto_i19.tif,s3://morphology_profiles/filtered_mp/25962-ERSytoBleed/merged_25962-ERSytoBleed_i19.tif,s3://morphology_profiles/filtered_mp/25962-Ph_golgi/merged_25962-Ph_golgi_i19.tif,s3://morphology_profiles/filtered_mp/25962-Mito/merged_25962-Mito_i19.tif
OCCN1CCN(CCCN2c3ccccc3Sc3ccc(Cl)cc32)CC1,25962,J15,s3://morphology_profiles/filtered_mp/25962-Hoechst/merged_25962-Hoechst_j15.tif,s3://morphology_profiles/filtered_mp/25962-ERSyto/merged_25962-ERSyto_j15.tif,s3://morphology_profiles/filtered_mp/25962-ERSytoBleed/merged_25962-ERSytoBleed_j15.tif,s3://morphology_profiles/filtered_mp/25962-Ph_golgi/merged_25962-Ph_golgi_j15.tif,s3://morphology_profiles/filtered_mp/25962-Mito/merged_25962-Mito_j15.tif
Cc1cc(C)nc(NS(=O)(=O)c2ccc(N)cc2)n1,25962,K5,s3://morphology_profiles/filtered_mp/25962-Hoechst/merged_25962-Hoechst_k05.tif,s3://morphology_profiles/filtered_mp/25962-ERSyto/merged_25962-ERSyto_k05.tif,s3://morphology_profiles/filtered_mp/25962-ERSytoBleed/merged_25962-ERSytoBleed_k05.tif,s3://morphology_profiles/filtered_mp/25962-Ph_golgi/merged_25962-Ph_golgi_k05.tif,s3://morphology_profiles/filtered_mp/25962-Mito/merged_25962-Mito_k05.tif
O=C(NNCCC(O)=NCc1ccccc1)c1ccncc1,25962,K17,s3://morphology_profiles/filtered_mp/25962-Hoechst/merged_25962-Hoechst_k17.tif,s3://morphology_profiles/filtered_mp/25962-ERSyto/merged_25962-ERSyto_k17.tif,s3://morphology_profiles/filtered_mp/25962-ERSytoBleed/merged_25962-ERSytoBleed_k17.tif,s3://morphology_profiles/filtered_mp/25962-Ph_golgi/merged_25962-Ph_golgi_k17.tif,s3://morphology_profiles/filtered_mp/25962-Mito/merged_25962-Mito_k17.tif
Cc1cnc(C(O)=NCCc2ccc(S(=O)(=O)NC(O)=NC3CCCCC3)cc2)cn1,25962,K21,s3://morphology_profiles/filtered_mp/25962-Hoechst/merged_25962-Hoechst_k21.tif,s3://morphology_profiles/filtered_mp/25962-ERSyto/merged_25962-ERSyto_k21.tif,s3://morphology_profiles/filtered_mp/25962-ERSytoBleed/merged_25962-ERSytoBleed_k21.tif,s3://morphology_profiles/filtered_mp/25962-Ph_golgi/merged_25962-Ph_golgi_k21.tif,s3://morphology_profiles/filtered_mp/25962-Mito/merged_25962-Mito_k21.tif
Cc1onc(-c2ccccc2)c1-c1ccc(S(N)(=O)=O)cc1,25962,L14,s3://morphology_profiles/filtered_mp/25962-Hoechst/merged_25962-Hoechst_l14.tif,s3://morphology_profiles/filtered_mp/25962-ERSyto/merged_25962-ERSyto_l14.tif,s3://morphology_profiles/filtered_mp/25962-ERSytoBleed/merged_25962-ERSytoBleed_l14.tif,s3://morphology_profiles/filtered_mp/25962-Ph_golgi/merged_25962-Ph_golgi_l14.tif,s3://morphology_profiles/filtered_mp/25962-Mito/merged_25962-Mito_l14.tif
C/C=C/C[C@@H](C)[C@@H](O)[C@H]1C(O)=N[C@@H](CC)C(=O)N(C)CC(=O)N(C)[C@@H](CC(C)C)C(O)=N[C@@H](C(C)C)C(=O)N(C)[C@@H](CC(C)C)C(O)=N[C@@H](C)C(O)=N[C@H](C)C(=O)N(C)[C@@H](CC(C)C)C(=O)N(C)[C@@H](CC(C)C)C(=O)N(C)[C@@H](C(C)C)C(=O)N1C,25962,M1,s3://morphology_profiles/filtered_mp/25962-Hoechst/merged_25962-Hoechst_m01.tif,s3://morphology_profiles/filtered_mp/25962-ERSyto/merged_25962-ERSyto_m01.tif,s3://morphology_profiles/filtered_mp/25962-ERSytoBleed/merged_25962-ERSytoBleed_m01.tif,s3://morphology_profiles/filtered_mp/25962-Ph_golgi/merged_25962-Ph_golgi_m01.tif,s3://morphology_profiles/filtered_mp/25962-Mito/merged_25962-Mito_m01.tif
CCOC(=O)Oc1c(OC)cc(C(=O)O[C@@H]2C[C@@H]3CN4CCc5c([nH]c6cc(OC)ccc56)[C@H]4C[C@@H]3[C@H](C(=O)OC)[C@H]2OC)cc1OC,25962,M11,s3://morphology_profiles/filtered_mp/25962-Hoechst/merged_25962-Hoechst_m11.tif,s3://morphology_profiles/filtered_mp/25962-ERSyto/merged_25962-ERSyto_m11.tif,s3://morphology_profiles/filtered_mp/25962-ERSytoBleed/merged_25962-ERSytoBleed_m11.tif,s3://morphology_profiles/filtered_mp/25962-Ph_golgi/merged_25962-Ph_golgi_m11.tif,s3://morphology_profiles/filtered_mp/25962-Mito/merged_25962-Mito_m11.tif
CCC1(C)CC(=O)N=C(O)C1,25962,N8,s3://morphology_profiles/filtered_mp/25962-Hoechst/merged_25962-Hoechst_n08.tif,s3://morphology_profiles/filtered_mp/25962-ERSyto/merged_25962-ERSyto_n08.tif,s3://morphology_profiles/filtered_mp/25962-ERSytoBleed/merged_25962-ERSytoBleed_n08.tif,s3://morphology_profiles/filtered_mp/25962-Ph_golgi/merged_25962-Ph_golgi_n08.tif,s3://morphology_profiles/filtered_mp/25962-Mito/merged_25962-Mito_n08.tif
CC(C)(C)NCC(O)COc1cccc2c1CC(O)C(O)C2,25965,A3,s3://morphology_profiles/filtered_mp/25965-Hoechst/merged_25965-Hoechst_a03.tif,s3://morphology_profiles/filtered_mp/25965-ERSyto/merged_25965-ERSyto_a03.tif,s3://morphology_profiles/filtered_mp/25965-ERSytoBleed/merged_25965-ERSytoBleed_a03.tif,s3://morphology_profiles/filtered_mp/25965-Ph_golgi/merged_25965-Ph_golgi_a03.tif,s3://morphology_profiles/filtered_mp/25965-Mito/merged_25965-Mito_a03.tif
CC(CNC1CCCCC1)OC(=O)c1ccccc1,25965,A6,s3://morphology_profiles/filtered_mp/25965-Hoechst/merged_25965-Hoechst_a06.tif,s3://morphology_profiles/filtered_mp/25965-ERSyto/merged_25965-ERSyto_a06.tif,s3://morphology_profiles/filtered_mp/25965-ERSytoBleed/merged_25965-ERSytoBleed_a06.tif,s3://morphology_profiles/filtered_mp/25965-Ph_golgi/merged_25965-Ph_golgi_a06.tif,s3://morphology_profiles/filtered_mp/25965-Mito/merged_25965-Mito_a06.tif
CC1(C)O[C@@H]2C[C@H]3[C@@H]4C[C@H](F)C5=CC(=O)CC[C@]5(C)[C@H]4[C@@H](O)C[C@]3(C)[C@]2(C(=O)CO)O1,25965,B9,s3://morphology_profiles/filtered_mp/25965-Hoechst/merged_25965-Hoechst_b09.tif,s3://morphology_profiles/filtered_mp/25965-ERSyto/merged_25965-ERSyto_b09.tif,s3://morphology_profiles/filtered_mp/25965-ERSytoBleed/merged_25965-ERSytoBleed_b09.tif,s3://morphology_profiles/filtered_mp/25965-Ph_golgi/merged_25965-Ph_golgi_b09.tif,s3://morphology_profiles/filtered_mp/25965-Mito/merged_25965-Mito_b09.tif
CC(C)(C)N=C(O)[C@H]1CC[C@H]2[C@@H]3CC[C@H]4N=C(O)C=C[C@]4(C)[C@H]3CC[C@]12C,25965,B11,s3://morphology_profiles/filtered_mp/25965-Hoechst/merged_25965-Hoechst_b11.tif,s3://morphology_profiles/filtered_mp/25965-ERSyto/merged_25965-ERSyto_b11.tif,s3://morphology_profiles/filtered_mp/25965-ERSytoBleed/merged_25965-ERSytoBleed_b11.tif,s3://morphology_profiles/filtered_mp/25965-Ph_golgi/merged_25965-Ph_golgi_b11.tif,s3://morphology_profiles/filtered_mp/25965-Mito/merged_25965-Mito_b11.tif
Cc1ccc(-c2cc(C(F)(F)F)nn2-c2ccc(S(N)(=O)=O)cc2)cc1,25965,C19,s3://morphology_profiles/filtered_mp/25965-Hoechst/merged_25965-Hoechst_c19.tif,s3://morphology_profiles/filtered_mp/25965-ERSyto/merged_25965-ERSyto_c19.tif,s3://morphology_profiles/filtered_mp/25965-ERSytoBleed/merged_25965-ERSytoBleed_c19.tif,s3://morphology_profiles/filtered_mp/25965-Ph_golgi/merged_25965-Ph_golgi_c19.tif,s3://morphology_profiles/filtered_mp/25965-Mito/merged_25965-Mito_c19.tif
CO/N=C(\C(O)=N[C@@H]1C(=O)N2C(C(=O)O)=C(COC(=N)O)CS[C@H]12)c1ccco1,25965,C21,s3://morphology_profiles/filtered_mp/25965-Hoechst/merged_25965-Hoechst_c21.tif,s3://morphology_profiles/filtered_mp/25965-ERSyto/merged_25965-ERSyto_c21.tif,s3://morphology_profiles/filtered_mp/25965-ERSytoBleed/merged_25965-ERSytoBleed_c21.tif,s3://morphology_profiles/filtered_mp/25965-Ph_golgi/merged_25965-Ph_golgi_c21.tif,s3://morphology_profiles/filtered_mp/25965-Mito/merged_25965-Mito_c21.tif
O=C(O)c1cn(C2CC2)c2cc(N3CCNCC3)c(F)cc2c1=O,25965,E7,s3://morphology_profiles/filtered_mp/25965-Hoechst/merged_25965-Hoechst_e07.tif,s3://morphology_profiles/filtered_mp/25965-ERSyto/merged_25965-ERSyto_e07.tif,s3://morphology_profiles/filtered_mp/25965-ERSytoBleed/merged_25965-ERSytoBleed_e07.tif,s3://morphology_profiles/filtered_mp/25965-Ph_golgi/merged_25965-Ph_golgi_e07.tif,s3://morphology_profiles/filtered_mp/25965-Mito/merged_25965-Mito_e07.tif
OC(Cn1cncn1)(Cn1cncn1)c1ccc(F)cc1F,25965,F3,s3://morphology_profiles/filtered_mp/25965-Hoechst/merged_25965-Hoechst_f03.tif,s3://morphology_profiles/filtered_mp/25965-ERSyto/merged_25965-ERSyto_f03.tif,s3://morphology_profiles/filtered_mp/25965-ERSytoBleed/merged_25965-ERSytoBleed_f03.tif,s3://morphology_profiles/filtered_mp/25965-Ph_golgi/merged_25965-Ph_golgi_f03.tif,s3://morphology_profiles/filtered_mp/25965-Mito/merged_25965-Mito_f03.tif
O=C1c2cccc(O)c2C(=O)c2c(O)cccc21,25965,I19,s3://morphology_profiles/filtered_mp/25965-Hoechst/merged_25965-Hoechst_i19.tif,s3://morphology_profiles/filtered_mp/25965-ERSyto/merged_25965-ERSyto_i19.tif,s3://morphology_profiles/filtered_mp/25965-ERSytoBleed/merged_25965-ERSytoBleed_i19.tif,s3://morphology_profiles/filtered_mp/25965-Ph_golgi/merged_25965-Ph_golgi_i19.tif,s3://morphology_profiles/filtered_mp/25965-Mito/merged_25965-Mito_i19.tif
OCCN1CCN(CCCN2c3ccccc3Sc3ccc(Cl)cc32)CC1,25965,J15,s3://morphology_profiles/filtered_mp/25965-Hoechst/merged_25965-Hoechst_j15.tif,s3://morphology_profiles/filtered_mp/25965-ERSyto/merged_25965-ERSyto_j15.tif,s3://morphology_profiles/filtered_mp/25965-ERSytoBleed/merged_25965-ERSytoBleed_j15.tif,s3://morphology_profiles/filtered_mp/25965-Ph_golgi/merged_25965-Ph_golgi_j15.tif,s3://morphology_profiles/filtered_mp/25965-Mito/merged_25965-Mito_j15.tif
Cc1cc(C)nc(NS(=O)(=O)c2ccc(N)cc2)n1,25965,K5,s3://morphology_profiles/filtered_mp/25965-Hoechst/merged_25965-Hoechst_k05.tif,s3://morphology_profiles/filtered_mp/25965-ERSyto/merged_25965-ERSyto_k05.tif,s3://morphology_profiles/filtered_mp/25965-ERSytoBleed/merged_25965-ERSytoBleed_k05.tif,s3://morphology_profiles/filtered_mp/25965-Ph_golgi/merged_25965-Ph_golgi_k05.tif,s3://morphology_profiles/filtered_mp/25965-Mito/merged_25965-Mito_k05.tif
O=C(NNCCC(O)=NCc1ccccc1)c1ccncc1,25965,K17,s3://morphology_profiles/filtered_mp/25965-Hoechst/merged_25965-Hoechst_k17.tif,s3://morphology_profiles/filtered_mp/25965-ERSyto/merged_25965-ERSyto_k17.tif,s3://morphology_profiles/filtered_mp/25965-ERSytoBleed/merged_25965-ERSytoBleed_k17.tif,s3://morphology_profiles/filtered_mp/25965-Ph_golgi/merged_25965-Ph_golgi_k17.tif,s3://morphology_profiles/filtered_mp/25965-Mito/merged_25965-Mito_k17.tif
Cc1cnc(C(O)=NCCc2ccc(S(=O)(=O)NC(O)=NC3CCCCC3)cc2)cn1,25965,K21,s3://morphology_profiles/filtered_mp/25965-Hoechst/merged_25965-Hoechst_k21.tif,s3://morphology_profiles/filtered_mp/25965-ERSyto/merged_25965-ERSyto_k21.tif,s3://morphology_profiles/filtered_mp/25965-ERSytoBleed/merged_25965-ERSytoBleed_k21.tif,s3://morphology_profiles/filtered_mp/25965-Ph_golgi/merged_25965-Ph_golgi_k21.tif,s3://morphology_profiles/filtered_mp/25965-Mito/merged_25965-Mito_k21.tif
Cc1onc(-c2ccccc2)c1-c1ccc(S(N)(=O)=O)cc1,25965,L14,s3://morphology_profiles/filtered_mp/25965-Hoechst/merged_25965-Hoechst_l14.tif,s3://morphology_profiles/filtered_mp/25965-ERSyto/merged_25965-ERSyto_l14.tif,s3://morphology_profiles/filtered_mp/25965-ERSytoBleed/merged_25965-ERSytoBleed_l14.tif,s3://morphology_profiles/filtered_mp/25965-Ph_golgi/merged_25965-Ph_golgi_l14.tif,s3://morphology_profiles/filtered_mp/25965-Mito/merged_25965-Mito_l14.tif
C/C=C/C[C@@H](C)[C@@H](O)[C@H]1C(O)=N[C@@H](CC)C(=O)N(C)CC(=O)N(C)[C@@H](CC(C)C)C(O)=N[C@@H](C(C)C)C(=O)N(C)[C@@H](CC(C)C)C(O)=N[C@@H](C)C(O)=N[C@H](C)C(=O)N(C)[C@@H](CC(C)C)C(=O)N(C)[C@@H](CC(C)C)C(=O)N(C)[C@@H](C(C)C)C(=O)N1C,25965,M1,s3://morphology_profiles/filtered_mp/25965-Hoechst/merged_25965-Hoechst_m01.tif,s3://morphology_profiles/filtered_mp/25965-ERSyto/merged_25965-ERSyto_m01.tif,s3://morphology_profiles/filtered_mp/25965-ERSytoBleed/merged_25965-ERSytoBleed_m01.tif,s3://morphology_profiles/filtered_mp/25965-Ph_golgi/merged_25965-Ph_golgi_m01.tif,s3://morphology_profiles/filtered_mp/25965-Mito/merged_25965-Mito_m01.tif
CCOC(=O)Oc1c(OC)cc(C(=O)O[C@@H]2C[C@@H]3CN4CCc5c([nH]c6cc(OC)ccc56)[C@H]4C[C@@H]3[C@H](C(=O)OC)[C@H]2OC)cc1OC,25965,M11,s3://morphology_profiles/filtered_mp/25965-Hoechst/merged_25965-Hoechst_m11.tif,s3://morphology_profiles/filtered_mp/25965-ERSyto/merged_25965-ERSyto_m11.tif,s3://morphology_profiles/filtered_mp/25965-ERSytoBleed/merged_25965-ERSytoBleed_m11.tif,s3://morphology_profiles/filtered_mp/25965-Ph_golgi/merged_25965-Ph_golgi_m11.tif,s3://morphology_profiles/filtered_mp/25965-Mito/merged_25965-Mito_m11.tif
CCC1(C)CC(=O)N=C(O)C1,25965,N8,s3://morphology_profiles/filtered_mp/25965-Hoechst/merged_25965-Hoechst_n08.tif,s3://morphology_profiles/filtered_mp/25965-ERSyto/merged_25965-ERSyto_n08.tif,s3://morphology_profiles/filtered_mp/25965-ERSytoBleed/merged_25965-ERSytoBleed_n08.tif,s3://morphology_profiles/filtered_mp/25965-Ph_golgi/merged_25965-Ph_golgi_n08.tif,s3://morphology_profiles/filtered_mp/25965-Mito/merged_25965-Mito_n08.tif
CC(C)(C)NCC(O)COc1cccc2c1CC(O)C(O)C2,25966,A3,s3://morphology_profiles/filtered_mp/25966-Hoechst/merged_25966-Hoechst_a03.tif,s3://morphology_profiles/filtered_mp/25966-ERSyto/merged_25966-ERSyto_a03.tif,s3://morphology_profiles/filtered_mp/25966-ERSytoBleed/merged_25966-ERSytoBleed_a03.tif,s3://morphology_profiles/filtered_mp/25966-Ph_golgi/merged_25966-Ph_golgi_a03.tif,s3://morphology_profiles/filtered_mp/25966-Mito/merged_25966-Mito_a03.tif
CC(CNC1CCCCC1)OC(=O)c1ccccc1,25966,A6,s3://morphology_profiles/filtered_mp/25966-Hoechst/merged_25966-Hoechst_a06.tif,s3://morphology_profiles/filtered_mp/25966-ERSyto/merged_25966-ERSyto_a06.tif,s3://morphology_profiles/filtered_mp/25966-ERSytoBleed/merged_25966-ERSytoBleed_a06.tif,s3://morphology_profiles/filtered_mp/25966-Ph_golgi/merged_25966-Ph_golgi_a06.tif,s3://morphology_profiles/filtered_mp/25966-Mito/merged_25966-Mito_a06.tif
CC1(C)O[C@@H]2C[C@H]3[C@@H]4C[C@H](F)C5=CC(=O)CC[C@]5(C)[C@H]4[C@@H](O)C[C@]3(C)[C@]2(C(=O)CO)O1,25966,B9,s3://morphology_profiles/filtered_mp/25966-Hoechst/merged_25966-Hoechst_b09.tif,s3://morphology_profiles/filtered_mp/25966-ERSyto/merged_25966-ERSyto_b09.tif,s3://morphology_profiles/filtered_mp/25966-ERSytoBleed/merged_25966-ERSytoBleed_b09.tif,s3://morphology_profiles/filtered_mp/25966-Ph_golgi/merged_25966-Ph_golgi_b09.tif,s3://morphology_profiles/filtered_mp/25966-Mito/merged_25966-Mito_b09.tif
CC(C)(C)N=C(O)[C@H]1CC[C@H]2[C@@H]3CC[C@H]4N=C(O)C=C[C@]4(C)[C@H]3CC[C@]12C,25966,B11,s3://morphology_profiles/filtered_mp/25966-Hoechst/merged_25966-Hoechst_b11.tif,s3://morphology_profiles/filtered_mp/25966-ERSyto/merged_25966-ERSyto_b11.tif,s3://morphology_profiles/filtered_mp/25966-ERSytoBleed/merged_25966-ERSytoBleed_b11.tif,s3://morphology_profiles/filtered_mp/25966-Ph_golgi/merged_25966-Ph_golgi_b11.tif,s3://morphology_profiles/filtered_mp/25966-Mito/merged_25966-Mito_b11.tif
Cc1ccc(-c2cc(C(F)(F)F)nn2-c2ccc(S(N)(=O)=O)cc2)cc1,25966,C19,s3://morphology_profiles/filtered_mp/25966-Hoechst/merged_25966-Hoechst_c19.tif,s3://morphology_profiles/filtered_mp/25966-ERSyto/merged_25966-ERSyto_c19.tif,s3://morphology_profiles/filtered_mp/25966-ERSytoBleed/merged_25966-ERSytoBleed_c19.tif,s3://morphology_profiles/filtered_mp/25966-Ph_golgi/merged_25966-Ph_golgi_c19.tif,s3://morphology_profiles/filtered_mp/25966-Mito/merged_25966-Mito_c19.tif
CO/N=C(\C(O)=N[C@@H]1C(=O)N2C(C(=O)O)=C(COC(=N)O)CS[C@H]12)c1ccco1,25966,C21,s3://morphology_profiles/filtered_mp/25966-Hoechst/merged_25966-Hoechst_c21.tif,s3://morphology_profiles/filtered_mp/25966-ERSyto/merged_25966-ERSyto_c21.tif,s3://morphology_profiles/filtered_mp/25966-ERSytoBleed/merged_25966-ERSytoBleed_c21.tif,s3://morphology_profiles/filtered_mp/25966-Ph_golgi/merged_25966-Ph_golgi_c21.tif,s3://morphology_profiles/filtered_mp/25966-Mito/merged_25966-Mito_c21.tif
O=C(O)c1cn(C2CC2)c2cc(N3CCNCC3)c(F)cc2c1=O,25966,E7,s3://morphology_profiles/filtered_mp/25966-Hoechst/merged_25966-Hoechst_e07.tif,s3://morphology_profiles/filtered_mp/25966-ERSyto/merged_25966-ERSyto_e07.tif,s3://morphology_profiles/filtered_mp/25966-ERSytoBleed/merged_25966-ERSytoBleed_e07.tif,s3://morphology_profiles/filtered_mp/25966-Ph_golgi/merged_25966-Ph_golgi_e07.tif,s3://morphology_profiles/filtered_mp/25966-Mito/merged_25966-Mito_e07.tif
OC(Cn1cncn1)(Cn1cncn1)c1ccc(F)cc1F,25966,F3,s3://morphology_profiles/filtered_mp/25966-Hoechst/merged_25966-Hoechst_f03.tif,s3://morphology_profiles/filtered_mp/25966-ERSyto/merged_25966-ERSyto_f03.tif,s3://morphology_profiles/filtered_mp/25966-ERSytoBleed/merged_25966-ERSytoBleed_f03.tif,s3://morphology_profiles/filtered_mp/25966-Ph_golgi/merged_25966-Ph_golgi_f03.tif,s3://morphology_profiles/filtered_mp/25966-Mito/merged_25966-Mito_f03.tif
O=C1c2cccc(O)c2C(=O)c2c(O)cccc21,25966,I19,s3://morphology_profiles/filtered_mp/25966-Hoechst/merged_25966-Hoechst_i19.tif,s3://morphology_profiles/filtered_mp/25966-ERSyto/merged_25966-ERSyto_i19.tif,s3://morphology_profiles/filtered_mp/25966-ERSytoBleed/merged_25966-ERSytoBleed_i19.tif,s3://morphology_profiles/filtered_mp/25966-Ph_golgi/merged_25966-Ph_golgi_i19.tif,s3://morphology_profiles/filtered_mp/25966-Mito/merged_25966-Mito_i19.tif
OCCN1CCN(CCCN2c3ccccc3Sc3ccc(Cl)cc32)CC1,25966,J15,s3://morphology_profiles/filtered_mp/25966-Hoechst/merged_25966-Hoechst_j15.tif,s3://morphology_profiles/filtered_mp/25966-ERSyto/merged_25966-ERSyto_j15.tif,s3://morphology_profiles/filtered_mp/25966-ERSytoBleed/merged_25966-ERSytoBleed_j15.tif,s3://morphology_profiles/filtered_mp/25966-Ph_golgi/merged_25966-Ph_golgi_j15.tif,s3://morphology_profiles/filtered_mp/25966-Mito/merged_25966-Mito_j15.tif
Cc1cc(C)nc(NS(=O)(=O)c2ccc(N)cc2)n1,25966,K5,s3://morphology_profiles/filtered_mp/25966-Hoechst/merged_25966-Hoechst_k05.tif,s3://morphology_profiles/filtered_mp/25966-ERSyto/merged_25966-ERSyto_k05.tif,s3://morphology_profiles/filtered_mp/25966-ERSytoBleed/merged_25966-ERSytoBleed_k05.tif,s3://morphology_profiles/filtered_mp/25966-Ph_golgi/merged_25966-Ph_golgi_k05.tif,s3://morphology_profiles/filtered_mp/25966-Mito/merged_25966-Mito_k05.tif
O=C(NNCCC(O)=NCc1ccccc1)c1ccncc1,25966,K17,s3://morphology_profiles/filtered_mp/25966-Hoechst/merged_25966-Hoechst_k17.tif,s3://morphology_profiles/filtered_mp/25966-ERSyto/merged_25966-ERSyto_k17.tif,s3://morphology_profiles/filtered_mp/25966-ERSytoBleed/merged_25966-ERSytoBleed_k17.tif,s3://morphology_profiles/filtered_mp/25966-Ph_golgi/merged_25966-Ph_golgi_k17.tif,s3://morphology_profiles/filtered_mp/25966-Mito/merged_25966-Mito_k17.tif
Cc1cnc(C(O)=NCCc2ccc(S(=O)(=O)NC(O)=NC3CCCCC3)cc2)cn1,25966,K21,s3://morphology_profiles/filtered_mp/25966-Hoechst/merged_25966-Hoechst_k21.tif,s3://morphology_profiles/filtered_mp/25966-ERSyto/merged_25966-ERSyto_k21.tif,s3://morphology_profiles/filtered_mp/25966-ERSytoBleed/merged_25966-ERSytoBleed_k21.tif,s3://morphology_profiles/filtered_mp/25966-Ph_golgi/merged_25966-Ph_golgi_k21.tif,s3://morphology_profiles/filtered_mp/25966-Mito/merged_25966-Mito_k21.tif
Cc1onc(-c2ccccc2)c1-c1ccc(S(N)(=O)=O)cc1,25966,L14,s3://morphology_profiles/filtered_mp/25966-Hoechst/merged_25966-Hoechst_l14.tif,s3://morphology_profiles/filtered_mp/25966-ERSyto/merged_25966-ERSyto_l14.tif,s3://morphology_profiles/filtered_mp/25966-ERSytoBleed/merged_25966-ERSytoBleed_l14.tif,s3://morphology_profiles/filtered_mp/25966-Ph_golgi/merged_25966-Ph_golgi_l14.tif,s3://morphology_profiles/filtered_mp/25966-Mito/merged_25966-Mito_l14.tif
C/C=C/C[C@@H](C)[C@@H](O)[C@H]1C(O)=N[C@@H](CC)C(=O)N(C)CC(=O)N(C)[C@@H](CC(C)C)C(O)=N[C@@H](C(C)C)C(=O)N(C)[C@@H](CC(C)C)C(O)=N[C@@H](C)C(O)=N[C@H](C)C(=O)N(C)[C@@H](CC(C)C)C(=O)N(C)[C@@H](CC(C)C)C(=O)N(C)[C@@H](C(C)C)C(=O)N1C,25966,M1,s3://morphology_profiles/filtered_mp/25966-Hoechst/merged_25966-Hoechst_m01.tif,s3://morphology_profiles/filtered_mp/25966-ERSyto/merged_25966-ERSyto_m01.tif,s3://morphology_profiles/filtered_mp/25966-ERSytoBleed/merged_25966-ERSytoBleed_m01.tif,s3://morphology_profiles/filtered_mp/25966-Ph_golgi/merged_25966-Ph_golgi_m01.tif,s3://morphology_profiles/filtered_mp/25966-Mito/merged_25966-Mito_m01.tif
CCOC(=O)Oc1c(OC)cc(C(=O)O[C@@H]2C[C@@H]3CN4CCc5c([nH]c6cc(OC)ccc56)[C@H]4C[C@@H]3[C@H](C(=O)OC)[C@H]2OC)cc1OC,25966,M11,s3://morphology_profiles/filtered_mp/25966-Hoechst/merged_25966-Hoechst_m11.tif,s3://morphology_profiles/filtered_mp/25966-ERSyto/merged_25966-ERSyto_m11.tif,s3://morphology_profiles/filtered_mp/25966-ERSytoBleed/merged_25966-ERSytoBleed_m11.tif,s3://morphology_profiles/filtered_mp/25966-Ph_golgi/merged_25966-Ph_golgi_m11.tif,s3://morphology_profiles/filtered_mp/25966-Mito/merged_25966-Mito_m11.tif
CCC1(C)CC(=O)N=C(O)C1,25966,N8,s3://morphology_profiles/filtered_mp/25966-Hoechst/merged_25966-Hoechst_n08.tif,s3://morphology_profiles/filtered_mp/25966-ERSyto/merged_25966-ERSyto_n08.tif,s3://morphology_profiles/filtered_mp/25966-ERSytoBleed/merged_25966-ERSytoBleed_n08.tif,s3://morphology_profiles/filtered_mp/25966-Ph_golgi/merged_25966-Ph_golgi_n08.tif,s3://morphology_profiles/filtered_mp/25966-Mito/merged_25966-Mito_n08.tif
C[C@]12CC[C@@H]3c4ccc(O)cc4CC[C@H]3[C@@H]1CC[C@@H]2O,25967,A16,s3://morphology_profiles/filtered_mp/25967-Hoechst/merged_25967-Hoechst_a16.tif,s3://morphology_profiles/filtered_mp/25967-ERSyto/merged_25967-ERSyto_a16.tif,s3://morphology_profiles/filtered_mp/25967-ERSytoBleed/merged_25967-ERSytoBleed_a16.tif,s3://morphology_profiles/filtered_mp/25967-Ph_golgi/merged_25967-Ph_golgi_a16.tif,s3://morphology_profiles/filtered_mp/25967-Mito/merged_25967-Mito_a16.tif
N=c1[nH]c2ccc(OC(F)(F)F)cc2s1,25967,B19,s3://morphology_profiles/filtered_mp/25967-Hoechst/merged_25967-Hoechst_b19.tif,s3://morphology_profiles/filtered_mp/25967-ERSyto/merged_25967-ERSyto_b19.tif,s3://morphology_profiles/filtered_mp/25967-ERSytoBleed/merged_25967-ERSytoBleed_b19.tif,s3://morphology_profiles/filtered_mp/25967-Ph_golgi/merged_25967-Ph_golgi_b19.tif,s3://morphology_profiles/filtered_mp/25967-Mito/merged_25967-Mito_b19.tif
CS(=O)(=O)c1ccc(C2=C(c3ccccc3)C(=O)OC2)cc1,25967,C3,s3://morphology_profiles/filtered_mp/25967-Hoechst/merged_25967-Hoechst_c03.tif,s3://morphology_profiles/filtered_mp/25967-ERSyto/merged_25967-ERSyto_c03.tif,s3://morphology_profiles/filtered_mp/25967-ERSytoBleed/merged_25967-ERSytoBleed_c03.tif,s3://morphology_profiles/filtered_mp/25967-Ph_golgi/merged_25967-Ph_golgi_c03.tif,s3://morphology_profiles/filtered_mp/25967-Mito/merged_25967-Mito_c03.tif
O=c1ccc2ccccc2o1,25967,D7,s3://morphology_profiles/filtered_mp/25967-Hoechst/merged_25967-Hoechst_d07.tif,s3://morphology_profiles/filtered_mp/25967-ERSyto/merged_25967-ERSyto_d07.tif,s3://morphology_profiles/filtered_mp/25967-ERSytoBleed/merged_25967-ERSytoBleed_d07.tif,s3://morphology_profiles/filtered_mp/25967-Ph_golgi/merged_25967-Ph_golgi_d07.tif,s3://morphology_profiles/filtered_mp/25967-Mito/merged_25967-Mito_d07.tif
CC(=O)OCC(=O)[C@H]1CC[C@H]2[C@@H]3CCC4=CC(=O)CC[C@]4(C)[C@H]3CC[C@]12C,25967,D21,s3://morphology_profiles/filtered_mp/25967-Hoechst/merged_25967-Hoechst_d21.tif,s3://morphology_profiles/filtered_mp/25967-ERSyto/merged_25967-ERSyto_d21.tif,s3://morphology_profiles/filtered_mp/25967-ERSytoBleed/merged_25967-ERSytoBleed_d21.tif,s3://morphology_profiles/filtered_mp/25967-Ph_golgi/merged_25967-Ph_golgi_d21.tif,s3://morphology_profiles/filtered_mp/25967-Mito/merged_25967-Mito_d21.tif
CCCCC[C@H](O)/C=C/[C@H]1[C@H](O)CC(=O)[C@@H]1C/C=C\CCCC(=O)O,25967,F4,s3://morphology_profiles/filtered_mp/25967-Hoechst/merged_25967-Hoechst_f04.tif,s3://morphology_profiles/filtered_mp/25967-ERSyto/merged_25967-ERSyto_f04.tif,s3://morphology_profiles/filtered_mp/25967-ERSytoBleed/merged_25967-ERSytoBleed_f04.tif,s3://morphology_profiles/filtered_mp/25967-Ph_golgi/merged_25967-Ph_golgi_f04.tif,s3://morphology_profiles/filtered_mp/25967-Mito/merged_25967-Mito_f04.tif
CC(C)NC(=N)NC(=N)Nc1ccc(Cl)cc1,25967,G15,s3://morphology_profiles/filtered_mp/25967-Hoechst/merged_25967-Hoechst_g15.tif,s3://morphology_profiles/filtered_mp/25967-ERSyto/merged_25967-ERSyto_g15.tif,s3://morphology_profiles/filtered_mp/25967-ERSytoBleed/merged_25967-ERSytoBleed_g15.tif,s3://morphology_profiles/filtered_mp/25967-Ph_golgi/merged_25967-Ph_golgi_g15.tif,s3://morphology_profiles/filtered_mp/25967-Mito/merged_25967-Mito_g15.tif
CCC(O)=NCC[C@@H]1CCc2ccc3c(c21)CCO3,25967,H5,s3://morphology_profiles/filtered_mp/25967-Hoechst/merged_25967-Hoechst_h05.tif,s3://morphology_profiles/filtered_mp/25967-ERSyto/merged_25967-ERSyto_h05.tif,s3://morphology_profiles/filtered_mp/25967-ERSytoBleed/merged_25967-ERSytoBleed_h05.tif,s3://morphology_profiles/filtered_mp/25967-Ph_golgi/merged_25967-Ph_golgi_h05.tif,s3://morphology_profiles/filtered_mp/25967-Mito/merged_25967-Mito_h05.tif
C#C[C@]1(O)CC[C@H]2[C@@H]3CCc4cc(OC)ccc4[C@H]3CC[C@@]21C,25967,J11,s3://morphology_profiles/filtered_mp/25967-Hoechst/merged_25967-Hoechst_j11.tif,s3://morphology_profiles/filtered_mp/25967-ERSyto/merged_25967-ERSyto_j11.tif,s3://morphology_profiles/filtered_mp/25967-ERSytoBleed/merged_25967-ERSytoBleed_j11.tif,s3://morphology_profiles/filtered_mp/25967-Ph_golgi/merged_25967-Ph_golgi_j11.tif,s3://morphology_profiles/filtered_mp/25967-Mito/merged_25967-Mito_j11.tif
Cc1ccc(S(=O)(=O)NC(O)=NN2CCCCCC2)cc1,25967,J15,s3://morphology_profiles/filtered_mp/25967-Hoechst/merged_25967-Hoechst_j15.tif,s3://morphology_profiles/filtered_mp/25967-ERSyto/merged_25967-ERSyto_j15.tif,s3://morphology_profiles/filtered_mp/25967-ERSytoBleed/merged_25967-ERSytoBleed_j15.tif,s3://morphology_profiles/filtered_mp/25967-Ph_golgi/merged_25967-Ph_golgi_j15.tif,s3://morphology_profiles/filtered_mp/25967-Mito/merged_25967-Mito_j15.tif
CCc1cc(C(=N)S)ccn1,25967,L3,s3://morphology_profiles/filtered_mp/25967-Hoechst/merged_25967-Hoechst_l03.tif,s3://morphology_profiles/filtered_mp/25967-ERSyto/merged_25967-ERSyto_l03.tif,s3://morphology_profiles/filtered_mp/25967-ERSytoBleed/merged_25967-ERSytoBleed_l03.tif,s3://morphology_profiles/filtered_mp/25967-Ph_golgi/merged_25967-Ph_golgi_l03.tif,s3://morphology_profiles/filtered_mp/25967-Mito/merged_25967-Mito_l03.tif
C[C@H]1C[C@@H]2[C@H]([C@@H](O)C[C@@]3(C)[C@H]2CC[C@]3(O)C(=O)CO)[C@@]2(C)C=CC(=O)C=C12,25967,M6,s3://morphology_profiles/filtered_mp/25967-Hoechst/merged_25967-Hoechst_m06.tif,s3://morphology_profiles/filtered_mp/25967-ERSyto/merged_25967-ERSyto_m06.tif,s3://morphology_profiles/filtered_mp/25967-ERSytoBleed/merged_25967-ERSytoBleed_m06.tif,s3://morphology_profiles/filtered_mp/25967-Ph_golgi/merged_25967-Ph_golgi_m06.tif,s3://morphology_profiles/filtered_mp/25967-Mito/merged_25967-Mito_m06.tif
CC1=NN(c2ccccc2)C(=O)C1,25967,M8,s3://morphology_profiles/filtered_mp/25967-Hoechst/merged_25967-Hoechst_m08.tif,s3://morphology_profiles/filtered_mp/25967-ERSyto/merged_25967-ERSyto_m08.tif,s3://morphology_profiles/filtered_mp/25967-ERSytoBleed/merged_25967-ERSytoBleed_m08.tif,s3://morphology_profiles/filtered_mp/25967-Ph_golgi/merged_25967-Ph_golgi_m08.tif,s3://morphology_profiles/filtered_mp/25967-Mito/merged_25967-Mito_m08.tif
COC(=O)[C@@H]1[C@H]2C[C@H]3c4[nH]c5ccccc5c4CCN3C[C@@H]2CC[C@@H]1O,25967,M12,s3://morphology_profiles/filtered_mp/25967-Hoechst/merged_25967-Hoechst_m12.tif,s3://morphology_profiles/filtered_mp/25967-ERSyto/merged_25967-ERSyto_m12.tif,s3://morphology_profiles/filtered_mp/25967-ERSytoBleed/merged_25967-ERSytoBleed_m12.tif,s3://morphology_profiles/filtered_mp/25967-Ph_golgi/merged_25967-Ph_golgi_m12.tif,s3://morphology_profiles/filtered_mp/25967-Mito/merged_25967-Mito_m12.tif
CCC1(CC)C(=O)C=CN=C1O,25967,M24,s3://morphology_profiles/filtered_mp/25967-Hoechst/merged_25967-Hoechst_m24.tif,s3://morphology_profiles/filtered_mp/25967-ERSyto/merged_25967-ERSyto_m24.tif,s3://morphology_profiles/filtered_mp/25967-ERSytoBleed/merged_25967-ERSytoBleed_m24.tif,s3://morphology_profiles/filtered_mp/25967-Ph_golgi/merged_25967-Ph_golgi_m24.tif,s3://morphology_profiles/filtered_mp/25967-Mito/merged_25967-Mito_m24.tif
COc1ccc(Cl)cc1C(O)=NCCc1ccc(S(=O)(=O)NC(O)=NC2CCCCC2)cc1,25967,N15,s3://morphology_profiles/filtered_mp/25967-Hoechst/merged_25967-Hoechst_n15.tif,s3://morphology_profiles/filtered_mp/25967-ERSyto/merged_25967-ERSyto_n15.tif,s3://morphology_profiles/filtered_mp/25967-ERSytoBleed/merged_25967-ERSytoBleed_n15.tif,s3://morphology_profiles/filtered_mp/25967-Ph_golgi/merged_25967-Ph_golgi_n15.tif,s3://morphology_profiles/filtered_mp/25967-Mito/merged_25967-Mito_n15.tif
NCc1ccccc1CC(O)=N[C@@H]1C(=O)N2C(C(=O)O)=C(CSc3nnnn3CC(=O)O)CS[C@H]12,25967,O9,s3://morphology_profiles/filtered_mp/25967-Hoechst/merged_25967-Hoechst_o09.tif,s3://morphology_profiles/filtered_mp/25967-ERSyto/merged_25967-ERSyto_o09.tif,s3://morphology_profiles/filtered_mp/25967-ERSytoBleed/merged_25967-ERSytoBleed_o09.tif,s3://morphology_profiles/filtered_mp/25967-Ph_golgi/merged_25967-Ph_golgi_o09.tif,s3://morphology_profiles/filtered_mp/25967-Mito/merged_25967-Mito_o09.tif
CCCCNc1cc(C(=O)O)cc(S(N)(=O)=O)c1Oc1ccccc1,25967,O17,s3://morphology_profiles/filtered_mp/25967-Hoechst/merged_25967-Hoechst_o17.tif,s3://morphology_profiles/filtered_mp/25967-ERSyto/merged_25967-ERSyto_o17.tif,s3://morphology_profiles/filtered_mp/25967-ERSytoBleed/merged_25967-ERSytoBleed_o17.tif,s3://morphology_profiles/filtered_mp/25967-Ph_golgi/merged_25967-Ph_golgi_o17.tif,s3://morphology_profiles/filtered_mp/25967-Mito/merged_25967-Mito_o17.tif
CCOc1ccc(N=C(C)O)cc1,25967,O20,s3://morphology_profiles/filtered_mp/25967-Hoechst/merged_25967-Hoechst_o20.tif,s3://morphology_profiles/filtered_mp/25967-ERSyto/merged_25967-ERSyto_o20.tif,s3://morphology_profiles/filtered_mp/25967-ERSytoBleed/merged_25967-ERSytoBleed_o20.tif,s3://morphology_profiles/filtered_mp/25967-Ph_golgi/merged_25967-Ph_golgi_o20.tif,s3://morphology_profiles/filtered_mp/25967-Mito/merged_25967-Mito_o20.tif
C[C@@H]1C[C@H]2[C@@H]3CCC4=CC(=O)C=C[C@]4(C)[C@@]3(F)[C@@H](O)C[C@]2(C)[C@@]1(O)C(=O)CO,25967,P3,s3://morphology_profiles/filtered_mp/25967-Hoechst/merged_25967-Hoechst_p03.tif,s3://morphology_profiles/filtered_mp/25967-ERSyto/merged_25967-ERSyto_p03.tif,s3://morphology_profiles/filtered_mp/25967-ERSytoBleed/merged_25967-ERSytoBleed_p03.tif,s3://morphology_profiles/filtered_mp/25967-Ph_golgi/merged_25967-Ph_golgi_p03.tif,s3://morphology_profiles/filtered_mp/25967-Mito/merged_25967-Mito_p03.tif
COc1ccc([C@@H]2CC(=O)c3c(O)cc(O[C@@H]4O[C@H](CO[C@@H]5O[C@@H](C)[C@H](O)[C@@H](O)[C@H]5O)[C@@H](O)[C@H](O)[C@H]4O)cc3O2)cc1O,25967,P4,s3://morphology_profiles/filtered_mp/25967-Hoechst/merged_25967-Hoechst_p04.tif,s3://morphology_profiles/filtered_mp/25967-ERSyto/merged_25967-ERSyto_p04.tif,s3://morphology_profiles/filtered_mp/25967-ERSytoBleed/merged_25967-ERSytoBleed_p04.tif,s3://morphology_profiles/filtered_mp/25967-Ph_golgi/merged_25967-Ph_golgi_p04.tif,s3://morphology_profiles/filtered_mp/25967-Mito/merged_25967-Mito_p04.tif
C[C@H]1C[C@H]2[C@@H]3CCC4=CC(=O)C=C[C@]4(C)[C@@]3(F)[C@@H](O)C[C@]2(C)[C@@]1(O)C(=O)CO,25967,P8,s3://morphology_profiles/filtered_mp/25967-Hoechst/merged_25967-Hoechst_p08.tif,s3://morphology_profiles/filtered_mp/25967-ERSyto/merged_25967-ERSyto_p08.tif,s3://morphology_profiles/filtered_mp/25967-ERSytoBleed/merged_25967-ERSytoBleed_p08.tif,s3://morphology_profiles/filtered_mp/25967-Ph_golgi/merged_25967-Ph_golgi_p08.tif,s3://morphology_profiles/filtered_mp/25967-Mito/merged_25967-Mito_p08.tif
C[C@]12CC[C@@H]3c4ccc(O)cc4CC[C@H]3[C@@H]1CC[C@@H]2O,25968,A16,s3://morphology_profiles/filtered_mp/25968-Hoechst/merged_25968-Hoechst_a16.tif,s3://morphology_profiles/filtered_mp/25968-ERSyto/merged_25968-ERSyto_a16.tif,s3://morphology_profiles/filtered_mp/25968-ERSytoBleed/merged_25968-ERSytoBleed_a16.tif,s3://morphology_profiles/filtered_mp/25968-Ph_golgi/merged_25968-Ph_golgi_a16.tif,s3://morphology_profiles/filtered_mp/25968-Mito/merged_25968-Mito_a16.tif
N=c1[nH]c2ccc(OC(F)(F)F)cc2s1,25968,B19,s3://morphology_profiles/filtered_mp/25968-Hoechst/merged_25968-Hoechst_b19.tif,s3://morphology_profiles/filtered_mp/25968-ERSyto/merged_25968-ERSyto_b19.tif,s3://morphology_profiles/filtered_mp/25968-ERSytoBleed/merged_25968-ERSytoBleed_b19.tif,s3://morphology_profiles/filtered_mp/25968-Ph_golgi/merged_25968-Ph_golgi_b19.tif,s3://morphology_profiles/filtered_mp/25968-Mito/merged_25968-Mito_b19.tif
CS(=O)(=O)c1ccc(C2=C(c3ccccc3)C(=O)OC2)cc1,25968,C3,s3://morphology_profiles/filtered_mp/25968-Hoechst/merged_25968-Hoechst_c03.tif,s3://morphology_profiles/filtered_mp/25968-ERSyto/merged_25968-ERSyto_c03.tif,s3://morphology_profiles/filtered_mp/25968-ERSytoBleed/merged_25968-ERSytoBleed_c03.tif,s3://morphology_profiles/filtered_mp/25968-Ph_golgi/merged_25968-Ph_golgi_c03.tif,s3://morphology_profiles/filtered_mp/25968-Mito/merged_25968-Mito_c03.tif
O=c1ccc2ccccc2o1,25968,D7,s3://morphology_profiles/filtered_mp/25968-Hoechst/merged_25968-Hoechst_d07.tif,s3://morphology_profiles/filtered_mp/25968-ERSyto/merged_25968-ERSyto_d07.tif,s3://morphology_profiles/filtered_mp/25968-ERSytoBleed/merged_25968-ERSytoBleed_d07.tif,s3://morphology_profiles/filtered_mp/25968-Ph_golgi/merged_25968-Ph_golgi_d07.tif,s3://morphology_profiles/filtered_mp/25968-Mito/merged_25968-Mito_d07.tif
CC(=O)OCC(=O)[C@H]1CC[C@H]2[C@@H]3CCC4=CC(=O)CC[C@]4(C)[C@H]3CC[C@]12C,25968,D21,s3://morphology_profiles/filtered_mp/25968-Hoechst/merged_25968-Hoechst_d21.tif,s3://morphology_profiles/filtered_mp/25968-ERSyto/merged_25968-ERSyto_d21.tif,s3://morphology_profiles/filtered_mp/25968-ERSytoBleed/merged_25968-ERSytoBleed_d21.tif,s3://morphology_profiles/filtered_mp/25968-Ph_golgi/merged_25968-Ph_golgi_d21.tif,s3://morphology_profiles/filtered_mp/25968-Mito/merged_25968-Mito_d21.tif
CCCCC[C@H](O)/C=C/[C@H]1[C@H](O)CC(=O)[C@@H]1C/C=C\CCCC(=O)O,25968,F4,s3://morphology_profiles/filtered_mp/25968-Hoechst/merged_25968-Hoechst_f04.tif,s3://morphology_profiles/filtered_mp/25968-ERSyto/merged_25968-ERSyto_f04.tif,s3://morphology_profiles/filtered_mp/25968-ERSytoBleed/merged_25968-ERSytoBleed_f04.tif,s3://morphology_profiles/filtered_mp/25968-Ph_golgi/merged_25968-Ph_golgi_f04.tif,s3://morphology_profiles/filtered_mp/25968-Mito/merged_25968-Mito_f04.tif
CC(C)NC(=N)NC(=N)Nc1ccc(Cl)cc1,25968,G15,s3://morphology_profiles/filtered_mp/25968-Hoechst/merged_25968-Hoechst_g15.tif,s3://morphology_profiles/filtered_mp/25968-ERSyto/merged_25968-ERSyto_g15.tif,s3://morphology_profiles/filtered_mp/25968-ERSytoBleed/merged_25968-ERSytoBleed_g15.tif,s3://morphology_profiles/filtered_mp/25968-Ph_golgi/merged_25968-Ph_golgi_g15.tif,s3://morphology_profiles/filtered_mp/25968-Mito/merged_25968-Mito_g15.tif
CCC(O)=NCC[C@@H]1CCc2ccc3c(c21)CCO3,25968,H5,s3://morphology_profiles/filtered_mp/25968-Hoechst/merged_25968-Hoechst_h05.tif,s3://morphology_profiles/filtered_mp/25968-ERSyto/merged_25968-ERSyto_h05.tif,s3://morphology_profiles/filtered_mp/25968-ERSytoBleed/merged_25968-ERSytoBleed_h05.tif,s3://morphology_profiles/filtered_mp/25968-Ph_golgi/merged_25968-Ph_golgi_h05.tif,s3://morphology_profiles/filtered_mp/25968-Mito/merged_25968-Mito_h05.tif
C#C[C@]1(O)CC[C@H]2[C@@H]3CCc4cc(OC)ccc4[C@H]3CC[C@@]21C,25968,J11,s3://morphology_profiles/filtered_mp/25968-Hoechst/merged_25968-Hoechst_j11.tif,s3://morphology_profiles/filtered_mp/25968-ERSyto/merged_25968-ERSyto_j11.tif,s3://morphology_profiles/filtered_mp/25968-ERSytoBleed/merged_25968-ERSytoBleed_j11.tif,s3://morphology_profiles/filtered_mp/25968-Ph_golgi/merged_25968-Ph_golgi_j11.tif,s3://morphology_profiles/filtered_mp/25968-Mito/merged_25968-Mito_j11.tif
Cc1ccc(S(=O)(=O)NC(O)=NN2CCCCCC2)cc1,25968,J15,s3://morphology_profiles/filtered_mp/25968-Hoechst/merged_25968-Hoechst_j15.tif,s3://morphology_profiles/filtered_mp/25968-ERSyto/merged_25968-ERSyto_j15.tif,s3://morphology_profiles/filtered_mp/25968-ERSytoBleed/merged_25968-ERSytoBleed_j15.tif,s3://morphology_profiles/filtered_mp/25968-Ph_golgi/merged_25968-Ph_golgi_j15.tif,s3://morphology_profiles/filtered_mp/25968-Mito/merged_25968-Mito_j15.tif
CCc1cc(C(=N)S)ccn1,25968,L3,s3://morphology_profiles/filtered_mp/25968-Hoechst/merged_25968-Hoechst_l03.tif,s3://morphology_profiles/filtered_mp/25968-ERSyto/merged_25968-ERSyto_l03.tif,s3://morphology_profiles/filtered_mp/25968-ERSytoBleed/merged_25968-ERSytoBleed_l03.tif,s3://morphology_profiles/filtered_mp/25968-Ph_golgi/merged_25968-Ph_golgi_l03.tif,s3://morphology_profiles/filtered_mp/25968-Mito/merged_25968-Mito_l03.tif
C[C@H]1C[C@@H]2[C@H]([C@@H](O)C[C@@]3(C)[C@H]2CC[C@]3(O)C(=O)CO)[C@@]2(C)C=CC(=O)C=C12,25968,M6,s3://morphology_profiles/filtered_mp/25968-Hoechst/merged_25968-Hoechst_m06.tif,s3://morphology_profiles/filtered_mp/25968-ERSyto/merged_25968-ERSyto_m06.tif,s3://morphology_profiles/filtered_mp/25968-ERSytoBleed/merged_25968-ERSytoBleed_m06.tif,s3://morphology_profiles/filtered_mp/25968-Ph_golgi/merged_25968-Ph_golgi_m06.tif,s3://morphology_profiles/filtered_mp/25968-Mito/merged_25968-Mito_m06.tif
CC1=NN(c2ccccc2)C(=O)C1,25968,M8,s3://morphology_profiles/filtered_mp/25968-Hoechst/merged_25968-Hoechst_m08.tif,s3://morphology_profiles/filtered_mp/25968-ERSyto/merged_25968-ERSyto_m08.tif,s3://morphology_profiles/filtered_mp/25968-ERSytoBleed/merged_25968-ERSytoBleed_m08.tif,s3://morphology_profiles/filtered_mp/25968-Ph_golgi/merged_25968-Ph_golgi_m08.tif,s3://morphology_profiles/filtered_mp/25968-Mito/merged_25968-Mito_m08.tif
COC(=O)[C@@H]1[C@H]2C[C@H]3c4[nH]c5ccccc5c4CCN3C[C@@H]2CC[C@@H]1O,25968,M12,s3://morphology_profiles/filtered_mp/25968-Hoechst/merged_25968-Hoechst_m12.tif,s3://morphology_profiles/filtered_mp/25968-ERSyto/merged_25968-ERSyto_m12.tif,s3://morphology_profiles/filtered_mp/25968-ERSytoBleed/merged_25968-ERSytoBleed_m12.tif,s3://morphology_profiles/filtered_mp/25968-Ph_golgi/merged_25968-Ph_golgi_m12.tif,s3://morphology_profiles/filtered_mp/25968-Mito/merged_25968-Mito_m12.tif
CCC1(CC)C(=O)C=CN=C1O,25968,M24,s3://morphology_profiles/filtered_mp/25968-Hoechst/merged_25968-Hoechst_m24.tif,s3://morphology_profiles/filtered_mp/25968-ERSyto/merged_25968-ERSyto_m24.tif,s3://morphology_profiles/filtered_mp/25968-ERSytoBleed/merged_25968-ERSytoBleed_m24.tif,s3://morphology_profiles/filtered_mp/25968-Ph_golgi/merged_25968-Ph_golgi_m24.tif,s3://morphology_profiles/filtered_mp/25968-Mito/merged_25968-Mito_m24.tif
COc1ccc(Cl)cc1C(O)=NCCc1ccc(S(=O)(=O)NC(O)=NC2CCCCC2)cc1,25968,N15,s3://morphology_profiles/filtered_mp/25968-Hoechst/merged_25968-Hoechst_n15.tif,s3://morphology_profiles/filtered_mp/25968-ERSyto/merged_25968-ERSyto_n15.tif,s3://morphology_profiles/filtered_mp/25968-ERSytoBleed/merged_25968-ERSytoBleed_n15.tif,s3://morphology_profiles/filtered_mp/25968-Ph_golgi/merged_25968-Ph_golgi_n15.tif,s3://morphology_profiles/filtered_mp/25968-Mito/merged_25968-Mito_n15.tif
NCc1ccccc1CC(O)=N[C@@H]1C(=O)N2C(C(=O)O)=C(CSc3nnnn3CC(=O)O)CS[C@H]12,25968,O9,s3://morphology_profiles/filtered_mp/25968-Hoechst/merged_25968-Hoechst_o09.tif,s3://morphology_profiles/filtered_mp/25968-ERSyto/merged_25968-ERSyto_o09.tif,s3://morphology_profiles/filtered_mp/25968-ERSytoBleed/merged_25968-ERSytoBleed_o09.tif,s3://morphology_profiles/filtered_mp/25968-Ph_golgi/merged_25968-Ph_golgi_o09.tif,s3://morphology_profiles/filtered_mp/25968-Mito/merged_25968-Mito_o09.tif
CCCCNc1cc(C(=O)O)cc(S(N)(=O)=O)c1Oc1ccccc1,25968,O17,s3://morphology_profiles/filtered_mp/25968-Hoechst/merged_25968-Hoechst_o17.tif,s3://morphology_profiles/filtered_mp/25968-ERSyto/merged_25968-ERSyto_o17.tif,s3://morphology_profiles/filtered_mp/25968-ERSytoBleed/merged_25968-ERSytoBleed_o17.tif,s3://morphology_profiles/filtered_mp/25968-Ph_golgi/merged_25968-Ph_golgi_o17.tif,s3://morphology_profiles/filtered_mp/25968-Mito/merged_25968-Mito_o17.tif
CCOc1ccc(N=C(C)O)cc1,25968,O20,s3://morphology_profiles/filtered_mp/25968-Hoechst/merged_25968-Hoechst_o20.tif,s3://morphology_profiles/filtered_mp/25968-ERSyto/merged_25968-ERSyto_o20.tif,s3://morphology_profiles/filtered_mp/25968-ERSytoBleed/merged_25968-ERSytoBleed_o20.tif,s3://morphology_profiles/filtered_mp/25968-Ph_golgi/merged_25968-Ph_golgi_o20.tif,s3://morphology_profiles/filtered_mp/25968-Mito/merged_25968-Mito_o20.tif
C[C@@H]1C[C@H]2[C@@H]3CCC4=CC(=O)C=C[C@]4(C)[C@@]3(F)[C@@H](O)C[C@]2(C)[C@@]1(O)C(=O)CO,25968,P3,s3://morphology_profiles/filtered_mp/25968-Hoechst/merged_25968-Hoechst_p03.tif,s3://morphology_profiles/filtered_mp/25968-ERSyto/merged_25968-ERSyto_p03.tif,s3://morphology_profiles/filtered_mp/25968-ERSytoBleed/merged_25968-ERSytoBleed_p03.tif,s3://morphology_profiles/filtered_mp/25968-Ph_golgi/merged_25968-Ph_golgi_p03.tif,s3://morphology_profiles/filtered_mp/25968-Mito/merged_25968-Mito_p03.tif
COc1ccc([C@@H]2CC(=O)c3c(O)cc(O[C@@H]4O[C@H](CO[C@@H]5O[C@@H](C)[C@H](O)[C@@H](O)[C@H]5O)[C@@H](O)[C@H](O)[C@H]4O)cc3O2)cc1O,25968,P4,s3://morphology_profiles/filtered_mp/25968-Hoechst/merged_25968-Hoechst_p04.tif,s3://morphology_profiles/filtered_mp/25968-ERSyto/merged_25968-ERSyto_p04.tif,s3://morphology_profiles/filtered_mp/25968-ERSytoBleed/merged_25968-ERSytoBleed_p04.tif,s3://morphology_profiles/filtered_mp/25968-Ph_golgi/merged_25968-Ph_golgi_p04.tif,s3://morphology_profiles/filtered_mp/25968-Mito/merged_25968-Mito_p04.tif
C[C@H]1C[C@H]2[C@@H]3CCC4=CC(=O)C=C[C@]4(C)[C@@]3(F)[C@@H](O)C[C@]2(C)[C@@]1(O)C(=O)CO,25968,P8,s3://morphology_profiles/filtered_mp/25968-Hoechst/merged_25968-Hoechst_p08.tif,s3://morphology_profiles/filtered_mp/25968-ERSyto/merged_25968-ERSyto_p08.tif,s3://morphology_profiles/filtered_mp/25968-ERSytoBleed/merged_25968-ERSytoBleed_p08.tif,s3://morphology_profiles/filtered_mp/25968-Ph_golgi/merged_25968-Ph_golgi_p08.tif,s3://morphology_profiles/filtered_mp/25968-Mito/merged_25968-Mito_p08.tif
C[C@]12CC[C@@H]3c4ccc(O)cc4CC[C@H]3[C@@H]1CC[C@@H]2O,25983,A16,s3://morphology_profiles/filtered_mp/25983-Hoechst/merged_25983-Hoechst_a16.tif,s3://morphology_profiles/filtered_mp/25983-ERSyto/merged_25983-ERSyto_a16.tif,s3://morphology_profiles/filtered_mp/25983-ERSytoBleed/merged_25983-ERSytoBleed_a16.tif,s3://morphology_profiles/filtered_mp/25983-Ph_golgi/merged_25983-Ph_golgi_a16.tif,s3://morphology_profiles/filtered_mp/25983-Mito/merged_25983-Mito_a16.tif
N=c1[nH]c2ccc(OC(F)(F)F)cc2s1,25983,B19,s3://morphology_profiles/filtered_mp/25983-Hoechst/merged_25983-Hoechst_b19.tif,s3://morphology_profiles/filtered_mp/25983-ERSyto/merged_25983-ERSyto_b19.tif,s3://morphology_profiles/filtered_mp/25983-ERSytoBleed/merged_25983-ERSytoBleed_b19.tif,s3://morphology_profiles/filtered_mp/25983-Ph_golgi/merged_25983-Ph_golgi_b19.tif,s3://morphology_profiles/filtered_mp/25983-Mito/merged_25983-Mito_b19.tif
CS(=O)(=O)c1ccc(C2=C(c3ccccc3)C(=O)OC2)cc1,25983,C3,s3://morphology_profiles/filtered_mp/25983-Hoechst/merged_25983-Hoechst_c03.tif,s3://morphology_profiles/filtered_mp/25983-ERSyto/merged_25983-ERSyto_c03.tif,s3://morphology_profiles/filtered_mp/25983-ERSytoBleed/merged_25983-ERSytoBleed_c03.tif,s3://morphology_profiles/filtered_mp/25983-Ph_golgi/merged_25983-Ph_golgi_c03.tif,s3://morphology_profiles/filtered_mp/25983-Mito/merged_25983-Mito_c03.tif
O=c1ccc2ccccc2o1,25983,D7,s3://morphology_profiles/filtered_mp/25983-Hoechst/merged_25983-Hoechst_d07.tif,s3://morphology_profiles/filtered_mp/25983-ERSyto/merged_25983-ERSyto_d07.tif,s3://morphology_profiles/filtered_mp/25983-ERSytoBleed/merged_25983-ERSytoBleed_d07.tif,s3://morphology_profiles/filtered_mp/25983-Ph_golgi/merged_25983-Ph_golgi_d07.tif,s3://morphology_profiles/filtered_mp/25983-Mito/merged_25983-Mito_d07.tif
CC(=O)OCC(=O)[C@H]1CC[C@H]2[C@@H]3CCC4=CC(=O)CC[C@]4(C)[C@H]3CC[C@]12C,25983,D21,s3://morphology_profiles/filtered_mp/25983-Hoechst/merged_25983-Hoechst_d21.tif,s3://morphology_profiles/filtered_mp/25983-ERSyto/merged_25983-ERSyto_d21.tif,s3://morphology_profiles/filtered_mp/25983-ERSytoBleed/merged_25983-ERSytoBleed_d21.tif,s3://morphology_profiles/filtered_mp/25983-Ph_golgi/merged_25983-Ph_golgi_d21.tif,s3://morphology_profiles/filtered_mp/25983-Mito/merged_25983-Mito_d21.tif
CCCCC[C@H](O)/C=C/[C@H]1[C@H](O)CC(=O)[C@@H]1C/C=C\CCCC(=O)O,25983,F4,s3://morphology_profiles/filtered_mp/25983-Hoechst/merged_25983-Hoechst_f04.tif,s3://morphology_profiles/filtered_mp/25983-ERSyto/merged_25983-ERSyto_f04.tif,s3://morphology_profiles/filtered_mp/25983-ERSytoBleed/merged_25983-ERSytoBleed_f04.tif,s3://morphology_profiles/filtered_mp/25983-Ph_golgi/merged_25983-Ph_golgi_f04.tif,s3://morphology_profiles/filtered_mp/25983-Mito/merged_25983-Mito_f04.tif
CC(C)NC(=N)NC(=N)Nc1ccc(Cl)cc1,25983,G15,s3://morphology_profiles/filtered_mp/25983-Hoechst/merged_25983-Hoechst_g15.tif,s3://morphology_profiles/filtered_mp/25983-ERSyto/merged_25983-ERSyto_g15.tif,s3://morphology_profiles/filtered_mp/25983-ERSytoBleed/merged_25983-ERSytoBleed_g15.tif,s3://morphology_profiles/filtered_mp/25983-Ph_golgi/merged_25983-Ph_golgi_g15.tif,s3://morphology_profiles/filtered_mp/25983-Mito/merged_25983-Mito_g15.tif
CCC(O)=NCC[C@@H]1CCc2ccc3c(c21)CCO3,25983,H5,s3://morphology_profiles/filtered_mp/25983-Hoechst/merged_25983-Hoechst_h05.tif,s3://morphology_profiles/filtered_mp/25983-ERSyto/merged_25983-ERSyto_h05.tif,s3://morphology_profiles/filtered_mp/25983-ERSytoBleed/merged_25983-ERSytoBleed_h05.tif,s3://morphology_profiles/filtered_mp/25983-Ph_golgi/merged_25983-Ph_golgi_h05.tif,s3://morphology_profiles/filtered_mp/25983-Mito/merged_25983-Mito_h05.tif
C#C[C@]1(O)CC[C@H]2[C@@H]3CCc4cc(OC)ccc4[C@H]3CC[C@@]21C,25983,J11,s3://morphology_profiles/filtered_mp/25983-Hoechst/merged_25983-Hoechst_j11.tif,s3://morphology_profiles/filtered_mp/25983-ERSyto/merged_25983-ERSyto_j11.tif,s3://morphology_profiles/filtered_mp/25983-ERSytoBleed/merged_25983-ERSytoBleed_j11.tif,s3://morphology_profiles/filtered_mp/25983-Ph_golgi/merged_25983-Ph_golgi_j11.tif,s3://morphology_profiles/filtered_mp/25983-Mito/merged_25983-Mito_j11.tif
Cc1ccc(S(=O)(=O)NC(O)=NN2CCCCCC2)cc1,25983,J15,s3://morphology_profiles/filtered_mp/25983-Hoechst/merged_25983-Hoechst_j15.tif,s3://morphology_profiles/filtered_mp/25983-ERSyto/merged_25983-ERSyto_j15.tif,s3://morphology_profiles/filtered_mp/25983-ERSytoBleed/merged_25983-ERSytoBleed_j15.tif,s3://morphology_profiles/filtered_mp/25983-Ph_golgi/merged_25983-Ph_golgi_j15.tif,s3://morphology_profiles/filtered_mp/25983-Mito/merged_25983-Mito_j15.tif
CCc1cc(C(=N)S)ccn1,25983,L3,s3://morphology_profiles/filtered_mp/25983-Hoechst/merged_25983-Hoechst_l03.tif,s3://morphology_profiles/filtered_mp/25983-ERSyto/merged_25983-ERSyto_l03.tif,s3://morphology_profiles/filtered_mp/25983-ERSytoBleed/merged_25983-ERSytoBleed_l03.tif,s3://morphology_profiles/filtered_mp/25983-Ph_golgi/merged_25983-Ph_golgi_l03.tif,s3://morphology_profiles/filtered_mp/25983-Mito/merged_25983-Mito_l03.tif
C[C@H]1C[C@@H]2[C@H]([C@@H](O)C[C@@]3(C)[C@H]2CC[C@]3(O)C(=O)CO)[C@@]2(C)C=CC(=O)C=C12,25983,M6,s3://morphology_profiles/filtered_mp/25983-Hoechst/merged_25983-Hoechst_m06.tif,s3://morphology_profiles/filtered_mp/25983-ERSyto/merged_25983-ERSyto_m06.tif,s3://morphology_profiles/filtered_mp/25983-ERSytoBleed/merged_25983-ERSytoBleed_m06.tif,s3://morphology_profiles/filtered_mp/25983-Ph_golgi/merged_25983-Ph_golgi_m06.tif,s3://morphology_profiles/filtered_mp/25983-Mito/merged_25983-Mito_m06.tif
CC1=NN(c2ccccc2)C(=O)C1,25983,M8,s3://morphology_profiles/filtered_mp/25983-Hoechst/merged_25983-Hoechst_m08.tif,s3://morphology_profiles/filtered_mp/25983-ERSyto/merged_25983-ERSyto_m08.tif,s3://morphology_profiles/filtered_mp/25983-ERSytoBleed/merged_25983-ERSytoBleed_m08.tif,s3://morphology_profiles/filtered_mp/25983-Ph_golgi/merged_25983-Ph_golgi_m08.tif,s3://morphology_profiles/filtered_mp/25983-Mito/merged_25983-Mito_m08.tif
COC(=O)[C@@H]1[C@H]2C[C@H]3c4[nH]c5ccccc5c4CCN3C[C@@H]2CC[C@@H]1O,25983,M12,s3://morphology_profiles/filtered_mp/25983-Hoechst/merged_25983-Hoechst_m12.tif,s3://morphology_profiles/filtered_mp/25983-ERSyto/merged_25983-ERSyto_m12.tif,s3://morphology_profiles/filtered_mp/25983-ERSytoBleed/merged_25983-ERSytoBleed_m12.tif,s3://morphology_profiles/filtered_mp/25983-Ph_golgi/merged_25983-Ph_golgi_m12.tif,s3://morphology_profiles/filtered_mp/25983-Mito/merged_25983-Mito_m12.tif
CCC1(CC)C(=O)C=CN=C1O,25983,M24,s3://morphology_profiles/filtered_mp/25983-Hoechst/merged_25983-Hoechst_m24.tif,s3://morphology_profiles/filtered_mp/25983-ERSyto/merged_25983-ERSyto_m24.tif,s3://morphology_profiles/filtered_mp/25983-ERSytoBleed/merged_25983-ERSytoBleed_m24.tif,s3://morphology_profiles/filtered_mp/25983-Ph_golgi/merged_25983-Ph_golgi_m24.tif,s3://morphology_profiles/filtered_mp/25983-Mito/merged_25983-Mito_m24.tif
COc1ccc(Cl)cc1C(O)=NCCc1ccc(S(=O)(=O)NC(O)=NC2CCCCC2)cc1,25983,N15,s3://morphology_profiles/filtered_mp/25983-Hoechst/merged_25983-Hoechst_n15.tif,s3://morphology_profiles/filtered_mp/25983-ERSyto/merged_25983-ERSyto_n15.tif,s3://morphology_profiles/filtered_mp/25983-ERSytoBleed/merged_25983-ERSytoBleed_n15.tif,s3://morphology_profiles/filtered_mp/25983-Ph_golgi/merged_25983-Ph_golgi_n15.tif,s3://morphology_profiles/filtered_mp/25983-Mito/merged_25983-Mito_n15.tif
NCc1ccccc1CC(O)=N[C@@H]1C(=O)N2C(C(=O)O)=C(CSc3nnnn3CC(=O)O)CS[C@H]12,25983,O9,s3://morphology_profiles/filtered_mp/25983-Hoechst/merged_25983-Hoechst_o09.tif,s3://morphology_profiles/filtered_mp/25983-ERSyto/merged_25983-ERSyto_o09.tif,s3://morphology_profiles/filtered_mp/25983-ERSytoBleed/merged_25983-ERSytoBleed_o09.tif,s3://morphology_profiles/filtered_mp/25983-Ph_golgi/merged_25983-Ph_golgi_o09.tif,s3://morphology_profiles/filtered_mp/25983-Mito/merged_25983-Mito_o09.tif
CCCCNc1cc(C(=O)O)cc(S(N)(=O)=O)c1Oc1ccccc1,25983,O17,s3://morphology_profiles/filtered_mp/25983-Hoechst/merged_25983-Hoechst_o17.tif,s3://morphology_profiles/filtered_mp/25983-ERSyto/merged_25983-ERSyto_o17.tif,s3://morphology_profiles/filtered_mp/25983-ERSytoBleed/merged_25983-ERSytoBleed_o17.tif,s3://morphology_profiles/filtered_mp/25983-Ph_golgi/merged_25983-Ph_golgi_o17.tif,s3://morphology_profiles/filtered_mp/25983-Mito/merged_25983-Mito_o17.tif
CCOc1ccc(N=C(C)O)cc1,25983,O20,s3://morphology_profiles/filtered_mp/25983-Hoechst/merged_25983-Hoechst_o20.tif,s3://morphology_profiles/filtered_mp/25983-ERSyto/merged_25983-ERSyto_o20.tif,s3://morphology_profiles/filtered_mp/25983-ERSytoBleed/merged_25983-ERSytoBleed_o20.tif,s3://morphology_profiles/filtered_mp/25983-Ph_golgi/merged_25983-Ph_golgi_o20.tif,s3://morphology_profiles/filtered_mp/25983-Mito/merged_25983-Mito_o20.tif
C[C@@H]1C[C@H]2[C@@H]3CCC4=CC(=O)C=C[C@]4(C)[C@@]3(F)[C@@H](O)C[C@]2(C)[C@@]1(O)C(=O)CO,25983,P3,s3://morphology_profiles/filtered_mp/25983-Hoechst/merged_25983-Hoechst_p03.tif,s3://morphology_profiles/filtered_mp/25983-ERSyto/merged_25983-ERSyto_p03.tif,s3://morphology_profiles/filtered_mp/25983-ERSytoBleed/merged_25983-ERSytoBleed_p03.tif,s3://morphology_profiles/filtered_mp/25983-Ph_golgi/merged_25983-Ph_golgi_p03.tif,s3://morphology_profiles/filtered_mp/25983-Mito/merged_25983-Mito_p03.tif
COc1ccc([C@@H]2CC(=O)c3c(O)cc(O[C@@H]4O[C@H](CO[C@@H]5O[C@@H](C)[C@H](O)[C@@H](O)[C@H]5O)[C@@H](O)[C@H](O)[C@H]4O)cc3O2)cc1O,25983,P4,s3://morphology_profiles/filtered_mp/25983-Hoechst/merged_25983-Hoechst_p04.tif,s3://morphology_profiles/filtered_mp/25983-ERSyto/merged_25983-ERSyto_p04.tif,s3://morphology_profiles/filtered_mp/25983-ERSytoBleed/merged_25983-ERSytoBleed_p04.tif,s3://morphology_profiles/filtered_mp/25983-Ph_golgi/merged_25983-Ph_golgi_p04.tif,s3://morphology_profiles/filtered_mp/25983-Mito/merged_25983-Mito_p04.tif
C[C@H]1C[C@H]2[C@@H]3CCC4=CC(=O)C=C[C@]4(C)[C@@]3(F)[C@@H](O)C[C@]2(C)[C@@]1(O)C(=O)CO,25983,P8,s3://morphology_profiles/filtered_mp/25983-Hoechst/merged_25983-Hoechst_p08.tif,s3://morphology_profiles/filtered_mp/25983-ERSyto/merged_25983-ERSyto_p08.tif,s3://morphology_profiles/filtered_mp/25983-ERSytoBleed/merged_25983-ERSytoBleed_p08.tif,s3://morphology_profiles/filtered_mp/25983-Ph_golgi/merged_25983-Ph_golgi_p08.tif,s3://morphology_profiles/filtered_mp/25983-Mito/merged_25983-Mito_p08.tif
C[C@]12CC[C@@H]3c4ccc(O)cc4CC[C@H]3[C@@H]1CC[C@@H]2O,25984,A16,s3://morphology_profiles/filtered_mp/25984-Hoechst/merged_25984-Hoechst_a16.tif,s3://morphology_profiles/filtered_mp/25984-ERSyto/merged_25984-ERSyto_a16.tif,s3://morphology_profiles/filtered_mp/25984-ERSytoBleed/merged_25984-ERSytoBleed_a16.tif,s3://morphology_profiles/filtered_mp/25984-Ph_golgi/merged_25984-Ph_golgi_a16.tif,s3://morphology_profiles/filtered_mp/25984-Mito/merged_25984-Mito_a16.tif
N=c1[nH]c2ccc(OC(F)(F)F)cc2s1,25984,B19,s3://morphology_profiles/filtered_mp/25984-Hoechst/merged_25984-Hoechst_b19.tif,s3://morphology_profiles/filtered_mp/25984-ERSyto/merged_25984-ERSyto_b19.tif,s3://morphology_profiles/filtered_mp/25984-ERSytoBleed/merged_25984-ERSytoBleed_b19.tif,s3://morphology_profiles/filtered_mp/25984-Ph_golgi/merged_25984-Ph_golgi_b19.tif,s3://morphology_profiles/filtered_mp/25984-Mito/merged_25984-Mito_b19.tif
CS(=O)(=O)c1ccc(C2=C(c3ccccc3)C(=O)OC2)cc1,25984,C3,s3://morphology_profiles/filtered_mp/25984-Hoechst/merged_25984-Hoechst_c03.tif,s3://morphology_profiles/filtered_mp/25984-ERSyto/merged_25984-ERSyto_c03.tif,s3://morphology_profiles/filtered_mp/25984-ERSytoBleed/merged_25984-ERSytoBleed_c03.tif,s3://morphology_profiles/filtered_mp/25984-Ph_golgi/merged_25984-Ph_golgi_c03.tif,s3://morphology_profiles/filtered_mp/25984-Mito/merged_25984-Mito_c03.tif
O=c1ccc2ccccc2o1,25984,D7,s3://morphology_profiles/filtered_mp/25984-Hoechst/merged_25984-Hoechst_d07.tif,s3://morphology_profiles/filtered_mp/25984-ERSyto/merged_25984-ERSyto_d07.tif,s3://morphology_profiles/filtered_mp/25984-ERSytoBleed/merged_25984-ERSytoBleed_d07.tif,s3://morphology_profiles/filtered_mp/25984-Ph_golgi/merged_25984-Ph_golgi_d07.tif,s3://morphology_profiles/filtered_mp/25984-Mito/merged_25984-Mito_d07.tif
CC(=O)OCC(=O)[C@H]1CC[C@H]2[C@@H]3CCC4=CC(=O)CC[C@]4(C)[C@H]3CC[C@]12C,25984,D21,s3://morphology_profiles/filtered_mp/25984-Hoechst/merged_25984-Hoechst_d21.tif,s3://morphology_profiles/filtered_mp/25984-ERSyto/merged_25984-ERSyto_d21.tif,s3://morphology_profiles/filtered_mp/25984-ERSytoBleed/merged_25984-ERSytoBleed_d21.tif,s3://morphology_profiles/filtered_mp/25984-Ph_golgi/merged_25984-Ph_golgi_d21.tif,s3://morphology_profiles/filtered_mp/25984-Mito/merged_25984-Mito_d21.tif
CCCCC[C@H](O)/C=C/[C@H]1[C@H](O)CC(=O)[C@@H]1C/C=C\CCCC(=O)O,25984,F4,s3://morphology_profiles/filtered_mp/25984-Hoechst/merged_25984-Hoechst_f04.tif,s3://morphology_profiles/filtered_mp/25984-ERSyto/merged_25984-ERSyto_f04.tif,s3://morphology_profiles/filtered_mp/25984-ERSytoBleed/merged_25984-ERSytoBleed_f04.tif,s3://morphology_profiles/filtered_mp/25984-Ph_golgi/merged_25984-Ph_golgi_f04.tif,s3://morphology_profiles/filtered_mp/25984-Mito/merged_25984-Mito_f04.tif
CC(C)NC(=N)NC(=N)Nc1ccc(Cl)cc1,25984,G15,s3://morphology_profiles/filtered_mp/25984-Hoechst/merged_25984-Hoechst_g15.tif,s3://morphology_profiles/filtered_mp/25984-ERSyto/merged_25984-ERSyto_g15.tif,s3://morphology_profiles/filtered_mp/25984-ERSytoBleed/merged_25984-ERSytoBleed_g15.tif,s3://morphology_profiles/filtered_mp/25984-Ph_golgi/merged_25984-Ph_golgi_g15.tif,s3://morphology_profiles/filtered_mp/25984-Mito/merged_25984-Mito_g15.tif
CCC(O)=NCC[C@@H]1CCc2ccc3c(c21)CCO3,25984,H5,s3://morphology_profiles/filtered_mp/25984-Hoechst/merged_25984-Hoechst_h05.tif,s3://morphology_profiles/filtered_mp/25984-ERSyto/merged_25984-ERSyto_h05.tif,s3://morphology_profiles/filtered_mp/25984-ERSytoBleed/merged_25984-ERSytoBleed_h05.tif,s3://morphology_profiles/filtered_mp/25984-Ph_golgi/merged_25984-Ph_golgi_h05.tif,s3://morphology_profiles/filtered_mp/25984-Mito/merged_25984-Mito_h05.tif
C#C[C@]1(O)CC[C@H]2[C@@H]3CCc4cc(OC)ccc4[C@H]3CC[C@@]21C,25984,J11,s3://morphology_profiles/filtered_mp/25984-Hoechst/merged_25984-Hoechst_j11.tif,s3://morphology_profiles/filtered_mp/25984-ERSyto/merged_25984-ERSyto_j11.tif,s3://morphology_profiles/filtered_mp/25984-ERSytoBleed/merged_25984-ERSytoBleed_j11.tif,s3://morphology_profiles/filtered_mp/25984-Ph_golgi/merged_25984-Ph_golgi_j11.tif,s3://morphology_profiles/filtered_mp/25984-Mito/merged_25984-Mito_j11.tif
Cc1ccc(S(=O)(=O)NC(O)=NN2CCCCCC2)cc1,25984,J15,s3://morphology_profiles/filtered_mp/25984-Hoechst/merged_25984-Hoechst_j15.tif,s3://morphology_profiles/filtered_mp/25984-ERSyto/merged_25984-ERSyto_j15.tif,s3://morphology_profiles/filtered_mp/25984-ERSytoBleed/merged_25984-ERSytoBleed_j15.tif,s3://morphology_profiles/filtered_mp/25984-Ph_golgi/merged_25984-Ph_golgi_j15.tif,s3://morphology_profiles/filtered_mp/25984-Mito/merged_25984-Mito_j15.tif
CCc1cc(C(=N)S)ccn1,25984,L3,s3://morphology_profiles/filtered_mp/25984-Hoechst/merged_25984-Hoechst_l03.tif,s3://morphology_profiles/filtered_mp/25984-ERSyto/merged_25984-ERSyto_l03.tif,s3://morphology_profiles/filtered_mp/25984-ERSytoBleed/merged_25984-ERSytoBleed_l03.tif,s3://morphology_profiles/filtered_mp/25984-Ph_golgi/merged_25984-Ph_golgi_l03.tif,s3://morphology_profiles/filtered_mp/25984-Mito/merged_25984-Mito_l03.tif
C[C@H]1C[C@@H]2[C@H]([C@@H](O)C[C@@]3(C)[C@H]2CC[C@]3(O)C(=O)CO)[C@@]2(C)C=CC(=O)C=C12,25984,M6,s3://morphology_profiles/filtered_mp/25984-Hoechst/merged_25984-Hoechst_m06.tif,s3://morphology_profiles/filtered_mp/25984-ERSyto/merged_25984-ERSyto_m06.tif,s3://morphology_profiles/filtered_mp/25984-ERSytoBleed/merged_25984-ERSytoBleed_m06.tif,s3://morphology_profiles/filtered_mp/25984-Ph_golgi/merged_25984-Ph_golgi_m06.tif,s3://morphology_profiles/filtered_mp/25984-Mito/merged_25984-Mito_m06.tif
CC1=NN(c2ccccc2)C(=O)C1,25984,M8,s3://morphology_profiles/filtered_mp/25984-Hoechst/merged_25984-Hoechst_m08.tif,s3://morphology_profiles/filtered_mp/25984-ERSyto/merged_25984-ERSyto_m08.tif,s3://morphology_profiles/filtered_mp/25984-ERSytoBleed/merged_25984-ERSytoBleed_m08.tif,s3://morphology_profiles/filtered_mp/25984-Ph_golgi/merged_25984-Ph_golgi_m08.tif,s3://morphology_profiles/filtered_mp/25984-Mito/merged_25984-Mito_m08.tif
COC(=O)[C@@H]1[C@H]2C[C@H]3c4[nH]c5ccccc5c4CCN3C[C@@H]2CC[C@@H]1O,25984,M12,s3://morphology_profiles/filtered_mp/25984-Hoechst/merged_25984-Hoechst_m12.tif,s3://morphology_profiles/filtered_mp/25984-ERSyto/merged_25984-ERSyto_m12.tif,s3://morphology_profiles/filtered_mp/25984-ERSytoBleed/merged_25984-ERSytoBleed_m12.tif,s3://morphology_profiles/filtered_mp/25984-Ph_golgi/merged_25984-Ph_golgi_m12.tif,s3://morphology_profiles/filtered_mp/25984-Mito/merged_25984-Mito_m12.tif
CCC1(CC)C(=O)C=CN=C1O,25984,M24,s3://morphology_profiles/filtered_mp/25984-Hoechst/merged_25984-Hoechst_m24.tif,s3://morphology_profiles/filtered_mp/25984-ERSyto/merged_25984-ERSyto_m24.tif,s3://morphology_profiles/filtered_mp/25984-ERSytoBleed/merged_25984-ERSytoBleed_m24.tif,s3://morphology_profiles/filtered_mp/25984-Ph_golgi/merged_25984-Ph_golgi_m24.tif,s3://morphology_profiles/filtered_mp/25984-Mito/merged_25984-Mito_m24.tif
COc1ccc(Cl)cc1C(O)=NCCc1ccc(S(=O)(=O)NC(O)=NC2CCCCC2)cc1,25984,N15,s3://morphology_profiles/filtered_mp/25984-Hoechst/merged_25984-Hoechst_n15.tif,s3://morphology_profiles/filtered_mp/25984-ERSyto/merged_25984-ERSyto_n15.tif,s3://morphology_profiles/filtered_mp/25984-ERSytoBleed/merged_25984-ERSytoBleed_n15.tif,s3://morphology_profiles/filtered_mp/25984-Ph_golgi/merged_25984-Ph_golgi_n15.tif,s3://morphology_profiles/filtered_mp/25984-Mito/merged_25984-Mito_n15.tif
NCc1ccccc1CC(O)=N[C@@H]1C(=O)N2C(C(=O)O)=C(CSc3nnnn3CC(=O)O)CS[C@H]12,25984,O9,s3://morphology_profiles/filtered_mp/25984-Hoechst/merged_25984-Hoechst_o09.tif,s3://morphology_profiles/filtered_mp/25984-ERSyto/merged_25984-ERSyto_o09.tif,s3://morphology_profiles/filtered_mp/25984-ERSytoBleed/merged_25984-ERSytoBleed_o09.tif,s3://morphology_profiles/filtered_mp/25984-Ph_golgi/merged_25984-Ph_golgi_o09.tif,s3://morphology_profiles/filtered_mp/25984-Mito/merged_25984-Mito_o09.tif
CCCCNc1cc(C(=O)O)cc(S(N)(=O)=O)c1Oc1ccccc1,25984,O17,s3://morphology_profiles/filtered_mp/25984-Hoechst/merged_25984-Hoechst_o17.tif,s3://morphology_profiles/filtered_mp/25984-ERSyto/merged_25984-ERSyto_o17.tif,s3://morphology_profiles/filtered_mp/25984-ERSytoBleed/merged_25984-ERSytoBleed_o17.tif,s3://morphology_profiles/filtered_mp/25984-Ph_golgi/merged_25984-Ph_golgi_o17.tif,s3://morphology_profiles/filtered_mp/25984-Mito/merged_25984-Mito_o17.tif
CCOc1ccc(N=C(C)O)cc1,25984,O20,s3://morphology_profiles/filtered_mp/25984-Hoechst/merged_25984-Hoechst_o20.tif,s3://morphology_profiles/filtered_mp/25984-ERSyto/merged_25984-ERSyto_o20.tif,s3://morphology_profiles/filtered_mp/25984-ERSytoBleed/merged_25984-ERSytoBleed_o20.tif,s3://morphology_profiles/filtered_mp/25984-Ph_golgi/merged_25984-Ph_golgi_o20.tif,s3://morphology_profiles/filtered_mp/25984-Mito/merged_25984-Mito_o20.tif
C[C@@H]1C[C@H]2[C@@H]3CCC4=CC(=O)C=C[C@]4(C)[C@@]3(F)[C@@H](O)C[C@]2(C)[C@@]1(O)C(=O)CO,25984,P3,s3://morphology_profiles/filtered_mp/25984-Hoechst/merged_25984-Hoechst_p03.tif,s3://morphology_profiles/filtered_mp/25984-ERSyto/merged_25984-ERSyto_p03.tif,s3://morphology_profiles/filtered_mp/25984-ERSytoBleed/merged_25984-ERSytoBleed_p03.tif,s3://morphology_profiles/filtered_mp/25984-Ph_golgi/merged_25984-Ph_golgi_p03.tif,s3://morphology_profiles/filtered_mp/25984-Mito/merged_25984-Mito_p03.tif
COc1ccc([C@@H]2CC(=O)c3c(O)cc(O[C@@H]4O[C@H](CO[C@@H]5O[C@@H](C)[C@H](O)[C@@H](O)[C@H]5O)[C@@H](O)[C@H](O)[C@H]4O)cc3O2)cc1O,25984,P4,s3://morphology_profiles/filtered_mp/25984-Hoechst/merged_25984-Hoechst_p04.tif,s3://morphology_profiles/filtered_mp/25984-ERSyto/merged_25984-ERSyto_p04.tif,s3://morphology_profiles/filtered_mp/25984-ERSytoBleed/merged_25984-ERSytoBleed_p04.tif,s3://morphology_profiles/filtered_mp/25984-Ph_golgi/merged_25984-Ph_golgi_p04.tif,s3://morphology_profiles/filtered_mp/25984-Mito/merged_25984-Mito_p04.tif
C[C@H]1C[C@H]2[C@@H]3CCC4=CC(=O)C=C[C@]4(C)[C@@]3(F)[C@@H](O)C[C@]2(C)[C@@]1(O)C(=O)CO,25984,P8,s3://morphology_profiles/filtered_mp/25984-Hoechst/merged_25984-Hoechst_p08.tif,s3://morphology_profiles/filtered_mp/25984-ERSyto/merged_25984-ERSyto_p08.tif,s3://morphology_profiles/filtered_mp/25984-ERSytoBleed/merged_25984-ERSytoBleed_p08.tif,s3://morphology_profiles/filtered_mp/25984-Ph_golgi/merged_25984-Ph_golgi_p08.tif,s3://morphology_profiles/filtered_mp/25984-Mito/merged_25984-Mito_p08.tif
N=C(O)N=C(O)Cc1ccccc1,25985,A4,s3://morphology_profiles/filtered_mp/25985-Hoechst/merged_25985-Hoechst_a04.tif,s3://morphology_profiles/filtered_mp/25985-ERSyto/merged_25985-ERSyto_a04.tif,s3://morphology_profiles/filtered_mp/25985-ERSytoBleed/merged_25985-ERSytoBleed_a04.tif,s3://morphology_profiles/filtered_mp/25985-Ph_golgi/merged_25985-Ph_golgi_a04.tif,s3://morphology_profiles/filtered_mp/25985-Mito/merged_25985-Mito_a04.tif
C[C@]12CCC(=O)C=C1CC[C@@H]1[C@@H]2C(=O)C[C@@]2(C)[C@H]1CC[C@]2(O)C(=O)CO,25985,C5,s3://morphology_profiles/filtered_mp/25985-Hoechst/merged_25985-Hoechst_c05.tif,s3://morphology_profiles/filtered_mp/25985-ERSyto/merged_25985-ERSyto_c05.tif,s3://morphology_profiles/filtered_mp/25985-ERSytoBleed/merged_25985-ERSytoBleed_c05.tif,s3://morphology_profiles/filtered_mp/25985-Ph_golgi/merged_25985-Ph_golgi_c05.tif,s3://morphology_profiles/filtered_mp/25985-Mito/merged_25985-Mito_c05.tif
CCCCC(=O)N(Cc1ccc(-c2ccccc2-c2nn[nH]n2)cc1)[C@H](C(=O)O)C(C)C,25985,D3,s3://morphology_profiles/filtered_mp/25985-Hoechst/merged_25985-Hoechst_d03.tif,s3://morphology_profiles/filtered_mp/25985-ERSyto/merged_25985-ERSyto_d03.tif,s3://morphology_profiles/filtered_mp/25985-ERSytoBleed/merged_25985-ERSytoBleed_d03.tif,s3://morphology_profiles/filtered_mp/25985-Ph_golgi/merged_25985-Ph_golgi_d03.tif,s3://morphology_profiles/filtered_mp/25985-Mito/merged_25985-Mito_d03.tif
Cc1cc(=O)n(-c2ccccc2)n1C,25985,E15,s3://morphology_profiles/filtered_mp/25985-Hoechst/merged_25985-Hoechst_e15.tif,s3://morphology_profiles/filtered_mp/25985-ERSyto/merged_25985-ERSyto_e15.tif,s3://morphology_profiles/filtered_mp/25985-ERSytoBleed/merged_25985-ERSytoBleed_e15.tif,s3://morphology_profiles/filtered_mp/25985-Ph_golgi/merged_25985-Ph_golgi_e15.tif,s3://morphology_profiles/filtered_mp/25985-Mito/merged_25985-Mito_e15.tif
CC/C=C\C/C=C\C/C=C\C/C=C\C/C=C\CCCC(=O)O,25985,E21,s3://morphology_profiles/filtered_mp/25985-Hoechst/merged_25985-Hoechst_e21.tif,s3://morphology_profiles/filtered_mp/25985-ERSyto/merged_25985-ERSyto_e21.tif,s3://morphology_profiles/filtered_mp/25985-ERSytoBleed/merged_25985-ERSytoBleed_e21.tif,s3://morphology_profiles/filtered_mp/25985-Ph_golgi/merged_25985-Ph_golgi_e21.tif,s3://morphology_profiles/filtered_mp/25985-Mito/merged_25985-Mito_e21.tif
CCCc1cc(O)nc(S)n1,25985,G5,s3://morphology_profiles/filtered_mp/25985-Hoechst/merged_25985-Hoechst_g05.tif,s3://morphology_profiles/filtered_mp/25985-ERSyto/merged_25985-ERSyto_g05.tif,s3://morphology_profiles/filtered_mp/25985-ERSytoBleed/merged_25985-ERSytoBleed_g05.tif,s3://morphology_profiles/filtered_mp/25985-Ph_golgi/merged_25985-Ph_golgi_g05.tif,s3://morphology_profiles/filtered_mp/25985-Mito/merged_25985-Mito_g05.tif
NS(=O)(=O)Cc1noc2ccccc12,25985,G7,s3://morphology_profiles/filtered_mp/25985-Hoechst/merged_25985-Hoechst_g07.tif,s3://morphology_profiles/filtered_mp/25985-ERSyto/merged_25985-ERSyto_g07.tif,s3://morphology_profiles/filtered_mp/25985-ERSytoBleed/merged_25985-ERSytoBleed_g07.tif,s3://morphology_profiles/filtered_mp/25985-Ph_golgi/merged_25985-Ph_golgi_g07.tif,s3://morphology_profiles/filtered_mp/25985-Mito/merged_25985-Mito_g07.tif
COc1cc2nc(N3CCN(C(=O)c4ccco4)CC3)[nH]c(=N)c2cc1OC,25985,G17,s3://morphology_profiles/filtered_mp/25985-Hoechst/merged_25985-Hoechst_g17.tif,s3://morphology_profiles/filtered_mp/25985-ERSyto/merged_25985-ERSyto_g17.tif,s3://morphology_profiles/filtered_mp/25985-ERSytoBleed/merged_25985-ERSytoBleed_g17.tif,s3://morphology_profiles/filtered_mp/25985-Ph_golgi/merged_25985-Ph_golgi_g17.tif,s3://morphology_profiles/filtered_mp/25985-Mito/merged_25985-Mito_g17.tif
COc1ccc2c3c1O[C@H]1C[C@@H](O)C=C[C@@]31CCN(C)C2,25985,H1,s3://morphology_profiles/filtered_mp/25985-Hoechst/merged_25985-Hoechst_h01.tif,s3://morphology_profiles/filtered_mp/25985-ERSyto/merged_25985-ERSyto_h01.tif,s3://morphology_profiles/filtered_mp/25985-ERSytoBleed/merged_25985-ERSytoBleed_h01.tif,s3://morphology_profiles/filtered_mp/25985-Ph_golgi/merged_25985-Ph_golgi_h01.tif,s3://morphology_profiles/filtered_mp/25985-Mito/merged_25985-Mito_h01.tif
CC1(C)O[C@@H]2C[C@H]3[C@@H]4C[C@H](F)C5=CC(=O)C=C[C@]5(C)[C@H]4[C@@H](O)C[C@]3(C)[C@]2(C(=O)CO)O1,25985,H5,s3://morphology_profiles/filtered_mp/25985-Hoechst/merged_25985-Hoechst_h05.tif,s3://morphology_profiles/filtered_mp/25985-ERSyto/merged_25985-ERSyto_h05.tif,s3://morphology_profiles/filtered_mp/25985-ERSytoBleed/merged_25985-ERSytoBleed_h05.tif,s3://morphology_profiles/filtered_mp/25985-Ph_golgi/merged_25985-Ph_golgi_h05.tif,s3://morphology_profiles/filtered_mp/25985-Mito/merged_25985-Mito_h05.tif
Cc1ccc(Cl)c(Nc2ccccc2C(=O)O)c1Cl,25985,H23,s3://morphology_profiles/filtered_mp/25985-Hoechst/merged_25985-Hoechst_h23.tif,s3://morphology_profiles/filtered_mp/25985-ERSyto/merged_25985-ERSyto_h23.tif,s3://morphology_profiles/filtered_mp/25985-ERSytoBleed/merged_25985-ERSytoBleed_h23.tif,s3://morphology_profiles/filtered_mp/25985-Ph_golgi/merged_25985-Ph_golgi_h23.tif,s3://morphology_profiles/filtered_mp/25985-Mito/merged_25985-Mito_h23.tif
COC(=O)[C@H]1[C@H]2C[C@@H]3c4[nH]c5cc(OC)ccc5c4CCN3C[C@H]2C[C@@H](OC(=O)/C=C/c2cc(OC)c(OC)c(OC)c2)[C@@H]1OC,25985,J23,s3://morphology_profiles/filtered_mp/25985-Hoechst/merged_25985-Hoechst_j23.tif,s3://morphology_profiles/filtered_mp/25985-ERSyto/merged_25985-ERSyto_j23.tif,s3://morphology_profiles/filtered_mp/25985-ERSytoBleed/merged_25985-ERSytoBleed_j23.tif,s3://morphology_profiles/filtered_mp/25985-Ph_golgi/merged_25985-Ph_golgi_j23.tif,s3://morphology_profiles/filtered_mp/25985-Mito/merged_25985-Mito_j23.tif
CC(=O)c1ccc(S(=O)(=O)NC(O)=NC2CCCCC2)cc1,25985,J24,s3://morphology_profiles/filtered_mp/25985-Hoechst/merged_25985-Hoechst_j24.tif,s3://morphology_profiles/filtered_mp/25985-ERSyto/merged_25985-ERSyto_j24.tif,s3://morphology_profiles/filtered_mp/25985-ERSytoBleed/merged_25985-ERSytoBleed_j24.tif,s3://morphology_profiles/filtered_mp/25985-Ph_golgi/merged_25985-Ph_golgi_j24.tif,s3://morphology_profiles/filtered_mp/25985-Mito/merged_25985-Mito_j24.tif
Cc1nc2n(c(=O)c1CCN1CCC(c3noc4cc(F)ccc34)CC1)CCCC2,25985,K14,s3://morphology_profiles/filtered_mp/25985-Hoechst/merged_25985-Hoechst_k14.tif,s3://morphology_profiles/filtered_mp/25985-ERSyto/merged_25985-ERSyto_k14.tif,s3://morphology_profiles/filtered_mp/25985-ERSytoBleed/merged_25985-ERSytoBleed_k14.tif,s3://morphology_profiles/filtered_mp/25985-Ph_golgi/merged_25985-Ph_golgi_k14.tif,s3://morphology_profiles/filtered_mp/25985-Mito/merged_25985-Mito_k14.tif
C[C@H](CS)C(=O)N1CCC[C@H]1C(=O)O,25985,L6,s3://morphology_profiles/filtered_mp/25985-Hoechst/merged_25985-Hoechst_l06.tif,s3://morphology_profiles/filtered_mp/25985-ERSyto/merged_25985-ERSyto_l06.tif,s3://morphology_profiles/filtered_mp/25985-ERSytoBleed/merged_25985-ERSytoBleed_l06.tif,s3://morphology_profiles/filtered_mp/25985-Ph_golgi/merged_25985-Ph_golgi_l06.tif,s3://morphology_profiles/filtered_mp/25985-Mito/merged_25985-Mito_l06.tif
COc1ncnc(NS(=O)(=O)c2ccc(N)cc2)c1OC,25985,L22,s3://morphology_profiles/filtered_mp/25985-Hoechst/merged_25985-Hoechst_l22.tif,s3://morphology_profiles/filtered_mp/25985-ERSyto/merged_25985-ERSyto_l22.tif,s3://morphology_profiles/filtered_mp/25985-ERSytoBleed/merged_25985-ERSytoBleed_l22.tif,s3://morphology_profiles/filtered_mp/25985-Ph_golgi/merged_25985-Ph_golgi_l22.tif,s3://morphology_profiles/filtered_mp/25985-Mito/merged_25985-Mito_l22.tif
CC(=O)[C@H]1CC[C@H]2[C@@H]3C[C@H](C)C4=CC(=O)CC[C@]4(C)[C@H]3[C@@H](O)C[C@]12C,25985,N1,s3://morphology_profiles/filtered_mp/25985-Hoechst/merged_25985-Hoechst_n01.tif,s3://morphology_profiles/filtered_mp/25985-ERSyto/merged_25985-ERSyto_n01.tif,s3://morphology_profiles/filtered_mp/25985-ERSytoBleed/merged_25985-ERSytoBleed_n01.tif,s3://morphology_profiles/filtered_mp/25985-Ph_golgi/merged_25985-Ph_golgi_n01.tif,s3://morphology_profiles/filtered_mp/25985-Mito/merged_25985-Mito_n01.tif
CCc1nnc(NS(=O)(=O)c2ccc(N)cc2)s1,25985,N6,s3://morphology_profiles/filtered_mp/25985-Hoechst/merged_25985-Hoechst_n06.tif,s3://morphology_profiles/filtered_mp/25985-ERSyto/merged_25985-ERSyto_n06.tif,s3://morphology_profiles/filtered_mp/25985-ERSytoBleed/merged_25985-ERSytoBleed_n06.tif,s3://morphology_profiles/filtered_mp/25985-Ph_golgi/merged_25985-Ph_golgi_n06.tif,s3://morphology_profiles/filtered_mp/25985-Mito/merged_25985-Mito_n06.tif
COc1ccc2c(c1)c(CC(=O)O)c(C)n2C(=O)c1ccc(Cl)cc1,25985,N12,s3://morphology_profiles/filtered_mp/25985-Hoechst/merged_25985-Hoechst_n12.tif,s3://morphology_profiles/filtered_mp/25985-ERSyto/merged_25985-ERSyto_n12.tif,s3://morphology_profiles/filtered_mp/25985-ERSytoBleed/merged_25985-ERSytoBleed_n12.tif,s3://morphology_profiles/filtered_mp/25985-Ph_golgi/merged_25985-Ph_golgi_n12.tif,s3://morphology_profiles/filtered_mp/25985-Mito/merged_25985-Mito_n12.tif
CC(=O)OCC(=O)[C@@]12OC(C)(C)O[C@@H]1C[C@H]1[C@@H]3C[C@H](F)C4=CC(=O)C=C[C@]4(C)[C@@]3(F)[C@@H](O)C[C@@]12C,25985,N22,s3://morphology_profiles/filtered_mp/25985-Hoechst/merged_25985-Hoechst_n22.tif,s3://morphology_profiles/filtered_mp/25985-ERSyto/merged_25985-ERSyto_n22.tif,s3://morphology_profiles/filtered_mp/25985-ERSytoBleed/merged_25985-ERSytoBleed_n22.tif,s3://morphology_profiles/filtered_mp/25985-Ph_golgi/merged_25985-Ph_golgi_n22.tif,s3://morphology_profiles/filtered_mp/25985-Mito/merged_25985-Mito_n22.tif
Nc1ccc(S(=O)(=O)N=C(O)c2ccccc2)cc1,25985,P7,s3://morphology_profiles/filtered_mp/25985-Hoechst/merged_25985-Hoechst_p07.tif,s3://morphology_profiles/filtered_mp/25985-ERSyto/merged_25985-ERSyto_p07.tif,s3://morphology_profiles/filtered_mp/25985-ERSytoBleed/merged_25985-ERSytoBleed_p07.tif,s3://morphology_profiles/filtered_mp/25985-Ph_golgi/merged_25985-Ph_golgi_p07.tif,s3://morphology_profiles/filtered_mp/25985-Mito/merged_25985-Mito_p07.tif
N=C(O)N=C(O)Cc1ccccc1,25986,A4,s3://morphology_profiles/filtered_mp/25986-Hoechst/merged_25986-Hoechst_a04.tif,s3://morphology_profiles/filtered_mp/25986-ERSyto/merged_25986-ERSyto_a04.tif,s3://morphology_profiles/filtered_mp/25986-ERSytoBleed/merged_25986-ERSytoBleed_a04.tif,s3://morphology_profiles/filtered_mp/25986-Ph_golgi/merged_25986-Ph_golgi_a04.tif,s3://morphology_profiles/filtered_mp/25986-Mito/merged_25986-Mito_a04.tif
C[C@]12CCC(=O)C=C1CC[C@@H]1[C@@H]2C(=O)C[C@@]2(C)[C@H]1CC[C@]2(O)C(=O)CO,25986,C5,s3://morphology_profiles/filtered_mp/25986-Hoechst/merged_25986-Hoechst_c05.tif,s3://morphology_profiles/filtered_mp/25986-ERSyto/merged_25986-ERSyto_c05.tif,s3://morphology_profiles/filtered_mp/25986-ERSytoBleed/merged_25986-ERSytoBleed_c05.tif,s3://morphology_profiles/filtered_mp/25986-Ph_golgi/merged_25986-Ph_golgi_c05.tif,s3://morphology_profiles/filtered_mp/25986-Mito/merged_25986-Mito_c05.tif
CCCCC(=O)N(Cc1ccc(-c2ccccc2-c2nn[nH]n2)cc1)[C@H](C(=O)O)C(C)C,25986,D3,s3://morphology_profiles/filtered_mp/25986-Hoechst/merged_25986-Hoechst_d03.tif,s3://morphology_profiles/filtered_mp/25986-ERSyto/merged_25986-ERSyto_d03.tif,s3://morphology_profiles/filtered_mp/25986-ERSytoBleed/merged_25986-ERSytoBleed_d03.tif,s3://morphology_profiles/filtered_mp/25986-Ph_golgi/merged_25986-Ph_golgi_d03.tif,s3://morphology_profiles/filtered_mp/25986-Mito/merged_25986-Mito_d03.tif
Cc1cc(=O)n(-c2ccccc2)n1C,25986,E15,s3://morphology_profiles/filtered_mp/25986-Hoechst/merged_25986-Hoechst_e15.tif,s3://morphology_profiles/filtered_mp/25986-ERSyto/merged_25986-ERSyto_e15.tif,s3://morphology_profiles/filtered_mp/25986-ERSytoBleed/merged_25986-ERSytoBleed_e15.tif,s3://morphology_profiles/filtered_mp/25986-Ph_golgi/merged_25986-Ph_golgi_e15.tif,s3://morphology_profiles/filtered_mp/25986-Mito/merged_25986-Mito_e15.tif
CC/C=C\C/C=C\C/C=C\C/C=C\C/C=C\CCCC(=O)O,25986,E21,s3://morphology_profiles/filtered_mp/25986-Hoechst/merged_25986-Hoechst_e21.tif,s3://morphology_profiles/filtered_mp/25986-ERSyto/merged_25986-ERSyto_e21.tif,s3://morphology_profiles/filtered_mp/25986-ERSytoBleed/merged_25986-ERSytoBleed_e21.tif,s3://morphology_profiles/filtered_mp/25986-Ph_golgi/merged_25986-Ph_golgi_e21.tif,s3://morphology_profiles/filtered_mp/25986-Mito/merged_25986-Mito_e21.tif
CCCc1cc(O)nc(S)n1,25986,G5,s3://morphology_profiles/filtered_mp/25986-Hoechst/merged_25986-Hoechst_g05.tif,s3://morphology_profiles/filtered_mp/25986-ERSyto/merged_25986-ERSyto_g05.tif,s3://morphology_profiles/filtered_mp/25986-ERSytoBleed/merged_25986-ERSytoBleed_g05.tif,s3://morphology_profiles/filtered_mp/25986-Ph_golgi/merged_25986-Ph_golgi_g05.tif,s3://morphology_profiles/filtered_mp/25986-Mito/merged_25986-Mito_g05.tif
NS(=O)(=O)Cc1noc2ccccc12,25986,G7,s3://morphology_profiles/filtered_mp/25986-Hoechst/merged_25986-Hoechst_g07.tif,s3://morphology_profiles/filtered_mp/25986-ERSyto/merged_25986-ERSyto_g07.tif,s3://morphology_profiles/filtered_mp/25986-ERSytoBleed/merged_25986-ERSytoBleed_g07.tif,s3://morphology_profiles/filtered_mp/25986-Ph_golgi/merged_25986-Ph_golgi_g07.tif,s3://morphology_profiles/filtered_mp/25986-Mito/merged_25986-Mito_g07.tif
COc1cc2nc(N3CCN(C(=O)c4ccco4)CC3)[nH]c(=N)c2cc1OC,25986,G17,s3://morphology_profiles/filtered_mp/25986-Hoechst/merged_25986-Hoechst_g17.tif,s3://morphology_profiles/filtered_mp/25986-ERSyto/merged_25986-ERSyto_g17.tif,s3://morphology_profiles/filtered_mp/25986-ERSytoBleed/merged_25986-ERSytoBleed_g17.tif,s3://morphology_profiles/filtered_mp/25986-Ph_golgi/merged_25986-Ph_golgi_g17.tif,s3://morphology_profiles/filtered_mp/25986-Mito/merged_25986-Mito_g17.tif
COc1ccc2c3c1O[C@H]1C[C@@H](O)C=C[C@@]31CCN(C)C2,25986,H1,s3://morphology_profiles/filtered_mp/25986-Hoechst/merged_25986-Hoechst_h01.tif,s3://morphology_profiles/filtered_mp/25986-ERSyto/merged_25986-ERSyto_h01.tif,s3://morphology_profiles/filtered_mp/25986-ERSytoBleed/merged_25986-ERSytoBleed_h01.tif,s3://morphology_profiles/filtered_mp/25986-Ph_golgi/merged_25986-Ph_golgi_h01.tif,s3://morphology_profiles/filtered_mp/25986-Mito/merged_25986-Mito_h01.tif
CC1(C)O[C@@H]2C[C@H]3[C@@H]4C[C@H](F)C5=CC(=O)C=C[C@]5(C)[C@H]4[C@@H](O)C[C@]3(C)[C@]2(C(=O)CO)O1,25986,H5,s3://morphology_profiles/filtered_mp/25986-Hoechst/merged_25986-Hoechst_h05.tif,s3://morphology_profiles/filtered_mp/25986-ERSyto/merged_25986-ERSyto_h05.tif,s3://morphology_profiles/filtered_mp/25986-ERSytoBleed/merged_25986-ERSytoBleed_h05.tif,s3://morphology_profiles/filtered_mp/25986-Ph_golgi/merged_25986-Ph_golgi_h05.tif,s3://morphology_profiles/filtered_mp/25986-Mito/merged_25986-Mito_h05.tif
Cc1ccc(Cl)c(Nc2ccccc2C(=O)O)c1Cl,25986,H23,s3://morphology_profiles/filtered_mp/25986-Hoechst/merged_25986-Hoechst_h23.tif,s3://morphology_profiles/filtered_mp/25986-ERSyto/merged_25986-ERSyto_h23.tif,s3://morphology_profiles/filtered_mp/25986-ERSytoBleed/merged_25986-ERSytoBleed_h23.tif,s3://morphology_profiles/filtered_mp/25986-Ph_golgi/merged_25986-Ph_golgi_h23.tif,s3://morphology_profiles/filtered_mp/25986-Mito/merged_25986-Mito_h23.tif
COC(=O)[C@H]1[C@H]2C[C@@H]3c4[nH]c5cc(OC)ccc5c4CCN3C[C@H]2C[C@@H](OC(=O)/C=C/c2cc(OC)c(OC)c(OC)c2)[C@@H]1OC,25986,J23,s3://morphology_profiles/filtered_mp/25986-Hoechst/merged_25986-Hoechst_j23.tif,s3://morphology_profiles/filtered_mp/25986-ERSyto/merged_25986-ERSyto_j23.tif,s3://morphology_profiles/filtered_mp/25986-ERSytoBleed/merged_25986-ERSytoBleed_j23.tif,s3://morphology_profiles/filtered_mp/25986-Ph_golgi/merged_25986-Ph_golgi_j23.tif,s3://morphology_profiles/filtered_mp/25986-Mito/merged_25986-Mito_j23.tif
CC(=O)c1ccc(S(=O)(=O)NC(O)=NC2CCCCC2)cc1,25986,J24,s3://morphology_profiles/filtered_mp/25986-Hoechst/merged_25986-Hoechst_j24.tif,s3://morphology_profiles/filtered_mp/25986-ERSyto/merged_25986-ERSyto_j24.tif,s3://morphology_profiles/filtered_mp/25986-ERSytoBleed/merged_25986-ERSytoBleed_j24.tif,s3://morphology_profiles/filtered_mp/25986-Ph_golgi/merged_25986-Ph_golgi_j24.tif,s3://morphology_profiles/filtered_mp/25986-Mito/merged_25986-Mito_j24.tif
Cc1nc2n(c(=O)c1CCN1CCC(c3noc4cc(F)ccc34)CC1)CCCC2,25986,K14,s3://morphology_profiles/filtered_mp/25986-Hoechst/merged_25986-Hoechst_k14.tif,s3://morphology_profiles/filtered_mp/25986-ERSyto/merged_25986-ERSyto_k14.tif,s3://morphology_profiles/filtered_mp/25986-ERSytoBleed/merged_25986-ERSytoBleed_k14.tif,s3://morphology_profiles/filtered_mp/25986-Ph_golgi/merged_25986-Ph_golgi_k14.tif,s3://morphology_profiles/filtered_mp/25986-Mito/merged_25986-Mito_k14.tif
C[C@H](CS)C(=O)N1CCC[C@H]1C(=O)O,25986,L6,s3://morphology_profiles/filtered_mp/25986-Hoechst/merged_25986-Hoechst_l06.tif,s3://morphology_profiles/filtered_mp/25986-ERSyto/merged_25986-ERSyto_l06.tif,s3://morphology_profiles/filtered_mp/25986-ERSytoBleed/merged_25986-ERSytoBleed_l06.tif,s3://morphology_profiles/filtered_mp/25986-Ph_golgi/merged_25986-Ph_golgi_l06.tif,s3://morphology_profiles/filtered_mp/25986-Mito/merged_25986-Mito_l06.tif
COc1ncnc(NS(=O)(=O)c2ccc(N)cc2)c1OC,25986,L22,s3://morphology_profiles/filtered_mp/25986-Hoechst/merged_25986-Hoechst_l22.tif,s3://morphology_profiles/filtered_mp/25986-ERSyto/merged_25986-ERSyto_l22.tif,s3://morphology_profiles/filtered_mp/25986-ERSytoBleed/merged_25986-ERSytoBleed_l22.tif,s3://morphology_profiles/filtered_mp/25986-Ph_golgi/merged_25986-Ph_golgi_l22.tif,s3://morphology_profiles/filtered_mp/25986-Mito/merged_25986-Mito_l22.tif
CC(=O)[C@H]1CC[C@H]2[C@@H]3C[C@H](C)C4=CC(=O)CC[C@]4(C)[C@H]3[C@@H](O)C[C@]12C,25986,N1,s3://morphology_profiles/filtered_mp/25986-Hoechst/merged_25986-Hoechst_n01.tif,s3://morphology_profiles/filtered_mp/25986-ERSyto/merged_25986-ERSyto_n01.tif,s3://morphology_profiles/filtered_mp/25986-ERSytoBleed/merged_25986-ERSytoBleed_n01.tif,s3://morphology_profiles/filtered_mp/25986-Ph_golgi/merged_25986-Ph_golgi_n01.tif,s3://morphology_profiles/filtered_mp/25986-Mito/merged_25986-Mito_n01.tif
CCc1nnc(NS(=O)(=O)c2ccc(N)cc2)s1,25986,N6,s3://morphology_profiles/filtered_mp/25986-Hoechst/merged_25986-Hoechst_n06.tif,s3://morphology_profiles/filtered_mp/25986-ERSyto/merged_25986-ERSyto_n06.tif,s3://morphology_profiles/filtered_mp/25986-ERSytoBleed/merged_25986-ERSytoBleed_n06.tif,s3://morphology_profiles/filtered_mp/25986-Ph_golgi/merged_25986-Ph_golgi_n06.tif,s3://morphology_profiles/filtered_mp/25986-Mito/merged_25986-Mito_n06.tif
COc1ccc2c(c1)c(CC(=O)O)c(C)n2C(=O)c1ccc(Cl)cc1,25986,N12,s3://morphology_profiles/filtered_mp/25986-Hoechst/merged_25986-Hoechst_n12.tif,s3://morphology_profiles/filtered_mp/25986-ERSyto/merged_25986-ERSyto_n12.tif,s3://morphology_profiles/filtered_mp/25986-ERSytoBleed/merged_25986-ERSytoBleed_n12.tif,s3://morphology_profiles/filtered_mp/25986-Ph_golgi/merged_25986-Ph_golgi_n12.tif,s3://morphology_profiles/filtered_mp/25986-Mito/merged_25986-Mito_n12.tif
CC(=O)OCC(=O)[C@@]12OC(C)(C)O[C@@H]1C[C@H]1[C@@H]3C[C@H](F)C4=CC(=O)C=C[C@]4(C)[C@@]3(F)[C@@H](O)C[C@@]12C,25986,N22,s3://morphology_profiles/filtered_mp/25986-Hoechst/merged_25986-Hoechst_n22.tif,s3://morphology_profiles/filtered_mp/25986-ERSyto/merged_25986-ERSyto_n22.tif,s3://morphology_profiles/filtered_mp/25986-ERSytoBleed/merged_25986-ERSytoBleed_n22.tif,s3://morphology_profiles/filtered_mp/25986-Ph_golgi/merged_25986-Ph_golgi_n22.tif,s3://morphology_profiles/filtered_mp/25986-Mito/merged_25986-Mito_n22.tif
Nc1ccc(S(=O)(=O)N=C(O)c2ccccc2)cc1,25986,P7,s3://morphology_profiles/filtered_mp/25986-Hoechst/merged_25986-Hoechst_p07.tif,s3://morphology_profiles/filtered_mp/25986-ERSyto/merged_25986-ERSyto_p07.tif,s3://morphology_profiles/filtered_mp/25986-ERSytoBleed/merged_25986-ERSytoBleed_p07.tif,s3://morphology_profiles/filtered_mp/25986-Ph_golgi/merged_25986-Ph_golgi_p07.tif,s3://morphology_profiles/filtered_mp/25986-Mito/merged_25986-Mito_p07.tif
N=C(O)N=C(O)Cc1ccccc1,25987,A4,s3://morphology_profiles/filtered_mp/25987-Hoechst/merged_25987-Hoechst_a04.tif,s3://morphology_profiles/filtered_mp/25987-ERSyto/merged_25987-ERSyto_a04.tif,s3://morphology_profiles/filtered_mp/25987-ERSytoBleed/merged_25987-ERSytoBleed_a04.tif,s3://morphology_profiles/filtered_mp/25987-Ph_golgi/merged_25987-Ph_golgi_a04.tif,s3://morphology_profiles/filtered_mp/25987-Mito/merged_25987-Mito_a04.tif
C[C@]12CCC(=O)C=C1CC[C@@H]1[C@@H]2C(=O)C[C@@]2(C)[C@H]1CC[C@]2(O)C(=O)CO,25987,C5,s3://morphology_profiles/filtered_mp/25987-Hoechst/merged_25987-Hoechst_c05.tif,s3://morphology_profiles/filtered_mp/25987-ERSyto/merged_25987-ERSyto_c05.tif,s3://morphology_profiles/filtered_mp/25987-ERSytoBleed/merged_25987-ERSytoBleed_c05.tif,s3://morphology_profiles/filtered_mp/25987-Ph_golgi/merged_25987-Ph_golgi_c05.tif,s3://morphology_profiles/filtered_mp/25987-Mito/merged_25987-Mito_c05.tif
CCCCC(=O)N(Cc1ccc(-c2ccccc2-c2nn[nH]n2)cc1)[C@H](C(=O)O)C(C)C,25987,D3,s3://morphology_profiles/filtered_mp/25987-Hoechst/merged_25987-Hoechst_d03.tif,s3://morphology_profiles/filtered_mp/25987-ERSyto/merged_25987-ERSyto_d03.tif,s3://morphology_profiles/filtered_mp/25987-ERSytoBleed/merged_25987-ERSytoBleed_d03.tif,s3://morphology_profiles/filtered_mp/25987-Ph_golgi/merged_25987-Ph_golgi_d03.tif,s3://morphology_profiles/filtered_mp/25987-Mito/merged_25987-Mito_d03.tif
Cc1cc(=O)n(-c2ccccc2)n1C,25987,E15,s3://morphology_profiles/filtered_mp/25987-Hoechst/merged_25987-Hoechst_e15.tif,s3://morphology_profiles/filtered_mp/25987-ERSyto/merged_25987-ERSyto_e15.tif,s3://morphology_profiles/filtered_mp/25987-ERSytoBleed/merged_25987-ERSytoBleed_e15.tif,s3://morphology_profiles/filtered_mp/25987-Ph_golgi/merged_25987-Ph_golgi_e15.tif,s3://morphology_profiles/filtered_mp/25987-Mito/merged_25987-Mito_e15.tif
CC/C=C\C/C=C\C/C=C\C/C=C\C/C=C\CCCC(=O)O,25987,E21,s3://morphology_profiles/filtered_mp/25987-Hoechst/merged_25987-Hoechst_e21.tif,s3://morphology_profiles/filtered_mp/25987-ERSyto/merged_25987-ERSyto_e21.tif,s3://morphology_profiles/filtered_mp/25987-ERSytoBleed/merged_25987-ERSytoBleed_e21.tif,s3://morphology_profiles/filtered_mp/25987-Ph_golgi/merged_25987-Ph_golgi_e21.tif,s3://morphology_profiles/filtered_mp/25987-Mito/merged_25987-Mito_e21.tif
CCCc1cc(O)nc(S)n1,25987,G5,s3://morphology_profiles/filtered_mp/25987-Hoechst/merged_25987-Hoechst_g05.tif,s3://morphology_profiles/filtered_mp/25987-ERSyto/merged_25987-ERSyto_g05.tif,s3://morphology_profiles/filtered_mp/25987-ERSytoBleed/merged_25987-ERSytoBleed_g05.tif,s3://morphology_profiles/filtered_mp/25987-Ph_golgi/merged_25987-Ph_golgi_g05.tif,s3://morphology_profiles/filtered_mp/25987-Mito/merged_25987-Mito_g05.tif
NS(=O)(=O)Cc1noc2ccccc12,25987,G7,s3://morphology_profiles/filtered_mp/25987-Hoechst/merged_25987-Hoechst_g07.tif,s3://morphology_profiles/filtered_mp/25987-ERSyto/merged_25987-ERSyto_g07.tif,s3://morphology_profiles/filtered_mp/25987-ERSytoBleed/merged_25987-ERSytoBleed_g07.tif,s3://morphology_profiles/filtered_mp/25987-Ph_golgi/merged_25987-Ph_golgi_g07.tif,s3://morphology_profiles/filtered_mp/25987-Mito/merged_25987-Mito_g07.tif
COc1cc2nc(N3CCN(C(=O)c4ccco4)CC3)[nH]c(=N)c2cc1OC,25987,G17,s3://morphology_profiles/filtered_mp/25987-Hoechst/merged_25987-Hoechst_g17.tif,s3://morphology_profiles/filtered_mp/25987-ERSyto/merged_25987-ERSyto_g17.tif,s3://morphology_profiles/filtered_mp/25987-ERSytoBleed/merged_25987-ERSytoBleed_g17.tif,s3://morphology_profiles/filtered_mp/25987-Ph_golgi/merged_25987-Ph_golgi_g17.tif,s3://morphology_profiles/filtered_mp/25987-Mito/merged_25987-Mito_g17.tif
COc1ccc2c3c1O[C@H]1C[C@@H](O)C=C[C@@]31CCN(C)C2,25987,H1,s3://morphology_profiles/filtered_mp/25987-Hoechst/merged_25987-Hoechst_h01.tif,s3://morphology_profiles/filtered_mp/25987-ERSyto/merged_25987-ERSyto_h01.tif,s3://morphology_profiles/filtered_mp/25987-ERSytoBleed/merged_25987-ERSytoBleed_h01.tif,s3://morphology_profiles/filtered_mp/25987-Ph_golgi/merged_25987-Ph_golgi_h01.tif,s3://morphology_profiles/filtered_mp/25987-Mito/merged_25987-Mito_h01.tif
CC1(C)O[C@@H]2C[C@H]3[C@@H]4C[C@H](F)C5=CC(=O)C=C[C@]5(C)[C@H]4[C@@H](O)C[C@]3(C)[C@]2(C(=O)CO)O1,25987,H5,s3://morphology_profiles/filtered_mp/25987-Hoechst/merged_25987-Hoechst_h05.tif,s3://morphology_profiles/filtered_mp/25987-ERSyto/merged_25987-ERSyto_h05.tif,s3://morphology_profiles/filtered_mp/25987-ERSytoBleed/merged_25987-ERSytoBleed_h05.tif,s3://morphology_profiles/filtered_mp/25987-Ph_golgi/merged_25987-Ph_golgi_h05.tif,s3://morphology_profiles/filtered_mp/25987-Mito/merged_25987-Mito_h05.tif
Cc1ccc(Cl)c(Nc2ccccc2C(=O)O)c1Cl,25987,H23,s3://morphology_profiles/filtered_mp/25987-Hoechst/merged_25987-Hoechst_h23.tif,s3://morphology_profiles/filtered_mp/25987-ERSyto/merged_25987-ERSyto_h23.tif,s3://morphology_profiles/filtered_mp/25987-ERSytoBleed/merged_25987-ERSytoBleed_h23.tif,s3://morphology_profiles/filtered_mp/25987-Ph_golgi/merged_25987-Ph_golgi_h23.tif,s3://morphology_profiles/filtered_mp/25987-Mito/merged_25987-Mito_h23.tif
COC(=O)[C@H]1[C@H]2C[C@@H]3c4[nH]c5cc(OC)ccc5c4CCN3C[C@H]2C[C@@H](OC(=O)/C=C/c2cc(OC)c(OC)c(OC)c2)[C@@H]1OC,25987,J23,s3://morphology_profiles/filtered_mp/25987-Hoechst/merged_25987-Hoechst_j23.tif,s3://morphology_profiles/filtered_mp/25987-ERSyto/merged_25987-ERSyto_j23.tif,s3://morphology_profiles/filtered_mp/25987-ERSytoBleed/merged_25987-ERSytoBleed_j23.tif,s3://morphology_profiles/filtered_mp/25987-Ph_golgi/merged_25987-Ph_golgi_j23.tif,s3://morphology_profiles/filtered_mp/25987-Mito/merged_25987-Mito_j23.tif
CC(=O)c1ccc(S(=O)(=O)NC(O)=NC2CCCCC2)cc1,25987,J24,s3://morphology_profiles/filtered_mp/25987-Hoechst/merged_25987-Hoechst_j24.tif,s3://morphology_profiles/filtered_mp/25987-ERSyto/merged_25987-ERSyto_j24.tif,s3://morphology_profiles/filtered_mp/25987-ERSytoBleed/merged_25987-ERSytoBleed_j24.tif,s3://morphology_profiles/filtered_mp/25987-Ph_golgi/merged_25987-Ph_golgi_j24.tif,s3://morphology_profiles/filtered_mp/25987-Mito/merged_25987-Mito_j24.tif
Cc1nc2n(c(=O)c1CCN1CCC(c3noc4cc(F)ccc34)CC1)CCCC2,25987,K14,s3://morphology_profiles/filtered_mp/25987-Hoechst/merged_25987-Hoechst_k14.tif,s3://morphology_profiles/filtered_mp/25987-ERSyto/merged_25987-ERSyto_k14.tif,s3://morphology_profiles/filtered_mp/25987-ERSytoBleed/merged_25987-ERSytoBleed_k14.tif,s3://morphology_profiles/filtered_mp/25987-Ph_golgi/merged_25987-Ph_golgi_k14.tif,s3://morphology_profiles/filtered_mp/25987-Mito/merged_25987-Mito_k14.tif
C[C@H](CS)C(=O)N1CCC[C@H]1C(=O)O,25987,L6,s3://morphology_profiles/filtered_mp/25987-Hoechst/merged_25987-Hoechst_l06.tif,s3://morphology_profiles/filtered_mp/25987-ERSyto/merged_25987-ERSyto_l06.tif,s3://morphology_profiles/filtered_mp/25987-ERSytoBleed/merged_25987-ERSytoBleed_l06.tif,s3://morphology_profiles/filtered_mp/25987-Ph_golgi/merged_25987-Ph_golgi_l06.tif,s3://morphology_profiles/filtered_mp/25987-Mito/merged_25987-Mito_l06.tif
COc1ncnc(NS(=O)(=O)c2ccc(N)cc2)c1OC,25987,L22,s3://morphology_profiles/filtered_mp/25987-Hoechst/merged_25987-Hoechst_l22.tif,s3://morphology_profiles/filtered_mp/25987-ERSyto/merged_25987-ERSyto_l22.tif,s3://morphology_profiles/filtered_mp/25987-ERSytoBleed/merged_25987-ERSytoBleed_l22.tif,s3://morphology_profiles/filtered_mp/25987-Ph_golgi/merged_25987-Ph_golgi_l22.tif,s3://morphology_profiles/filtered_mp/25987-Mito/merged_25987-Mito_l22.tif
CC(=O)[C@H]1CC[C@H]2[C@@H]3C[C@H](C)C4=CC(=O)CC[C@]4(C)[C@H]3[C@@H](O)C[C@]12C,25987,N1,s3://morphology_profiles/filtered_mp/25987-Hoechst/merged_25987-Hoechst_n01.tif,s3://morphology_profiles/filtered_mp/25987-ERSyto/merged_25987-ERSyto_n01.tif,s3://morphology_profiles/filtered_mp/25987-ERSytoBleed/merged_25987-ERSytoBleed_n01.tif,s3://morphology_profiles/filtered_mp/25987-Ph_golgi/merged_25987-Ph_golgi_n01.tif,s3://morphology_profiles/filtered_mp/25987-Mito/merged_25987-Mito_n01.tif
CCc1nnc(NS(=O)(=O)c2ccc(N)cc2)s1,25987,N6,s3://morphology_profiles/filtered_mp/25987-Hoechst/merged_25987-Hoechst_n06.tif,s3://morphology_profiles/filtered_mp/25987-ERSyto/merged_25987-ERSyto_n06.tif,s3://morphology_profiles/filtered_mp/25987-ERSytoBleed/merged_25987-ERSytoBleed_n06.tif,s3://morphology_profiles/filtered_mp/25987-Ph_golgi/merged_25987-Ph_golgi_n06.tif,s3://morphology_profiles/filtered_mp/25987-Mito/merged_25987-Mito_n06.tif
COc1ccc2c(c1)c(CC(=O)O)c(C)n2C(=O)c1ccc(Cl)cc1,25987,N12,s3://morphology_profiles/filtered_mp/25987-Hoechst/merged_25987-Hoechst_n12.tif,s3://morphology_profiles/filtered_mp/25987-ERSyto/merged_25987-ERSyto_n12.tif,s3://morphology_profiles/filtered_mp/25987-ERSytoBleed/merged_25987-ERSytoBleed_n12.tif,s3://morphology_profiles/filtered_mp/25987-Ph_golgi/merged_25987-Ph_golgi_n12.tif,s3://morphology_profiles/filtered_mp/25987-Mito/merged_25987-Mito_n12.tif
CC(=O)OCC(=O)[C@@]12OC(C)(C)O[C@@H]1C[C@H]1[C@@H]3C[C@H](F)C4=CC(=O)C=C[C@]4(C)[C@@]3(F)[C@@H](O)C[C@@]12C,25987,N22,s3://morphology_profiles/filtered_mp/25987-Hoechst/merged_25987-Hoechst_n22.tif,s3://morphology_profiles/filtered_mp/25987-ERSyto/merged_25987-ERSyto_n22.tif,s3://morphology_profiles/filtered_mp/25987-ERSytoBleed/merged_25987-ERSytoBleed_n22.tif,s3://morphology_profiles/filtered_mp/25987-Ph_golgi/merged_25987-Ph_golgi_n22.tif,s3://morphology_profiles/filtered_mp/25987-Mito/merged_25987-Mito_n22.tif
Nc1ccc(S(=O)(=O)N=C(O)c2ccccc2)cc1,25987,P7,s3://morphology_profiles/filtered_mp/25987-Hoechst/merged_25987-Hoechst_p07.tif,s3://morphology_profiles/filtered_mp/25987-ERSyto/merged_25987-ERSyto_p07.tif,s3://morphology_profiles/filtered_mp/25987-ERSytoBleed/merged_25987-ERSytoBleed_p07.tif,s3://morphology_profiles/filtered_mp/25987-Ph_golgi/merged_25987-Ph_golgi_p07.tif,s3://morphology_profiles/filtered_mp/25987-Mito/merged_25987-Mito_p07.tif
N=C(O)N=C(O)Cc1ccccc1,25988,A4,s3://morphology_profiles/filtered_mp/25988-Hoechst/merged_25988-Hoechst_a04.tif,s3://morphology_profiles/filtered_mp/25988-ERSyto/merged_25988-ERSyto_a04.tif,s3://morphology_profiles/filtered_mp/25988-ERSytoBleed/merged_25988-ERSytoBleed_a04.tif,s3://morphology_profiles/filtered_mp/25988-Ph_golgi/merged_25988-Ph_golgi_a04.tif,s3://morphology_profiles/filtered_mp/25988-Mito/merged_25988-Mito_a04.tif
C[C@]12CCC(=O)C=C1CC[C@@H]1[C@@H]2C(=O)C[C@@]2(C)[C@H]1CC[C@]2(O)C(=O)CO,25988,C5,s3://morphology_profiles/filtered_mp/25988-Hoechst/merged_25988-Hoechst_c05.tif,s3://morphology_profiles/filtered_mp/25988-ERSyto/merged_25988-ERSyto_c05.tif,s3://morphology_profiles/filtered_mp/25988-ERSytoBleed/merged_25988-ERSytoBleed_c05.tif,s3://morphology_profiles/filtered_mp/25988-Ph_golgi/merged_25988-Ph_golgi_c05.tif,s3://morphology_profiles/filtered_mp/25988-Mito/merged_25988-Mito_c05.tif
CCCCC(=O)N(Cc1ccc(-c2ccccc2-c2nn[nH]n2)cc1)[C@H](C(=O)O)C(C)C,25988,D3,s3://morphology_profiles/filtered_mp/25988-Hoechst/merged_25988-Hoechst_d03.tif,s3://morphology_profiles/filtered_mp/25988-ERSyto/merged_25988-ERSyto_d03.tif,s3://morphology_profiles/filtered_mp/25988-ERSytoBleed/merged_25988-ERSytoBleed_d03.tif,s3://morphology_profiles/filtered_mp/25988-Ph_golgi/merged_25988-Ph_golgi_d03.tif,s3://morphology_profiles/filtered_mp/25988-Mito/merged_25988-Mito_d03.tif
Cc1cc(=O)n(-c2ccccc2)n1C,25988,E15,s3://morphology_profiles/filtered_mp/25988-Hoechst/merged_25988-Hoechst_e15.tif,s3://morphology_profiles/filtered_mp/25988-ERSyto/merged_25988-ERSyto_e15.tif,s3://morphology_profiles/filtered_mp/25988-ERSytoBleed/merged_25988-ERSytoBleed_e15.tif,s3://morphology_profiles/filtered_mp/25988-Ph_golgi/merged_25988-Ph_golgi_e15.tif,s3://morphology_profiles/filtered_mp/25988-Mito/merged_25988-Mito_e15.tif
CC/C=C\C/C=C\C/C=C\C/C=C\C/C=C\CCCC(=O)O,25988,E21,s3://morphology_profiles/filtered_mp/25988-Hoechst/merged_25988-Hoechst_e21.tif,s3://morphology_profiles/filtered_mp/25988-ERSyto/merged_25988-ERSyto_e21.tif,s3://morphology_profiles/filtered_mp/25988-ERSytoBleed/merged_25988-ERSytoBleed_e21.tif,s3://morphology_profiles/filtered_mp/25988-Ph_golgi/merged_25988-Ph_golgi_e21.tif,s3://morphology_profiles/filtered_mp/25988-Mito/merged_25988-Mito_e21.tif
CCCc1cc(O)nc(S)n1,25988,G5,s3://morphology_profiles/filtered_mp/25988-Hoechst/merged_25988-Hoechst_g05.tif,s3://morphology_profiles/filtered_mp/25988-ERSyto/merged_25988-ERSyto_g05.tif,s3://morphology_profiles/filtered_mp/25988-ERSytoBleed/merged_25988-ERSytoBleed_g05.tif,s3://morphology_profiles/filtered_mp/25988-Ph_golgi/merged_25988-Ph_golgi_g05.tif,s3://morphology_profiles/filtered_mp/25988-Mito/merged_25988-Mito_g05.tif
NS(=O)(=O)Cc1noc2ccccc12,25988,G7,s3://morphology_profiles/filtered_mp/25988-Hoechst/merged_25988-Hoechst_g07.tif,s3://morphology_profiles/filtered_mp/25988-ERSyto/merged_25988-ERSyto_g07.tif,s3://morphology_profiles/filtered_mp/25988-ERSytoBleed/merged_25988-ERSytoBleed_g07.tif,s3://morphology_profiles/filtered_mp/25988-Ph_golgi/merged_25988-Ph_golgi_g07.tif,s3://morphology_profiles/filtered_mp/25988-Mito/merged_25988-Mito_g07.tif
COc1cc2nc(N3CCN(C(=O)c4ccco4)CC3)[nH]c(=N)c2cc1OC,25988,G17,s3://morphology_profiles/filtered_mp/25988-Hoechst/merged_25988-Hoechst_g17.tif,s3://morphology_profiles/filtered_mp/25988-ERSyto/merged_25988-ERSyto_g17.tif,s3://morphology_profiles/filtered_mp/25988-ERSytoBleed/merged_25988-ERSytoBleed_g17.tif,s3://morphology_profiles/filtered_mp/25988-Ph_golgi/merged_25988-Ph_golgi_g17.tif,s3://morphology_profiles/filtered_mp/25988-Mito/merged_25988-Mito_g17.tif
COc1ccc2c3c1O[C@H]1C[C@@H](O)C=C[C@@]31CCN(C)C2,25988,H1,s3://morphology_profiles/filtered_mp/25988-Hoechst/merged_25988-Hoechst_h01.tif,s3://morphology_profiles/filtered_mp/25988-ERSyto/merged_25988-ERSyto_h01.tif,s3://morphology_profiles/filtered_mp/25988-ERSytoBleed/merged_25988-ERSytoBleed_h01.tif,s3://morphology_profiles/filtered_mp/25988-Ph_golgi/merged_25988-Ph_golgi_h01.tif,s3://morphology_profiles/filtered_mp/25988-Mito/merged_25988-Mito_h01.tif
CC1(C)O[C@@H]2C[C@H]3[C@@H]4C[C@H](F)C5=CC(=O)C=C[C@]5(C)[C@H]4[C@@H](O)C[C@]3(C)[C@]2(C(=O)CO)O1,25988,H5,s3://morphology_profiles/filtered_mp/25988-Hoechst/merged_25988-Hoechst_h05.tif,s3://morphology_profiles/filtered_mp/25988-ERSyto/merged_25988-ERSyto_h05.tif,s3://morphology_profiles/filtered_mp/25988-ERSytoBleed/merged_25988-ERSytoBleed_h05.tif,s3://morphology_profiles/filtered_mp/25988-Ph_golgi/merged_25988-Ph_golgi_h05.tif,s3://morphology_profiles/filtered_mp/25988-Mito/merged_25988-Mito_h05.tif
Cc1ccc(Cl)c(Nc2ccccc2C(=O)O)c1Cl,25988,H23,s3://morphology_profiles/filtered_mp/25988-Hoechst/merged_25988-Hoechst_h23.tif,s3://morphology_profiles/filtered_mp/25988-ERSyto/merged_25988-ERSyto_h23.tif,s3://morphology_profiles/filtered_mp/25988-ERSytoBleed/merged_25988-ERSytoBleed_h23.tif,s3://morphology_profiles/filtered_mp/25988-Ph_golgi/merged_25988-Ph_golgi_h23.tif,s3://morphology_profiles/filtered_mp/25988-Mito/merged_25988-Mito_h23.tif
COC(=O)[C@H]1[C@H]2C[C@@H]3c4[nH]c5cc(OC)ccc5c4CCN3C[C@H]2C[C@@H](OC(=O)/C=C/c2cc(OC)c(OC)c(OC)c2)[C@@H]1OC,25988,J23,s3://morphology_profiles/filtered_mp/25988-Hoechst/merged_25988-Hoechst_j23.tif,s3://morphology_profiles/filtered_mp/25988-ERSyto/merged_25988-ERSyto_j23.tif,s3://morphology_profiles/filtered_mp/25988-ERSytoBleed/merged_25988-ERSytoBleed_j23.tif,s3://morphology_profiles/filtered_mp/25988-Ph_golgi/merged_25988-Ph_golgi_j23.tif,s3://morphology_profiles/filtered_mp/25988-Mito/merged_25988-Mito_j23.tif
CC(=O)c1ccc(S(=O)(=O)NC(O)=NC2CCCCC2)cc1,25988,J24,s3://morphology_profiles/filtered_mp/25988-Hoechst/merged_25988-Hoechst_j24.tif,s3://morphology_profiles/filtered_mp/25988-ERSyto/merged_25988-ERSyto_j24.tif,s3://morphology_profiles/filtered_mp/25988-ERSytoBleed/merged_25988-ERSytoBleed_j24.tif,s3://morphology_profiles/filtered_mp/25988-Ph_golgi/merged_25988-Ph_golgi_j24.tif,s3://morphology_profiles/filtered_mp/25988-Mito/merged_25988-Mito_j24.tif
Cc1nc2n(c(=O)c1CCN1CCC(c3noc4cc(F)ccc34)CC1)CCCC2,25988,K14,s3://morphology_profiles/filtered_mp/25988-Hoechst/merged_25988-Hoechst_k14.tif,s3://morphology_profiles/filtered_mp/25988-ERSyto/merged_25988-ERSyto_k14.tif,s3://morphology_profiles/filtered_mp/25988-ERSytoBleed/merged_25988-ERSytoBleed_k14.tif,s3://morphology_profiles/filtered_mp/25988-Ph_golgi/merged_25988-Ph_golgi_k14.tif,s3://morphology_profiles/filtered_mp/25988-Mito/merged_25988-Mito_k14.tif
C[C@H](CS)C(=O)N1CCC[C@H]1C(=O)O,25988,L6,s3://morphology_profiles/filtered_mp/25988-Hoechst/merged_25988-Hoechst_l06.tif,s3://morphology_profiles/filtered_mp/25988-ERSyto/merged_25988-ERSyto_l06.tif,s3://morphology_profiles/filtered_mp/25988-ERSytoBleed/merged_25988-ERSytoBleed_l06.tif,s3://morphology_profiles/filtered_mp/25988-Ph_golgi/merged_25988-Ph_golgi_l06.tif,s3://morphology_profiles/filtered_mp/25988-Mito/merged_25988-Mito_l06.tif
COc1ncnc(NS(=O)(=O)c2ccc(N)cc2)c1OC,25988,L22,s3://morphology_profiles/filtered_mp/25988-Hoechst/merged_25988-Hoechst_l22.tif,s3://morphology_profiles/filtered_mp/25988-ERSyto/merged_25988-ERSyto_l22.tif,s3://morphology_profiles/filtered_mp/25988-ERSytoBleed/merged_25988-ERSytoBleed_l22.tif,s3://morphology_profiles/filtered_mp/25988-Ph_golgi/merged_25988-Ph_golgi_l22.tif,s3://morphology_profiles/filtered_mp/25988-Mito/merged_25988-Mito_l22.tif
CC(=O)[C@H]1CC[C@H]2[C@@H]3C[C@H](C)C4=CC(=O)CC[C@]4(C)[C@H]3[C@@H](O)C[C@]12C,25988,N1,s3://morphology_profiles/filtered_mp/25988-Hoechst/merged_25988-Hoechst_n01.tif,s3://morphology_profiles/filtered_mp/25988-ERSyto/merged_25988-ERSyto_n01.tif,s3://morphology_profiles/filtered_mp/25988-ERSytoBleed/merged_25988-ERSytoBleed_n01.tif,s3://morphology_profiles/filtered_mp/25988-Ph_golgi/merged_25988-Ph_golgi_n01.tif,s3://morphology_profiles/filtered_mp/25988-Mito/merged_25988-Mito_n01.tif
CCc1nnc(NS(=O)(=O)c2ccc(N)cc2)s1,25988,N6,s3://morphology_profiles/filtered_mp/25988-Hoechst/merged_25988-Hoechst_n06.tif,s3://morphology_profiles/filtered_mp/25988-ERSyto/merged_25988-ERSyto_n06.tif,s3://morphology_profiles/filtered_mp/25988-ERSytoBleed/merged_25988-ERSytoBleed_n06.tif,s3://morphology_profiles/filtered_mp/25988-Ph_golgi/merged_25988-Ph_golgi_n06.tif,s3://morphology_profiles/filtered_mp/25988-Mito/merged_25988-Mito_n06.tif
COc1ccc2c(c1)c(CC(=O)O)c(C)n2C(=O)c1ccc(Cl)cc1,25988,N12,s3://morphology_profiles/filtered_mp/25988-Hoechst/merged_25988-Hoechst_n12.tif,s3://morphology_profiles/filtered_mp/25988-ERSyto/merged_25988-ERSyto_n12.tif,s3://morphology_profiles/filtered_mp/25988-ERSytoBleed/merged_25988-ERSytoBleed_n12.tif,s3://morphology_profiles/filtered_mp/25988-Ph_golgi/merged_25988-Ph_golgi_n12.tif,s3://morphology_profiles/filtered_mp/25988-Mito/merged_25988-Mito_n12.tif
CC(=O)OCC(=O)[C@@]12OC(C)(C)O[C@@H]1C[C@H]1[C@@H]3C[C@H](F)C4=CC(=O)C=C[C@]4(C)[C@@]3(F)[C@@H](O)C[C@@]12C,25988,N22,s3://morphology_profiles/filtered_mp/25988-Hoechst/merged_25988-Hoechst_n22.tif,s3://morphology_profiles/filtered_mp/25988-ERSyto/merged_25988-ERSyto_n22.tif,s3://morphology_profiles/filtered_mp/25988-ERSytoBleed/merged_25988-ERSytoBleed_n22.tif,s3://morphology_profiles/filtered_mp/25988-Ph_golgi/merged_25988-Ph_golgi_n22.tif,s3://morphology_profiles/filtered_mp/25988-Mito/merged_25988-Mito_n22.tif
Nc1ccc(S(=O)(=O)N=C(O)c2ccccc2)cc1,25988,P7,s3://morphology_profiles/filtered_mp/25988-Hoechst/merged_25988-Hoechst_p07.tif,s3://morphology_profiles/filtered_mp/25988-ERSyto/merged_25988-ERSyto_p07.tif,s3://morphology_profiles/filtered_mp/25988-ERSytoBleed/merged_25988-ERSytoBleed_p07.tif,s3://morphology_profiles/filtered_mp/25988-Ph_golgi/merged_25988-Ph_golgi_p07.tif,s3://morphology_profiles/filtered_mp/25988-Mito/merged_25988-Mito_p07.tif
Cc1ccc(NC(=O)c2ccc(CN3CCN(C)CC3)cc2)cc1Nc1nccc(-c2cccnc2)n1,25989,A2,s3://morphology_profiles/filtered_mp/25989-Hoechst/merged_25989-Hoechst_a02.tif,s3://morphology_profiles/filtered_mp/25989-ERSyto/merged_25989-ERSyto_a02.tif,s3://morphology_profiles/filtered_mp/25989-ERSytoBleed/merged_25989-ERSytoBleed_a02.tif,s3://morphology_profiles/filtered_mp/25989-Ph_golgi/merged_25989-Ph_golgi_a02.tif,s3://morphology_profiles/filtered_mp/25989-Mito/merged_25989-Mito_a02.tif
C[C@@H]1C[C@H]2[C@@H]3C[C@H](F)C4=CC(=O)C=C[C@]4(C)[C@@]3(F)[C@@H](O)C[C@]2(C)[C@@]1(O)C(=O)CO,25989,B22,s3://morphology_profiles/filtered_mp/25989-Hoechst/merged_25989-Hoechst_b22.tif,s3://morphology_profiles/filtered_mp/25989-ERSyto/merged_25989-ERSyto_b22.tif,s3://morphology_profiles/filtered_mp/25989-ERSytoBleed/merged_25989-ERSytoBleed_b22.tif,s3://morphology_profiles/filtered_mp/25989-Ph_golgi/merged_25989-Ph_golgi_b22.tif,s3://morphology_profiles/filtered_mp/25989-Mito/merged_25989-Mito_b22.tif
CCC(=O)O[C@]1(C(=O)SCF)[C@H](C)C[C@H]2[C@@H]3C[C@H](F)C4=CC(=O)C=C[C@]4(C)[C@@]3(F)[C@@H](O)C[C@@]21C,25989,C13,s3://morphology_profiles/filtered_mp/25989-Hoechst/merged_25989-Hoechst_c13.tif,s3://morphology_profiles/filtered_mp/25989-ERSyto/merged_25989-ERSyto_c13.tif,s3://morphology_profiles/filtered_mp/25989-ERSytoBleed/merged_25989-ERSytoBleed_c13.tif,s3://morphology_profiles/filtered_mp/25989-Ph_golgi/merged_25989-Ph_golgi_c13.tif,s3://morphology_profiles/filtered_mp/25989-Mito/merged_25989-Mito_c13.tif
C[C@H]1[C@H](N=C(O)/C(=N\OC(C)(C)C(=O)O)c2csc(=N)[nH]2)C(=O)N1S(=O)(=O)O,25989,C23,s3://morphology_profiles/filtered_mp/25989-Hoechst/merged_25989-Hoechst_c23.tif,s3://morphology_profiles/filtered_mp/25989-ERSyto/merged_25989-ERSyto_c23.tif,s3://morphology_profiles/filtered_mp/25989-ERSytoBleed/merged_25989-ERSytoBleed_c23.tif,s3://morphology_profiles/filtered_mp/25989-Ph_golgi/merged_25989-Ph_golgi_c23.tif,s3://morphology_profiles/filtered_mp/25989-Mito/merged_25989-Mito_c23.tif
COc1c2occc2cc2ccc(=O)oc12,25989,D9,s3://morphology_profiles/filtered_mp/25989-Hoechst/merged_25989-Hoechst_d09.tif,s3://morphology_profiles/filtered_mp/25989-ERSyto/merged_25989-ERSyto_d09.tif,s3://morphology_profiles/filtered_mp/25989-ERSytoBleed/merged_25989-ERSytoBleed_d09.tif,s3://morphology_profiles/filtered_mp/25989-Ph_golgi/merged_25989-Ph_golgi_d09.tif,s3://morphology_profiles/filtered_mp/25989-Mito/merged_25989-Mito_d09.tif
O=C(O)c1ccccc1C(=O)Nc1ccc(S(=O)(=O)Nc2nccs2)cc1,25989,E21,s3://morphology_profiles/filtered_mp/25989-Hoechst/merged_25989-Hoechst_e21.tif,s3://morphology_profiles/filtered_mp/25989-ERSyto/merged_25989-ERSyto_e21.tif,s3://morphology_profiles/filtered_mp/25989-ERSytoBleed/merged_25989-ERSytoBleed_e21.tif,s3://morphology_profiles/filtered_mp/25989-Ph_golgi/merged_25989-Ph_golgi_e21.tif,s3://morphology_profiles/filtered_mp/25989-Mito/merged_25989-Mito_e21.tif
CC(=O)[C@@]1(O)CC[C@H]2[C@@H]3C[C@H](C)C4=CC(=O)C=C[C@]4(C)[C@@]3(F)[C@@H](O)C[C@@]21C,25989,F4,s3://morphology_profiles/filtered_mp/25989-Hoechst/merged_25989-Hoechst_f04.tif,s3://morphology_profiles/filtered_mp/25989-ERSyto/merged_25989-ERSyto_f04.tif,s3://morphology_profiles/filtered_mp/25989-ERSytoBleed/merged_25989-ERSytoBleed_f04.tif,s3://morphology_profiles/filtered_mp/25989-Ph_golgi/merged_25989-Ph_golgi_f04.tif,s3://morphology_profiles/filtered_mp/25989-Mito/merged_25989-Mito_f04.tif
CC(=O)[C@H]1CC[C@H]2[C@@H]3CCC4=CC(=O)CC[C@]4(C)[C@H]3CC[C@]12C,25989,F6,s3://morphology_profiles/filtered_mp/25989-Hoechst/merged_25989-Hoechst_f06.tif,s3://morphology_profiles/filtered_mp/25989-ERSyto/merged_25989-ERSyto_f06.tif,s3://morphology_profiles/filtered_mp/25989-ERSytoBleed/merged_25989-ERSytoBleed_f06.tif,s3://morphology_profiles/filtered_mp/25989-Ph_golgi/merged_25989-Ph_golgi_f06.tif,s3://morphology_profiles/filtered_mp/25989-Mito/merged_25989-Mito_f06.tif
COc1ccc2cc(CCC(C)=O)ccc2c1,25989,F7,s3://morphology_profiles/filtered_mp/25989-Hoechst/merged_25989-Hoechst_f07.tif,s3://morphology_profiles/filtered_mp/25989-ERSyto/merged_25989-ERSyto_f07.tif,s3://morphology_profiles/filtered_mp/25989-ERSytoBleed/merged_25989-ERSytoBleed_f07.tif,s3://morphology_profiles/filtered_mp/25989-Ph_golgi/merged_25989-Ph_golgi_f07.tif,s3://morphology_profiles/filtered_mp/25989-Mito/merged_25989-Mito_f07.tif
N=c1[nH]c2cc(Cl)ccc2o1,25989,G2,s3://morphology_profiles/filtered_mp/25989-Hoechst/merged_25989-Hoechst_g02.tif,s3://morphology_profiles/filtered_mp/25989-ERSyto/merged_25989-ERSyto_g02.tif,s3://morphology_profiles/filtered_mp/25989-ERSytoBleed/merged_25989-ERSytoBleed_g02.tif,s3://morphology_profiles/filtered_mp/25989-Ph_golgi/merged_25989-Ph_golgi_g02.tif,s3://morphology_profiles/filtered_mp/25989-Mito/merged_25989-Mito_g02.tif
O=C1CCc2cc(OCCCCc3nnnn3C3CCCCC3)ccc2N1,25989,G16,s3://morphology_profiles/filtered_mp/25989-Hoechst/merged_25989-Hoechst_g16.tif,s3://morphology_profiles/filtered_mp/25989-ERSyto/merged_25989-ERSyto_g16.tif,s3://morphology_profiles/filtered_mp/25989-ERSytoBleed/merged_25989-ERSytoBleed_g16.tif,s3://morphology_profiles/filtered_mp/25989-Ph_golgi/merged_25989-Ph_golgi_g16.tif,s3://morphology_profiles/filtered_mp/25989-Mito/merged_25989-Mito_g16.tif
CN(C)c1nc(N(C)C)nc(N(C)C)n1,25989,G17,s3://morphology_profiles/filtered_mp/25989-Hoechst/merged_25989-Hoechst_g17.tif,s3://morphology_profiles/filtered_mp/25989-ERSyto/merged_25989-ERSyto_g17.tif,s3://morphology_profiles/filtered_mp/25989-ERSytoBleed/merged_25989-ERSytoBleed_g17.tif,s3://morphology_profiles/filtered_mp/25989-Ph_golgi/merged_25989-Ph_golgi_g17.tif,s3://morphology_profiles/filtered_mp/25989-Mito/merged_25989-Mito_g17.tif
O=C(CCCN1CCC(O)(c2ccc(Cl)cc2)CC1)c1ccc(F)cc1,25989,H13,s3://morphology_profiles/filtered_mp/25989-Hoechst/merged_25989-Hoechst_h13.tif,s3://morphology_profiles/filtered_mp/25989-ERSyto/merged_25989-ERSyto_h13.tif,s3://morphology_profiles/filtered_mp/25989-ERSytoBleed/merged_25989-ERSytoBleed_h13.tif,s3://morphology_profiles/filtered_mp/25989-Ph_golgi/merged_25989-Ph_golgi_h13.tif,s3://morphology_profiles/filtered_mp/25989-Mito/merged_25989-Mito_h13.tif
CC(=O)[C@H]1CC[C@H]2[C@@H]3C=CC4=CC(=O)CC[C@@]4(C)[C@@H]3CC[C@]12C,25989,I15,s3://morphology_profiles/filtered_mp/25989-Hoechst/merged_25989-Hoechst_i15.tif,s3://morphology_profiles/filtered_mp/25989-ERSyto/merged_25989-ERSyto_i15.tif,s3://morphology_profiles/filtered_mp/25989-ERSytoBleed/merged_25989-ERSytoBleed_i15.tif,s3://morphology_profiles/filtered_mp/25989-Ph_golgi/merged_25989-Ph_golgi_i15.tif,s3://morphology_profiles/filtered_mp/25989-Mito/merged_25989-Mito_i15.tif
C=C[C@H]1CN2CC[C@H]1C[C@@H]2[C@@H](O)c1ccnc2ccc(OC)cc12,25989,J14,s3://morphology_profiles/filtered_mp/25989-Hoechst/merged_25989-Hoechst_j14.tif,s3://morphology_profiles/filtered_mp/25989-ERSyto/merged_25989-ERSyto_j14.tif,s3://morphology_profiles/filtered_mp/25989-ERSytoBleed/merged_25989-ERSytoBleed_j14.tif,s3://morphology_profiles/filtered_mp/25989-Ph_golgi/merged_25989-Ph_golgi_j14.tif,s3://morphology_profiles/filtered_mp/25989-Mito/merged_25989-Mito_j14.tif
C=CC1=C(C(=O)O)N2C(=O)[C@@H](N=C(O)/C(=N\OCC(=O)O)c3csc(=N)[nH]3)[C@H]2SC1,25989,J20,s3://morphology_profiles/filtered_mp/25989-Hoechst/merged_25989-Hoechst_j20.tif,s3://morphology_profiles/filtered_mp/25989-ERSyto/merged_25989-ERSyto_j20.tif,s3://morphology_profiles/filtered_mp/25989-ERSytoBleed/merged_25989-ERSytoBleed_j20.tif,s3://morphology_profiles/filtered_mp/25989-Ph_golgi/merged_25989-Ph_golgi_j20.tif,s3://morphology_profiles/filtered_mp/25989-Mito/merged_25989-Mito_j20.tif
NS(=O)(=O)c1cc(Cl)c(Cl)c(S(N)(=O)=O)c1,25989,K6,s3://morphology_profiles/filtered_mp/25989-Hoechst/merged_25989-Hoechst_k06.tif,s3://morphology_profiles/filtered_mp/25989-ERSyto/merged_25989-ERSyto_k06.tif,s3://morphology_profiles/filtered_mp/25989-ERSytoBleed/merged_25989-ERSytoBleed_k06.tif,s3://morphology_profiles/filtered_mp/25989-Ph_golgi/merged_25989-Ph_golgi_k06.tif,s3://morphology_profiles/filtered_mp/25989-Mito/merged_25989-Mito_k06.tif
O=C(O)c1cc(-c2ccccc2)nc2ccccc12,25989,L11,s3://morphology_profiles/filtered_mp/25989-Hoechst/merged_25989-Hoechst_l11.tif,s3://morphology_profiles/filtered_mp/25989-ERSyto/merged_25989-ERSyto_l11.tif,s3://morphology_profiles/filtered_mp/25989-ERSytoBleed/merged_25989-ERSytoBleed_l11.tif,s3://morphology_profiles/filtered_mp/25989-Ph_golgi/merged_25989-Ph_golgi_l11.tif,s3://morphology_profiles/filtered_mp/25989-Mito/merged_25989-Mito_l11.tif
CC1=Nc2ccc(Cl)cc2S(=O)(=O)N1,25989,L13,s3://morphology_profiles/filtered_mp/25989-Hoechst/merged_25989-Hoechst_l13.tif,s3://morphology_profiles/filtered_mp/25989-ERSyto/merged_25989-ERSyto_l13.tif,s3://morphology_profiles/filtered_mp/25989-ERSytoBleed/merged_25989-ERSytoBleed_l13.tif,s3://morphology_profiles/filtered_mp/25989-Ph_golgi/merged_25989-Ph_golgi_l13.tif,s3://morphology_profiles/filtered_mp/25989-Mito/merged_25989-Mito_l13.tif
CCN[C@H]1CN(CCCOC)S(=O)(=O)c2sc(S(N)(=O)=O)cc21,25989,N3,s3://morphology_profiles/filtered_mp/25989-Hoechst/merged_25989-Hoechst_n03.tif,s3://morphology_profiles/filtered_mp/25989-ERSyto/merged_25989-ERSyto_n03.tif,s3://morphology_profiles/filtered_mp/25989-ERSytoBleed/merged_25989-ERSytoBleed_n03.tif,s3://morphology_profiles/filtered_mp/25989-Ph_golgi/merged_25989-Ph_golgi_n03.tif,s3://morphology_profiles/filtered_mp/25989-Mito/merged_25989-Mito_n03.tif
CCN(CC)CCN=C(O)c1cc(Cl)c(N)cc1OC,25989,N17,s3://morphology_profiles/filtered_mp/25989-Hoechst/merged_25989-Hoechst_n17.tif,s3://morphology_profiles/filtered_mp/25989-ERSyto/merged_25989-ERSyto_n17.tif,s3://morphology_profiles/filtered_mp/25989-ERSytoBleed/merged_25989-ERSytoBleed_n17.tif,s3://morphology_profiles/filtered_mp/25989-Ph_golgi/merged_25989-Ph_golgi_n17.tif,s3://morphology_profiles/filtered_mp/25989-Mito/merged_25989-Mito_n17.tif
CC1=C(/C=C/C(C)=C/C=C/C(C)=C\C(=O)O)C(C)(C)CCC1,25989,O15,s3://morphology_profiles/filtered_mp/25989-Hoechst/merged_25989-Hoechst_o15.tif,s3://morphology_profiles/filtered_mp/25989-ERSyto/merged_25989-ERSyto_o15.tif,s3://morphology_profiles/filtered_mp/25989-ERSytoBleed/merged_25989-ERSytoBleed_o15.tif,s3://morphology_profiles/filtered_mp/25989-Ph_golgi/merged_25989-Ph_golgi_o15.tif,s3://morphology_profiles/filtered_mp/25989-Mito/merged_25989-Mito_o15.tif
C[C@]12C=CC(=O)C=C1CC[C@H]1[C@@H]3C[C@@H](O)[C@](O)(C(=O)CO)[C@@]3(C)C[C@H](O)[C@@]12F,25989,P3,s3://morphology_profiles/filtered_mp/25989-Hoechst/merged_25989-Hoechst_p03.tif,s3://morphology_profiles/filtered_mp/25989-ERSyto/merged_25989-ERSyto_p03.tif,s3://morphology_profiles/filtered_mp/25989-ERSytoBleed/merged_25989-ERSytoBleed_p03.tif,s3://morphology_profiles/filtered_mp/25989-Ph_golgi/merged_25989-Ph_golgi_p03.tif,s3://morphology_profiles/filtered_mp/25989-Mito/merged_25989-Mito_p03.tif
Cc1ccc(NC(=O)c2ccc(CN3CCN(C)CC3)cc2)cc1Nc1nccc(-c2cccnc2)n1,25990,A2,s3://morphology_profiles/filtered_mp/25990-Hoechst/merged_25990-Hoechst_a02.tif,s3://morphology_profiles/filtered_mp/25990-ERSyto/merged_25990-ERSyto_a02.tif,s3://morphology_profiles/filtered_mp/25990-ERSytoBleed/merged_25990-ERSytoBleed_a02.tif,s3://morphology_profiles/filtered_mp/25990-Ph_golgi/merged_25990-Ph_golgi_a02.tif,s3://morphology_profiles/filtered_mp/25990-Mito/merged_25990-Mito_a02.tif
C[C@@H]1C[C@H]2[C@@H]3C[C@H](F)C4=CC(=O)C=C[C@]4(C)[C@@]3(F)[C@@H](O)C[C@]2(C)[C@@]1(O)C(=O)CO,25990,B22,s3://morphology_profiles/filtered_mp/25990-Hoechst/merged_25990-Hoechst_b22.tif,s3://morphology_profiles/filtered_mp/25990-ERSyto/merged_25990-ERSyto_b22.tif,s3://morphology_profiles/filtered_mp/25990-ERSytoBleed/merged_25990-ERSytoBleed_b22.tif,s3://morphology_profiles/filtered_mp/25990-Ph_golgi/merged_25990-Ph_golgi_b22.tif,s3://morphology_profiles/filtered_mp/25990-Mito/merged_25990-Mito_b22.tif
CCC(=O)O[C@]1(C(=O)SCF)[C@H](C)C[C@H]2[C@@H]3C[C@H](F)C4=CC(=O)C=C[C@]4(C)[C@@]3(F)[C@@H](O)C[C@@]21C,25990,C13,s3://morphology_profiles/filtered_mp/25990-Hoechst/merged_25990-Hoechst_c13.tif,s3://morphology_profiles/filtered_mp/25990-ERSyto/merged_25990-ERSyto_c13.tif,s3://morphology_profiles/filtered_mp/25990-ERSytoBleed/merged_25990-ERSytoBleed_c13.tif,s3://morphology_profiles/filtered_mp/25990-Ph_golgi/merged_25990-Ph_golgi_c13.tif,s3://morphology_profiles/filtered_mp/25990-Mito/merged_25990-Mito_c13.tif
C[C@H]1[C@H](N=C(O)/C(=N\OC(C)(C)C(=O)O)c2csc(=N)[nH]2)C(=O)N1S(=O)(=O)O,25990,C23,s3://morphology_profiles/filtered_mp/25990-Hoechst/merged_25990-Hoechst_c23.tif,s3://morphology_profiles/filtered_mp/25990-ERSyto/merged_25990-ERSyto_c23.tif,s3://morphology_profiles/filtered_mp/25990-ERSytoBleed/merged_25990-ERSytoBleed_c23.tif,s3://morphology_profiles/filtered_mp/25990-Ph_golgi/merged_25990-Ph_golgi_c23.tif,s3://morphology_profiles/filtered_mp/25990-Mito/merged_25990-Mito_c23.tif
COc1c2occc2cc2ccc(=O)oc12,25990,D9,s3://morphology_profiles/filtered_mp/25990-Hoechst/merged_25990-Hoechst_d09.tif,s3://morphology_profiles/filtered_mp/25990-ERSyto/merged_25990-ERSyto_d09.tif,s3://morphology_profiles/filtered_mp/25990-ERSytoBleed/merged_25990-ERSytoBleed_d09.tif,s3://morphology_profiles/filtered_mp/25990-Ph_golgi/merged_25990-Ph_golgi_d09.tif,s3://morphology_profiles/filtered_mp/25990-Mito/merged_25990-Mito_d09.tif
O=C(O)c1ccccc1C(=O)Nc1ccc(S(=O)(=O)Nc2nccs2)cc1,25990,E21,s3://morphology_profiles/filtered_mp/25990-Hoechst/merged_25990-Hoechst_e21.tif,s3://morphology_profiles/filtered_mp/25990-ERSyto/merged_25990-ERSyto_e21.tif,s3://morphology_profiles/filtered_mp/25990-ERSytoBleed/merged_25990-ERSytoBleed_e21.tif,s3://morphology_profiles/filtered_mp/25990-Ph_golgi/merged_25990-Ph_golgi_e21.tif,s3://morphology_profiles/filtered_mp/25990-Mito/merged_25990-Mito_e21.tif
CC(=O)[C@@]1(O)CC[C@H]2[C@@H]3C[C@H](C)C4=CC(=O)C=C[C@]4(C)[C@@]3(F)[C@@H](O)C[C@@]21C,25990,F4,s3://morphology_profiles/filtered_mp/25990-Hoechst/merged_25990-Hoechst_f04.tif,s3://morphology_profiles/filtered_mp/25990-ERSyto/merged_25990-ERSyto_f04.tif,s3://morphology_profiles/filtered_mp/25990-ERSytoBleed/merged_25990-ERSytoBleed_f04.tif,s3://morphology_profiles/filtered_mp/25990-Ph_golgi/merged_25990-Ph_golgi_f04.tif,s3://morphology_profiles/filtered_mp/25990-Mito/merged_25990-Mito_f04.tif
CC(=O)[C@H]1CC[C@H]2[C@@H]3CCC4=CC(=O)CC[C@]4(C)[C@H]3CC[C@]12C,25990,F6,s3://morphology_profiles/filtered_mp/25990-Hoechst/merged_25990-Hoechst_f06.tif,s3://morphology_profiles/filtered_mp/25990-ERSyto/merged_25990-ERSyto_f06.tif,s3://morphology_profiles/filtered_mp/25990-ERSytoBleed/merged_25990-ERSytoBleed_f06.tif,s3://morphology_profiles/filtered_mp/25990-Ph_golgi/merged_25990-Ph_golgi_f06.tif,s3://morphology_profiles/filtered_mp/25990-Mito/merged_25990-Mito_f06.tif
COc1ccc2cc(CCC(C)=O)ccc2c1,25990,F7,s3://morphology_profiles/filtered_mp/25990-Hoechst/merged_25990-Hoechst_f07.tif,s3://morphology_profiles/filtered_mp/25990-ERSyto/merged_25990-ERSyto_f07.tif,s3://morphology_profiles/filtered_mp/25990-ERSytoBleed/merged_25990-ERSytoBleed_f07.tif,s3://morphology_profiles/filtered_mp/25990-Ph_golgi/merged_25990-Ph_golgi_f07.tif,s3://morphology_profiles/filtered_mp/25990-Mito/merged_25990-Mito_f07.tif
N=c1[nH]c2cc(Cl)ccc2o1,25990,G2,s3://morphology_profiles/filtered_mp/25990-Hoechst/merged_25990-Hoechst_g02.tif,s3://morphology_profiles/filtered_mp/25990-ERSyto/merged_25990-ERSyto_g02.tif,s3://morphology_profiles/filtered_mp/25990-ERSytoBleed/merged_25990-ERSytoBleed_g02.tif,s3://morphology_profiles/filtered_mp/25990-Ph_golgi/merged_25990-Ph_golgi_g02.tif,s3://morphology_profiles/filtered_mp/25990-Mito/merged_25990-Mito_g02.tif
O=C1CCc2cc(OCCCCc3nnnn3C3CCCCC3)ccc2N1,25990,G16,s3://morphology_profiles/filtered_mp/25990-Hoechst/merged_25990-Hoechst_g16.tif,s3://morphology_profiles/filtered_mp/25990-ERSyto/merged_25990-ERSyto_g16.tif,s3://morphology_profiles/filtered_mp/25990-ERSytoBleed/merged_25990-ERSytoBleed_g16.tif,s3://morphology_profiles/filtered_mp/25990-Ph_golgi/merged_25990-Ph_golgi_g16.tif,s3://morphology_profiles/filtered_mp/25990-Mito/merged_25990-Mito_g16.tif
CN(C)c1nc(N(C)C)nc(N(C)C)n1,25990,G17,s3://morphology_profiles/filtered_mp/25990-Hoechst/merged_25990-Hoechst_g17.tif,s3://morphology_profiles/filtered_mp/25990-ERSyto/merged_25990-ERSyto_g17.tif,s3://morphology_profiles/filtered_mp/25990-ERSytoBleed/merged_25990-ERSytoBleed_g17.tif,s3://morphology_profiles/filtered_mp/25990-Ph_golgi/merged_25990-Ph_golgi_g17.tif,s3://morphology_profiles/filtered_mp/25990-Mito/merged_25990-Mito_g17.tif
O=C(CCCN1CCC(O)(c2ccc(Cl)cc2)CC1)c1ccc(F)cc1,25990,H13,s3://morphology_profiles/filtered_mp/25990-Hoechst/merged_25990-Hoechst_h13.tif,s3://morphology_profiles/filtered_mp/25990-ERSyto/merged_25990-ERSyto_h13.tif,s3://morphology_profiles/filtered_mp/25990-ERSytoBleed/merged_25990-ERSytoBleed_h13.tif,s3://morphology_profiles/filtered_mp/25990-Ph_golgi/merged_25990-Ph_golgi_h13.tif,s3://morphology_profiles/filtered_mp/25990-Mito/merged_25990-Mito_h13.tif
CC(=O)[C@H]1CC[C@H]2[C@@H]3C=CC4=CC(=O)CC[C@@]4(C)[C@@H]3CC[C@]12C,25990,I15,s3://morphology_profiles/filtered_mp/25990-Hoechst/merged_25990-Hoechst_i15.tif,s3://morphology_profiles/filtered_mp/25990-ERSyto/merged_25990-ERSyto_i15.tif,s3://morphology_profiles/filtered_mp/25990-ERSytoBleed/merged_25990-ERSytoBleed_i15.tif,s3://morphology_profiles/filtered_mp/25990-Ph_golgi/merged_25990-Ph_golgi_i15.tif,s3://morphology_profiles/filtered_mp/25990-Mito/merged_25990-Mito_i15.tif
C=C[C@H]1CN2CC[C@H]1C[C@@H]2[C@@H](O)c1ccnc2ccc(OC)cc12,25990,J14,s3://morphology_profiles/filtered_mp/25990-Hoechst/merged_25990-Hoechst_j14.tif,s3://morphology_profiles/filtered_mp/25990-ERSyto/merged_25990-ERSyto_j14.tif,s3://morphology_profiles/filtered_mp/25990-ERSytoBleed/merged_25990-ERSytoBleed_j14.tif,s3://morphology_profiles/filtered_mp/25990-Ph_golgi/merged_25990-Ph_golgi_j14.tif,s3://morphology_profiles/filtered_mp/25990-Mito/merged_25990-Mito_j14.tif
C=CC1=C(C(=O)O)N2C(=O)[C@@H](N=C(O)/C(=N\OCC(=O)O)c3csc(=N)[nH]3)[C@H]2SC1,25990,J20,s3://morphology_profiles/filtered_mp/25990-Hoechst/merged_25990-Hoechst_j20.tif,s3://morphology_profiles/filtered_mp/25990-ERSyto/merged_25990-ERSyto_j20.tif,s3://morphology_profiles/filtered_mp/25990-ERSytoBleed/merged_25990-ERSytoBleed_j20.tif,s3://morphology_profiles/filtered_mp/25990-Ph_golgi/merged_25990-Ph_golgi_j20.tif,s3://morphology_profiles/filtered_mp/25990-Mito/merged_25990-Mito_j20.tif
NS(=O)(=O)c1cc(Cl)c(Cl)c(S(N)(=O)=O)c1,25990,K6,s3://morphology_profiles/filtered_mp/25990-Hoechst/merged_25990-Hoechst_k06.tif,s3://morphology_profiles/filtered_mp/25990-ERSyto/merged_25990-ERSyto_k06.tif,s3://morphology_profiles/filtered_mp/25990-ERSytoBleed/merged_25990-ERSytoBleed_k06.tif,s3://morphology_profiles/filtered_mp/25990-Ph_golgi/merged_25990-Ph_golgi_k06.tif,s3://morphology_profiles/filtered_mp/25990-Mito/merged_25990-Mito_k06.tif
O=C(O)c1cc(-c2ccccc2)nc2ccccc12,25990,L11,s3://morphology_profiles/filtered_mp/25990-Hoechst/merged_25990-Hoechst_l11.tif,s3://morphology_profiles/filtered_mp/25990-ERSyto/merged_25990-ERSyto_l11.tif,s3://morphology_profiles/filtered_mp/25990-ERSytoBleed/merged_25990-ERSytoBleed_l11.tif,s3://morphology_profiles/filtered_mp/25990-Ph_golgi/merged_25990-Ph_golgi_l11.tif,s3://morphology_profiles/filtered_mp/25990-Mito/merged_25990-Mito_l11.tif
CC1=Nc2ccc(Cl)cc2S(=O)(=O)N1,25990,L13,s3://morphology_profiles/filtered_mp/25990-Hoechst/merged_25990-Hoechst_l13.tif,s3://morphology_profiles/filtered_mp/25990-ERSyto/merged_25990-ERSyto_l13.tif,s3://morphology_profiles/filtered_mp/25990-ERSytoBleed/merged_25990-ERSytoBleed_l13.tif,s3://morphology_profiles/filtered_mp/25990-Ph_golgi/merged_25990-Ph_golgi_l13.tif,s3://morphology_profiles/filtered_mp/25990-Mito/merged_25990-Mito_l13.tif
CCN[C@H]1CN(CCCOC)S(=O)(=O)c2sc(S(N)(=O)=O)cc21,25990,N3,s3://morphology_profiles/filtered_mp/25990-Hoechst/merged_25990-Hoechst_n03.tif,s3://morphology_profiles/filtered_mp/25990-ERSyto/merged_25990-ERSyto_n03.tif,s3://morphology_profiles/filtered_mp/25990-ERSytoBleed/merged_25990-ERSytoBleed_n03.tif,s3://morphology_profiles/filtered_mp/25990-Ph_golgi/merged_25990-Ph_golgi_n03.tif,s3://morphology_profiles/filtered_mp/25990-Mito/merged_25990-Mito_n03.tif
CCN(CC)CCN=C(O)c1cc(Cl)c(N)cc1OC,25990,N17,s3://morphology_profiles/filtered_mp/25990-Hoechst/merged_25990-Hoechst_n17.tif,s3://morphology_profiles/filtered_mp/25990-ERSyto/merged_25990-ERSyto_n17.tif,s3://morphology_profiles/filtered_mp/25990-ERSytoBleed/merged_25990-ERSytoBleed_n17.tif,s3://morphology_profiles/filtered_mp/25990-Ph_golgi/merged_25990-Ph_golgi_n17.tif,s3://morphology_profiles/filtered_mp/25990-Mito/merged_25990-Mito_n17.tif
CC1=C(/C=C/C(C)=C/C=C/C(C)=C\C(=O)O)C(C)(C)CCC1,25990,O15,s3://morphology_profiles/filtered_mp/25990-Hoechst/merged_25990-Hoechst_o15.tif,s3://morphology_profiles/filtered_mp/25990-ERSyto/merged_25990-ERSyto_o15.tif,s3://morphology_profiles/filtered_mp/25990-ERSytoBleed/merged_25990-ERSytoBleed_o15.tif,s3://morphology_profiles/filtered_mp/25990-Ph_golgi/merged_25990-Ph_golgi_o15.tif,s3://morphology_profiles/filtered_mp/25990-Mito/merged_25990-Mito_o15.tif
C[C@]12C=CC(=O)C=C1CC[C@H]1[C@@H]3C[C@@H](O)[C@](O)(C(=O)CO)[C@@]3(C)C[C@H](O)[C@@]12F,25990,P3,s3://morphology_profiles/filtered_mp/25990-Hoechst/merged_25990-Hoechst_p03.tif,s3://morphology_profiles/filtered_mp/25990-ERSyto/merged_25990-ERSyto_p03.tif,s3://morphology_profiles/filtered_mp/25990-ERSytoBleed/merged_25990-ERSytoBleed_p03.tif,s3://morphology_profiles/filtered_mp/25990-Ph_golgi/merged_25990-Ph_golgi_p03.tif,s3://morphology_profiles/filtered_mp/25990-Mito/merged_25990-Mito_p03.tif
Cc1ccc(NC(=O)c2ccc(CN3CCN(C)CC3)cc2)cc1Nc1nccc(-c2cccnc2)n1,25991,A2,s3://morphology_profiles/filtered_mp/25991-Hoechst/merged_25991-Hoechst_a02.tif,s3://morphology_profiles/filtered_mp/25991-ERSyto/merged_25991-ERSyto_a02.tif,s3://morphology_profiles/filtered_mp/25991-ERSytoBleed/merged_25991-ERSytoBleed_a02.tif,s3://morphology_profiles/filtered_mp/25991-Ph_golgi/merged_25991-Ph_golgi_a02.tif,s3://morphology_profiles/filtered_mp/25991-Mito/merged_25991-Mito_a02.tif
C[C@@H]1C[C@H]2[C@@H]3C[C@H](F)C4=CC(=O)C=C[C@]4(C)[C@@]3(F)[C@@H](O)C[C@]2(C)[C@@]1(O)C(=O)CO,25991,B22,s3://morphology_profiles/filtered_mp/25991-Hoechst/merged_25991-Hoechst_b22.tif,s3://morphology_profiles/filtered_mp/25991-ERSyto/merged_25991-ERSyto_b22.tif,s3://morphology_profiles/filtered_mp/25991-ERSytoBleed/merged_25991-ERSytoBleed_b22.tif,s3://morphology_profiles/filtered_mp/25991-Ph_golgi/merged_25991-Ph_golgi_b22.tif,s3://morphology_profiles/filtered_mp/25991-Mito/merged_25991-Mito_b22.tif
CCC(=O)O[C@]1(C(=O)SCF)[C@H](C)C[C@H]2[C@@H]3C[C@H](F)C4=CC(=O)C=C[C@]4(C)[C@@]3(F)[C@@H](O)C[C@@]21C,25991,C13,s3://morphology_profiles/filtered_mp/25991-Hoechst/merged_25991-Hoechst_c13.tif,s3://morphology_profiles/filtered_mp/25991-ERSyto/merged_25991-ERSyto_c13.tif,s3://morphology_profiles/filtered_mp/25991-ERSytoBleed/merged_25991-ERSytoBleed_c13.tif,s3://morphology_profiles/filtered_mp/25991-Ph_golgi/merged_25991-Ph_golgi_c13.tif,s3://morphology_profiles/filtered_mp/25991-Mito/merged_25991-Mito_c13.tif
C[C@H]1[C@H](N=C(O)/C(=N\OC(C)(C)C(=O)O)c2csc(=N)[nH]2)C(=O)N1S(=O)(=O)O,25991,C23,s3://morphology_profiles/filtered_mp/25991-Hoechst/merged_25991-Hoechst_c23.tif,s3://morphology_profiles/filtered_mp/25991-ERSyto/merged_25991-ERSyto_c23.tif,s3://morphology_profiles/filtered_mp/25991-ERSytoBleed/merged_25991-ERSytoBleed_c23.tif,s3://morphology_profiles/filtered_mp/25991-Ph_golgi/merged_25991-Ph_golgi_c23.tif,s3://morphology_profiles/filtered_mp/25991-Mito/merged_25991-Mito_c23.tif
COc1c2occc2cc2ccc(=O)oc12,25991,D9,s3://morphology_profiles/filtered_mp/25991-Hoechst/merged_25991-Hoechst_d09.tif,s3://morphology_profiles/filtered_mp/25991-ERSyto/merged_25991-ERSyto_d09.tif,s3://morphology_profiles/filtered_mp/25991-ERSytoBleed/merged_25991-ERSytoBleed_d09.tif,s3://morphology_profiles/filtered_mp/25991-Ph_golgi/merged_25991-Ph_golgi_d09.tif,s3://morphology_profiles/filtered_mp/25991-Mito/merged_25991-Mito_d09.tif
O=C(O)c1ccccc1C(=O)Nc1ccc(S(=O)(=O)Nc2nccs2)cc1,25991,E21,s3://morphology_profiles/filtered_mp/25991-Hoechst/merged_25991-Hoechst_e21.tif,s3://morphology_profiles/filtered_mp/25991-ERSyto/merged_25991-ERSyto_e21.tif,s3://morphology_profiles/filtered_mp/25991-ERSytoBleed/merged_25991-ERSytoBleed_e21.tif,s3://morphology_profiles/filtered_mp/25991-Ph_golgi/merged_25991-Ph_golgi_e21.tif,s3://morphology_profiles/filtered_mp/25991-Mito/merged_25991-Mito_e21.tif
CC(=O)[C@@]1(O)CC[C@H]2[C@@H]3C[C@H](C)C4=CC(=O)C=C[C@]4(C)[C@@]3(F)[C@@H](O)C[C@@]21C,25991,F4,s3://morphology_profiles/filtered_mp/25991-Hoechst/merged_25991-Hoechst_f04.tif,s3://morphology_profiles/filtered_mp/25991-ERSyto/merged_25991-ERSyto_f04.tif,s3://morphology_profiles/filtered_mp/25991-ERSytoBleed/merged_25991-ERSytoBleed_f04.tif,s3://morphology_profiles/filtered_mp/25991-Ph_golgi/merged_25991-Ph_golgi_f04.tif,s3://morphology_profiles/filtered_mp/25991-Mito/merged_25991-Mito_f04.tif
CC(=O)[C@H]1CC[C@H]2[C@@H]3CCC4=CC(=O)CC[C@]4(C)[C@H]3CC[C@]12C,25991,F6,s3://morphology_profiles/filtered_mp/25991-Hoechst/merged_25991-Hoechst_f06.tif,s3://morphology_profiles/filtered_mp/25991-ERSyto/merged_25991-ERSyto_f06.tif,s3://morphology_profiles/filtered_mp/25991-ERSytoBleed/merged_25991-ERSytoBleed_f06.tif,s3://morphology_profiles/filtered_mp/25991-Ph_golgi/merged_25991-Ph_golgi_f06.tif,s3://morphology_profiles/filtered_mp/25991-Mito/merged_25991-Mito_f06.tif
COc1ccc2cc(CCC(C)=O)ccc2c1,25991,F7,s3://morphology_profiles/filtered_mp/25991-Hoechst/merged_25991-Hoechst_f07.tif,s3://morphology_profiles/filtered_mp/25991-ERSyto/merged_25991-ERSyto_f07.tif,s3://morphology_profiles/filtered_mp/25991-ERSytoBleed/merged_25991-ERSytoBleed_f07.tif,s3://morphology_profiles/filtered_mp/25991-Ph_golgi/merged_25991-Ph_golgi_f07.tif,s3://morphology_profiles/filtered_mp/25991-Mito/merged_25991-Mito_f07.tif
N=c1[nH]c2cc(Cl)ccc2o1,25991,G2,s3://morphology_profiles/filtered_mp/25991-Hoechst/merged_25991-Hoechst_g02.tif,s3://morphology_profiles/filtered_mp/25991-ERSyto/merged_25991-ERSyto_g02.tif,s3://morphology_profiles/filtered_mp/25991-ERSytoBleed/merged_25991-ERSytoBleed_g02.tif,s3://morphology_profiles/filtered_mp/25991-Ph_golgi/merged_25991-Ph_golgi_g02.tif,s3://morphology_profiles/filtered_mp/25991-Mito/merged_25991-Mito_g02.tif
O=C1CCc2cc(OCCCCc3nnnn3C3CCCCC3)ccc2N1,25991,G16,s3://morphology_profiles/filtered_mp/25991-Hoechst/merged_25991-Hoechst_g16.tif,s3://morphology_profiles/filtered_mp/25991-ERSyto/merged_25991-ERSyto_g16.tif,s3://morphology_profiles/filtered_mp/25991-ERSytoBleed/merged_25991-ERSytoBleed_g16.tif,s3://morphology_profiles/filtered_mp/25991-Ph_golgi/merged_25991-Ph_golgi_g16.tif,s3://morphology_profiles/filtered_mp/25991-Mito/merged_25991-Mito_g16.tif
CN(C)c1nc(N(C)C)nc(N(C)C)n1,25991,G17,s3://morphology_profiles/filtered_mp/25991-Hoechst/merged_25991-Hoechst_g17.tif,s3://morphology_profiles/filtered_mp/25991-ERSyto/merged_25991-ERSyto_g17.tif,s3://morphology_profiles/filtered_mp/25991-ERSytoBleed/merged_25991-ERSytoBleed_g17.tif,s3://morphology_profiles/filtered_mp/25991-Ph_golgi/merged_25991-Ph_golgi_g17.tif,s3://morphology_profiles/filtered_mp/25991-Mito/merged_25991-Mito_g17.tif
O=C(CCCN1CCC(O)(c2ccc(Cl)cc2)CC1)c1ccc(F)cc1,25991,H13,s3://morphology_profiles/filtered_mp/25991-Hoechst/merged_25991-Hoechst_h13.tif,s3://morphology_profiles/filtered_mp/25991-ERSyto/merged_25991-ERSyto_h13.tif,s3://morphology_profiles/filtered_mp/25991-ERSytoBleed/merged_25991-ERSytoBleed_h13.tif,s3://morphology_profiles/filtered_mp/25991-Ph_golgi/merged_25991-Ph_golgi_h13.tif,s3://morphology_profiles/filtered_mp/25991-Mito/merged_25991-Mito_h13.tif
CC(=O)[C@H]1CC[C@H]2[C@@H]3C=CC4=CC(=O)CC[C@@]4(C)[C@@H]3CC[C@]12C,25991,I15,s3://morphology_profiles/filtered_mp/25991-Hoechst/merged_25991-Hoechst_i15.tif,s3://morphology_profiles/filtered_mp/25991-ERSyto/merged_25991-ERSyto_i15.tif,s3://morphology_profiles/filtered_mp/25991-ERSytoBleed/merged_25991-ERSytoBleed_i15.tif,s3://morphology_profiles/filtered_mp/25991-Ph_golgi/merged_25991-Ph_golgi_i15.tif,s3://morphology_profiles/filtered_mp/25991-Mito/merged_25991-Mito_i15.tif
C=C[C@H]1CN2CC[C@H]1C[C@@H]2[C@@H](O)c1ccnc2ccc(OC)cc12,25991,J14,s3://morphology_profiles/filtered_mp/25991-Hoechst/merged_25991-Hoechst_j14.tif,s3://morphology_profiles/filtered_mp/25991-ERSyto/merged_25991-ERSyto_j14.tif,s3://morphology_profiles/filtered_mp/25991-ERSytoBleed/merged_25991-ERSytoBleed_j14.tif,s3://morphology_profiles/filtered_mp/25991-Ph_golgi/merged_25991-Ph_golgi_j14.tif,s3://morphology_profiles/filtered_mp/25991-Mito/merged_25991-Mito_j14.tif
C=CC1=C(C(=O)O)N2C(=O)[C@@H](N=C(O)/C(=N\OCC(=O)O)c3csc(=N)[nH]3)[C@H]2SC1,25991,J20,s3://morphology_profiles/filtered_mp/25991-Hoechst/merged_25991-Hoechst_j20.tif,s3://morphology_profiles/filtered_mp/25991-ERSyto/merged_25991-ERSyto_j20.tif,s3://morphology_profiles/filtered_mp/25991-ERSytoBleed/merged_25991-ERSytoBleed_j20.tif,s3://morphology_profiles/filtered_mp/25991-Ph_golgi/merged_25991-Ph_golgi_j20.tif,s3://morphology_profiles/filtered_mp/25991-Mito/merged_25991-Mito_j20.tif
NS(=O)(=O)c1cc(Cl)c(Cl)c(S(N)(=O)=O)c1,25991,K6,s3://morphology_profiles/filtered_mp/25991-Hoechst/merged_25991-Hoechst_k06.tif,s3://morphology_profiles/filtered_mp/25991-ERSyto/merged_25991-ERSyto_k06.tif,s3://morphology_profiles/filtered_mp/25991-ERSytoBleed/merged_25991-ERSytoBleed_k06.tif,s3://morphology_profiles/filtered_mp/25991-Ph_golgi/merged_25991-Ph_golgi_k06.tif,s3://morphology_profiles/filtered_mp/25991-Mito/merged_25991-Mito_k06.tif
O=C(O)c1cc(-c2ccccc2)nc2ccccc12,25991,L11,s3://morphology_profiles/filtered_mp/25991-Hoechst/merged_25991-Hoechst_l11.tif,s3://morphology_profiles/filtered_mp/25991-ERSyto/merged_25991-ERSyto_l11.tif,s3://morphology_profiles/filtered_mp/25991-ERSytoBleed/merged_25991-ERSytoBleed_l11.tif,s3://morphology_profiles/filtered_mp/25991-Ph_golgi/merged_25991-Ph_golgi_l11.tif,s3://morphology_profiles/filtered_mp/25991-Mito/merged_25991-Mito_l11.tif
CC1=Nc2ccc(Cl)cc2S(=O)(=O)N1,25991,L13,s3://morphology_profiles/filtered_mp/25991-Hoechst/merged_25991-Hoechst_l13.tif,s3://morphology_profiles/filtered_mp/25991-ERSyto/merged_25991-ERSyto_l13.tif,s3://morphology_profiles/filtered_mp/25991-ERSytoBleed/merged_25991-ERSytoBleed_l13.tif,s3://morphology_profiles/filtered_mp/25991-Ph_golgi/merged_25991-Ph_golgi_l13.tif,s3://morphology_profiles/filtered_mp/25991-Mito/merged_25991-Mito_l13.tif
CCN[C@H]1CN(CCCOC)S(=O)(=O)c2sc(S(N)(=O)=O)cc21,25991,N3,s3://morphology_profiles/filtered_mp/25991-Hoechst/merged_25991-Hoechst_n03.tif,s3://morphology_profiles/filtered_mp/25991-ERSyto/merged_25991-ERSyto_n03.tif,s3://morphology_profiles/filtered_mp/25991-ERSytoBleed/merged_25991-ERSytoBleed_n03.tif,s3://morphology_profiles/filtered_mp/25991-Ph_golgi/merged_25991-Ph_golgi_n03.tif,s3://morphology_profiles/filtered_mp/25991-Mito/merged_25991-Mito_n03.tif
CCN(CC)CCN=C(O)c1cc(Cl)c(N)cc1OC,25991,N17,s3://morphology_profiles/filtered_mp/25991-Hoechst/merged_25991-Hoechst_n17.tif,s3://morphology_profiles/filtered_mp/25991-ERSyto/merged_25991-ERSyto_n17.tif,s3://morphology_profiles/filtered_mp/25991-ERSytoBleed/merged_25991-ERSytoBleed_n17.tif,s3://morphology_profiles/filtered_mp/25991-Ph_golgi/merged_25991-Ph_golgi_n17.tif,s3://morphology_profiles/filtered_mp/25991-Mito/merged_25991-Mito_n17.tif
CC1=C(/C=C/C(C)=C/C=C/C(C)=C\C(=O)O)C(C)(C)CCC1,25991,O15,s3://morphology_profiles/filtered_mp/25991-Hoechst/merged_25991-Hoechst_o15.tif,s3://morphology_profiles/filtered_mp/25991-ERSyto/merged_25991-ERSyto_o15.tif,s3://morphology_profiles/filtered_mp/25991-ERSytoBleed/merged_25991-ERSytoBleed_o15.tif,s3://morphology_profiles/filtered_mp/25991-Ph_golgi/merged_25991-Ph_golgi_o15.tif,s3://morphology_profiles/filtered_mp/25991-Mito/merged_25991-Mito_o15.tif
C[C@]12C=CC(=O)C=C1CC[C@H]1[C@@H]3C[C@@H](O)[C@](O)(C(=O)CO)[C@@]3(C)C[C@H](O)[C@@]12F,25991,P3,s3://morphology_profiles/filtered_mp/25991-Hoechst/merged_25991-Hoechst_p03.tif,s3://morphology_profiles/filtered_mp/25991-ERSyto/merged_25991-ERSyto_p03.tif,s3://morphology_profiles/filtered_mp/25991-ERSytoBleed/merged_25991-ERSytoBleed_p03.tif,s3://morphology_profiles/filtered_mp/25991-Ph_golgi/merged_25991-Ph_golgi_p03.tif,s3://morphology_profiles/filtered_mp/25991-Mito/merged_25991-Mito_p03.tif
Cc1ccc(NC(=O)c2ccc(CN3CCN(C)CC3)cc2)cc1Nc1nccc(-c2cccnc2)n1,25992,A2,s3://morphology_profiles/filtered_mp/25992-Hoechst/merged_25992-Hoechst_a02.tif,s3://morphology_profiles/filtered_mp/25992-ERSyto/merged_25992-ERSyto_a02.tif,s3://morphology_profiles/filtered_mp/25992-ERSytoBleed/merged_25992-ERSytoBleed_a02.tif,s3://morphology_profiles/filtered_mp/25992-Ph_golgi/merged_25992-Ph_golgi_a02.tif,s3://morphology_profiles/filtered_mp/25992-Mito/merged_25992-Mito_a02.tif
C[C@@H]1C[C@H]2[C@@H]3C[C@H](F)C4=CC(=O)C=C[C@]4(C)[C@@]3(F)[C@@H](O)C[C@]2(C)[C@@]1(O)C(=O)CO,25992,B22,s3://morphology_profiles/filtered_mp/25992-Hoechst/merged_25992-Hoechst_b22.tif,s3://morphology_profiles/filtered_mp/25992-ERSyto/merged_25992-ERSyto_b22.tif,s3://morphology_profiles/filtered_mp/25992-ERSytoBleed/merged_25992-ERSytoBleed_b22.tif,s3://morphology_profiles/filtered_mp/25992-Ph_golgi/merged_25992-Ph_golgi_b22.tif,s3://morphology_profiles/filtered_mp/25992-Mito/merged_25992-Mito_b22.tif
CCC(=O)O[C@]1(C(=O)SCF)[C@H](C)C[C@H]2[C@@H]3C[C@H](F)C4=CC(=O)C=C[C@]4(C)[C@@]3(F)[C@@H](O)C[C@@]21C,25992,C13,s3://morphology_profiles/filtered_mp/25992-Hoechst/merged_25992-Hoechst_c13.tif,s3://morphology_profiles/filtered_mp/25992-ERSyto/merged_25992-ERSyto_c13.tif,s3://morphology_profiles/filtered_mp/25992-ERSytoBleed/merged_25992-ERSytoBleed_c13.tif,s3://morphology_profiles/filtered_mp/25992-Ph_golgi/merged_25992-Ph_golgi_c13.tif,s3://morphology_profiles/filtered_mp/25992-Mito/merged_25992-Mito_c13.tif
C[C@H]1[C@H](N=C(O)/C(=N\OC(C)(C)C(=O)O)c2csc(=N)[nH]2)C(=O)N1S(=O)(=O)O,25992,C23,s3://morphology_profiles/filtered_mp/25992-Hoechst/merged_25992-Hoechst_c23.tif,s3://morphology_profiles/filtered_mp/25992-ERSyto/merged_25992-ERSyto_c23.tif,s3://morphology_profiles/filtered_mp/25992-ERSytoBleed/merged_25992-ERSytoBleed_c23.tif,s3://morphology_profiles/filtered_mp/25992-Ph_golgi/merged_25992-Ph_golgi_c23.tif,s3://morphology_profiles/filtered_mp/25992-Mito/merged_25992-Mito_c23.tif
COc1c2occc2cc2ccc(=O)oc12,25992,D9,s3://morphology_profiles/filtered_mp/25992-Hoechst/merged_25992-Hoechst_d09.tif,s3://morphology_profiles/filtered_mp/25992-ERSyto/merged_25992-ERSyto_d09.tif,s3://morphology_profiles/filtered_mp/25992-ERSytoBleed/merged_25992-ERSytoBleed_d09.tif,s3://morphology_profiles/filtered_mp/25992-Ph_golgi/merged_25992-Ph_golgi_d09.tif,s3://morphology_profiles/filtered_mp/25992-Mito/merged_25992-Mito_d09.tif
O=C(O)c1ccccc1C(=O)Nc1ccc(S(=O)(=O)Nc2nccs2)cc1,25992,E21,s3://morphology_profiles/filtered_mp/25992-Hoechst/merged_25992-Hoechst_e21.tif,s3://morphology_profiles/filtered_mp/25992-ERSyto/merged_25992-ERSyto_e21.tif,s3://morphology_profiles/filtered_mp/25992-ERSytoBleed/merged_25992-ERSytoBleed_e21.tif,s3://morphology_profiles/filtered_mp/25992-Ph_golgi/merged_25992-Ph_golgi_e21.tif,s3://morphology_profiles/filtered_mp/25992-Mito/merged_25992-Mito_e21.tif
CC(=O)[C@@]1(O)CC[C@H]2[C@@H]3C[C@H](C)C4=CC(=O)C=C[C@]4(C)[C@@]3(F)[C@@H](O)C[C@@]21C,25992,F4,s3://morphology_profiles/filtered_mp/25992-Hoechst/merged_25992-Hoechst_f04.tif,s3://morphology_profiles/filtered_mp/25992-ERSyto/merged_25992-ERSyto_f04.tif,s3://morphology_profiles/filtered_mp/25992-ERSytoBleed/merged_25992-ERSytoBleed_f04.tif,s3://morphology_profiles/filtered_mp/25992-Ph_golgi/merged_25992-Ph_golgi_f04.tif,s3://morphology_profiles/filtered_mp/25992-Mito/merged_25992-Mito_f04.tif
CC(=O)[C@H]1CC[C@H]2[C@@H]3CCC4=CC(=O)CC[C@]4(C)[C@H]3CC[C@]12C,25992,F6,s3://morphology_profiles/filtered_mp/25992-Hoechst/merged_25992-Hoechst_f06.tif,s3://morphology_profiles/filtered_mp/25992-ERSyto/merged_25992-ERSyto_f06.tif,s3://morphology_profiles/filtered_mp/25992-ERSytoBleed/merged_25992-ERSytoBleed_f06.tif,s3://morphology_profiles/filtered_mp/25992-Ph_golgi/merged_25992-Ph_golgi_f06.tif,s3://morphology_profiles/filtered_mp/25992-Mito/merged_25992-Mito_f06.tif
COc1ccc2cc(CCC(C)=O)ccc2c1,25992,F7,s3://morphology_profiles/filtered_mp/25992-Hoechst/merged_25992-Hoechst_f07.tif,s3://morphology_profiles/filtered_mp/25992-ERSyto/merged_25992-ERSyto_f07.tif,s3://morphology_profiles/filtered_mp/25992-ERSytoBleed/merged_25992-ERSytoBleed_f07.tif,s3://morphology_profiles/filtered_mp/25992-Ph_golgi/merged_25992-Ph_golgi_f07.tif,s3://morphology_profiles/filtered_mp/25992-Mito/merged_25992-Mito_f07.tif
N=c1[nH]c2cc(Cl)ccc2o1,25992,G2,s3://morphology_profiles/filtered_mp/25992-Hoechst/merged_25992-Hoechst_g02.tif,s3://morphology_profiles/filtered_mp/25992-ERSyto/merged_25992-ERSyto_g02.tif,s3://morphology_profiles/filtered_mp/25992-ERSytoBleed/merged_25992-ERSytoBleed_g02.tif,s3://morphology_profiles/filtered_mp/25992-Ph_golgi/merged_25992-Ph_golgi_g02.tif,s3://morphology_profiles/filtered_mp/25992-Mito/merged_25992-Mito_g02.tif
O=C1CCc2cc(OCCCCc3nnnn3C3CCCCC3)ccc2N1,25992,G16,s3://morphology_profiles/filtered_mp/25992-Hoechst/merged_25992-Hoechst_g16.tif,s3://morphology_profiles/filtered_mp/25992-ERSyto/merged_25992-ERSyto_g16.tif,s3://morphology_profiles/filtered_mp/25992-ERSytoBleed/merged_25992-ERSytoBleed_g16.tif,s3://morphology_profiles/filtered_mp/25992-Ph_golgi/merged_25992-Ph_golgi_g16.tif,s3://morphology_profiles/filtered_mp/25992-Mito/merged_25992-Mito_g16.tif
CN(C)c1nc(N(C)C)nc(N(C)C)n1,25992,G17,s3://morphology_profiles/filtered_mp/25992-Hoechst/merged_25992-Hoechst_g17.tif,s3://morphology_profiles/filtered_mp/25992-ERSyto/merged_25992-ERSyto_g17.tif,s3://morphology_profiles/filtered_mp/25992-ERSytoBleed/merged_25992-ERSytoBleed_g17.tif,s3://morphology_profiles/filtered_mp/25992-Ph_golgi/merged_25992-Ph_golgi_g17.tif,s3://morphology_profiles/filtered_mp/25992-Mito/merged_25992-Mito_g17.tif
O=C(CCCN1CCC(O)(c2ccc(Cl)cc2)CC1)c1ccc(F)cc1,25992,H13,s3://morphology_profiles/filtered_mp/25992-Hoechst/merged_25992-Hoechst_h13.tif,s3://morphology_profiles/filtered_mp/25992-ERSyto/merged_25992-ERSyto_h13.tif,s3://morphology_profiles/filtered_mp/25992-ERSytoBleed/merged_25992-ERSytoBleed_h13.tif,s3://morphology_profiles/filtered_mp/25992-Ph_golgi/merged_25992-Ph_golgi_h13.tif,s3://morphology_profiles/filtered_mp/25992-Mito/merged_25992-Mito_h13.tif
CC(=O)[C@H]1CC[C@H]2[C@@H]3C=CC4=CC(=O)CC[C@@]4(C)[C@@H]3CC[C@]12C,25992,I15,s3://morphology_profiles/filtered_mp/25992-Hoechst/merged_25992-Hoechst_i15.tif,s3://morphology_profiles/filtered_mp/25992-ERSyto/merged_25992-ERSyto_i15.tif,s3://morphology_profiles/filtered_mp/25992-ERSytoBleed/merged_25992-ERSytoBleed_i15.tif,s3://morphology_profiles/filtered_mp/25992-Ph_golgi/merged_25992-Ph_golgi_i15.tif,s3://morphology_profiles/filtered_mp/25992-Mito/merged_25992-Mito_i15.tif
C=C[C@H]1CN2CC[C@H]1C[C@@H]2[C@@H](O)c1ccnc2ccc(OC)cc12,25992,J14,s3://morphology_profiles/filtered_mp/25992-Hoechst/merged_25992-Hoechst_j14.tif,s3://morphology_profiles/filtered_mp/25992-ERSyto/merged_25992-ERSyto_j14.tif,s3://morphology_profiles/filtered_mp/25992-ERSytoBleed/merged_25992-ERSytoBleed_j14.tif,s3://morphology_profiles/filtered_mp/25992-Ph_golgi/merged_25992-Ph_golgi_j14.tif,s3://morphology_profiles/filtered_mp/25992-Mito/merged_25992-Mito_j14.tif
C=CC1=C(C(=O)O)N2C(=O)[C@@H](N=C(O)/C(=N\OCC(=O)O)c3csc(=N)[nH]3)[C@H]2SC1,25992,J20,s3://morphology_profiles/filtered_mp/25992-Hoechst/merged_25992-Hoechst_j20.tif,s3://morphology_profiles/filtered_mp/25992-ERSyto/merged_25992-ERSyto_j20.tif,s3://morphology_profiles/filtered_mp/25992-ERSytoBleed/merged_25992-ERSytoBleed_j20.tif,s3://morphology_profiles/filtered_mp/25992-Ph_golgi/merged_25992-Ph_golgi_j20.tif,s3://morphology_profiles/filtered_mp/25992-Mito/merged_25992-Mito_j20.tif
NS(=O)(=O)c1cc(Cl)c(Cl)c(S(N)(=O)=O)c1,25992,K6,s3://morphology_profiles/filtered_mp/25992-Hoechst/merged_25992-Hoechst_k06.tif,s3://morphology_profiles/filtered_mp/25992-ERSyto/merged_25992-ERSyto_k06.tif,s3://morphology_profiles/filtered_mp/25992-ERSytoBleed/merged_25992-ERSytoBleed_k06.tif,s3://morphology_profiles/filtered_mp/25992-Ph_golgi/merged_25992-Ph_golgi_k06.tif,s3://morphology_profiles/filtered_mp/25992-Mito/merged_25992-Mito_k06.tif
O=C(O)c1cc(-c2ccccc2)nc2ccccc12,25992,L11,s3://morphology_profiles/filtered_mp/25992-Hoechst/merged_25992-Hoechst_l11.tif,s3://morphology_profiles/filtered_mp/25992-ERSyto/merged_25992-ERSyto_l11.tif,s3://morphology_profiles/filtered_mp/25992-ERSytoBleed/merged_25992-ERSytoBleed_l11.tif,s3://morphology_profiles/filtered_mp/25992-Ph_golgi/merged_25992-Ph_golgi_l11.tif,s3://morphology_profiles/filtered_mp/25992-Mito/merged_25992-Mito_l11.tif
CC1=Nc2ccc(Cl)cc2S(=O)(=O)N1,25992,L13,s3://morphology_profiles/filtered_mp/25992-Hoechst/merged_25992-Hoechst_l13.tif,s3://morphology_profiles/filtered_mp/25992-ERSyto/merged_25992-ERSyto_l13.tif,s3://morphology_profiles/filtered_mp/25992-ERSytoBleed/merged_25992-ERSytoBleed_l13.tif,s3://morphology_profiles/filtered_mp/25992-Ph_golgi/merged_25992-Ph_golgi_l13.tif,s3://morphology_profiles/filtered_mp/25992-Mito/merged_25992-Mito_l13.tif
CCN[C@H]1CN(CCCOC)S(=O)(=O)c2sc(S(N)(=O)=O)cc21,25992,N3,s3://morphology_profiles/filtered_mp/25992-Hoechst/merged_25992-Hoechst_n03.tif,s3://morphology_profiles/filtered_mp/25992-ERSyto/merged_25992-ERSyto_n03.tif,s3://morphology_profiles/filtered_mp/25992-ERSytoBleed/merged_25992-ERSytoBleed_n03.tif,s3://morphology_profiles/filtered_mp/25992-Ph_golgi/merged_25992-Ph_golgi_n03.tif,s3://morphology_profiles/filtered_mp/25992-Mito/merged_25992-Mito_n03.tif
CCN(CC)CCN=C(O)c1cc(Cl)c(N)cc1OC,25992,N17,s3://morphology_profiles/filtered_mp/25992-Hoechst/merged_25992-Hoechst_n17.tif,s3://morphology_profiles/filtered_mp/25992-ERSyto/merged_25992-ERSyto_n17.tif,s3://morphology_profiles/filtered_mp/25992-ERSytoBleed/merged_25992-ERSytoBleed_n17.tif,s3://morphology_profiles/filtered_mp/25992-Ph_golgi/merged_25992-Ph_golgi_n17.tif,s3://morphology_profiles/filtered_mp/25992-Mito/merged_25992-Mito_n17.tif
CC1=C(/C=C/C(C)=C/C=C/C(C)=C\C(=O)O)C(C)(C)CCC1,25992,O15,s3://morphology_profiles/filtered_mp/25992-Hoechst/merged_25992-Hoechst_o15.tif,s3://morphology_profiles/filtered_mp/25992-ERSyto/merged_25992-ERSyto_o15.tif,s3://morphology_profiles/filtered_mp/25992-ERSytoBleed/merged_25992-ERSytoBleed_o15.tif,s3://morphology_profiles/filtered_mp/25992-Ph_golgi/merged_25992-Ph_golgi_o15.tif,s3://morphology_profiles/filtered_mp/25992-Mito/merged_25992-Mito_o15.tif
C[C@]12C=CC(=O)C=C1CC[C@H]1[C@@H]3C[C@@H](O)[C@](O)(C(=O)CO)[C@@]3(C)C[C@H](O)[C@@]12F,25992,P3,s3://morphology_profiles/filtered_mp/25992-Hoechst/merged_25992-Hoechst_p03.tif,s3://morphology_profiles/filtered_mp/25992-ERSyto/merged_25992-ERSyto_p03.tif,s3://morphology_profiles/filtered_mp/25992-ERSytoBleed/merged_25992-ERSytoBleed_p03.tif,s3://morphology_profiles/filtered_mp/25992-Ph_golgi/merged_25992-Ph_golgi_p03.tif,s3://morphology_profiles/filtered_mp/25992-Mito/merged_25992-Mito_p03.tif
CCCc1nn(C)c2c(=O)[nH]c(-c3cc(S(=O)(=O)N4CCN(C)CC4)ccc3OCC)nc12,26224,B6,s3://morphology_profiles/filtered_mp/26224-Hoechst/merged_26224-Hoechst_b06.tif,s3://morphology_profiles/filtered_mp/26224-ERSyto/merged_26224-ERSyto_b06.tif,s3://morphology_profiles/filtered_mp/26224-ERSytoBleed/merged_26224-ERSytoBleed_b06.tif,s3://morphology_profiles/filtered_mp/26224-Ph_golgi/merged_26224-Ph_golgi_b06.tif,s3://morphology_profiles/filtered_mp/26224-Mito/merged_26224-Mito_b06.tif
C#C[C@]1(O)CC[C@H]2[C@@H]3CCC4=C(CCC(=O)C4)[C@H]3CC[C@@]21C,26224,B12,s3://morphology_profiles/filtered_mp/26224-Hoechst/merged_26224-Hoechst_b12.tif,s3://morphology_profiles/filtered_mp/26224-ERSyto/merged_26224-ERSyto_b12.tif,s3://morphology_profiles/filtered_mp/26224-ERSytoBleed/merged_26224-ERSytoBleed_b12.tif,s3://morphology_profiles/filtered_mp/26224-Ph_golgi/merged_26224-Ph_golgi_b12.tif,s3://morphology_profiles/filtered_mp/26224-Mito/merged_26224-Mito_b12.tif
CC1(C)O[C@@H]2C[C@H]3[C@@H]4CCC5=CC(=O)CC[C@]5(C)[C@@]4(F)[C@@H](O)C[C@]3(C)[C@]2(C(=O)CCl)O1,26224,C14,s3://morphology_profiles/filtered_mp/26224-Hoechst/merged_26224-Hoechst_c14.tif,s3://morphology_profiles/filtered_mp/26224-ERSyto/merged_26224-ERSyto_c14.tif,s3://morphology_profiles/filtered_mp/26224-ERSytoBleed/merged_26224-ERSytoBleed_c14.tif,s3://morphology_profiles/filtered_mp/26224-Ph_golgi/merged_26224-Ph_golgi_c14.tif,s3://morphology_profiles/filtered_mp/26224-Mito/merged_26224-Mito_c14.tif
NN=c1[nH]ncc2ccccc12,26224,C23,s3://morphology_profiles/filtered_mp/26224-Hoechst/merged_26224-Hoechst_c23.tif,s3://morphology_profiles/filtered_mp/26224-ERSyto/merged_26224-ERSyto_c23.tif,s3://morphology_profiles/filtered_mp/26224-ERSytoBleed/merged_26224-ERSytoBleed_c23.tif,s3://morphology_profiles/filtered_mp/26224-Ph_golgi/merged_26224-Ph_golgi_c23.tif,s3://morphology_profiles/filtered_mp/26224-Mito/merged_26224-Mito_c23.tif
Cc1ccc(C(=O)c2ccc(CC(=O)O)n2C)cc1,26224,D6,s3://morphology_profiles/filtered_mp/26224-Hoechst/merged_26224-Hoechst_d06.tif,s3://morphology_profiles/filtered_mp/26224-ERSyto/merged_26224-ERSyto_d06.tif,s3://morphology_profiles/filtered_mp/26224-ERSytoBleed/merged_26224-ERSytoBleed_d06.tif,s3://morphology_profiles/filtered_mp/26224-Ph_golgi/merged_26224-Ph_golgi_d06.tif,s3://morphology_profiles/filtered_mp/26224-Mito/merged_26224-Mito_d06.tif
CCOC(=O)N1CCC(=C2c3ccc(Cl)cc3CCc3cccnc32)CC1,26224,D9,s3://morphology_profiles/filtered_mp/26224-Hoechst/merged_26224-Hoechst_d09.tif,s3://morphology_profiles/filtered_mp/26224-ERSyto/merged_26224-ERSyto_d09.tif,s3://morphology_profiles/filtered_mp/26224-ERSytoBleed/merged_26224-ERSytoBleed_d09.tif,s3://morphology_profiles/filtered_mp/26224-Ph_golgi/merged_26224-Ph_golgi_d09.tif,s3://morphology_profiles/filtered_mp/26224-Mito/merged_26224-Mito_d09.tif
CCOc1cc(CC(O)=N[C@@H](CC(C)C)c2ccccc2N2CCCCC2)ccc1C(=O)O,26224,D13,s3://morphology_profiles/filtered_mp/26224-Hoechst/merged_26224-Hoechst_d13.tif,s3://morphology_profiles/filtered_mp/26224-ERSyto/merged_26224-ERSyto_d13.tif,s3://morphology_profiles/filtered_mp/26224-ERSytoBleed/merged_26224-ERSytoBleed_d13.tif,s3://morphology_profiles/filtered_mp/26224-Ph_golgi/merged_26224-Ph_golgi_d13.tif,s3://morphology_profiles/filtered_mp/26224-Mito/merged_26224-Mito_d13.tif
C#CCN(C)Cc1ccccc1,26224,E6,s3://morphology_profiles/filtered_mp/26224-Hoechst/merged_26224-Hoechst_e06.tif,s3://morphology_profiles/filtered_mp/26224-ERSyto/merged_26224-ERSyto_e06.tif,s3://morphology_profiles/filtered_mp/26224-ERSytoBleed/merged_26224-ERSytoBleed_e06.tif,s3://morphology_profiles/filtered_mp/26224-Ph_golgi/merged_26224-Ph_golgi_e06.tif,s3://morphology_profiles/filtered_mp/26224-Mito/merged_26224-Mito_e06.tif
CCCCN=C(O)NS(=O)(=O)c1ccc(C)cc1,26224,E22,s3://morphology_profiles/filtered_mp/26224-Hoechst/merged_26224-Hoechst_e22.tif,s3://morphology_profiles/filtered_mp/26224-ERSyto/merged_26224-ERSyto_e22.tif,s3://morphology_profiles/filtered_mp/26224-ERSytoBleed/merged_26224-ERSytoBleed_e22.tif,s3://morphology_profiles/filtered_mp/26224-Ph_golgi/merged_26224-Ph_golgi_e22.tif,s3://morphology_profiles/filtered_mp/26224-Mito/merged_26224-Mito_e22.tif
CC(C)N1CCN(c2ccc(OC[C@H]3CO[C@](Cn4cncn4)(c4ccc(Cl)cc4Cl)O3)cc2)CC1,26224,F12,s3://morphology_profiles/filtered_mp/26224-Hoechst/merged_26224-Hoechst_f12.tif,s3://morphology_profiles/filtered_mp/26224-ERSyto/merged_26224-ERSyto_f12.tif,s3://morphology_profiles/filtered_mp/26224-ERSytoBleed/merged_26224-ERSytoBleed_f12.tif,s3://morphology_profiles/filtered_mp/26224-Ph_golgi/merged_26224-Ph_golgi_f12.tif,s3://morphology_profiles/filtered_mp/26224-Mito/merged_26224-Mito_f12.tif
C#CCN(C)[C@H](C)Cc1ccccc1,26224,F14,s3://morphology_profiles/filtered_mp/26224-Hoechst/merged_26224-Hoechst_f14.tif,s3://morphology_profiles/filtered_mp/26224-ERSyto/merged_26224-ERSyto_f14.tif,s3://morphology_profiles/filtered_mp/26224-ERSytoBleed/merged_26224-ERSytoBleed_f14.tif,s3://morphology_profiles/filtered_mp/26224-Ph_golgi/merged_26224-Ph_golgi_f14.tif,s3://morphology_profiles/filtered_mp/26224-Mito/merged_26224-Mito_f14.tif
CCN1CCN(C(O)=N[C@@H](C(O)=N[C@@H]2C(=O)N3[C@@H]2SC(C)(C)[C@@H]3C(=O)O)c2ccccc2)C(=O)C1=O,26224,F21,s3://morphology_profiles/filtered_mp/26224-Hoechst/merged_26224-Hoechst_f21.tif,s3://morphology_profiles/filtered_mp/26224-ERSyto/merged_26224-ERSyto_f21.tif,s3://morphology_profiles/filtered_mp/26224-ERSytoBleed/merged_26224-ERSytoBleed_f21.tif,s3://morphology_profiles/filtered_mp/26224-Ph_golgi/merged_26224-Ph_golgi_f21.tif,s3://morphology_profiles/filtered_mp/26224-Mito/merged_26224-Mito_f21.tif
C=CCN1C[C@H](C(=O)N(CCCN(C)C)C(O)=NCC)C[C@@H]2c3cccc4[nH]cc(c34)C[C@H]21,26224,F22,s3://morphology_profiles/filtered_mp/26224-Hoechst/merged_26224-Hoechst_f22.tif,s3://morphology_profiles/filtered_mp/26224-ERSyto/merged_26224-ERSyto_f22.tif,s3://morphology_profiles/filtered_mp/26224-ERSytoBleed/merged_26224-ERSytoBleed_f22.tif,s3://morphology_profiles/filtered_mp/26224-Ph_golgi/merged_26224-Ph_golgi_f22.tif,s3://morphology_profiles/filtered_mp/26224-Mito/merged_26224-Mito_f22.tif
N#Cc1ccc(C(c2ccc(C#N)cc2)n2cncn2)cc1,26224,H13,s3://morphology_profiles/filtered_mp/26224-Hoechst/merged_26224-Hoechst_h13.tif,s3://morphology_profiles/filtered_mp/26224-ERSyto/merged_26224-ERSyto_h13.tif,s3://morphology_profiles/filtered_mp/26224-ERSytoBleed/merged_26224-ERSytoBleed_h13.tif,s3://morphology_profiles/filtered_mp/26224-Ph_golgi/merged_26224-Ph_golgi_h13.tif,s3://morphology_profiles/filtered_mp/26224-Mito/merged_26224-Mito_h13.tif
CC1(C)S[C@@H]2[C@H](N=C(O)C3(N)CCCCC3)C(=O)N2[C@H]1C(=O)O,26224,H18,s3://morphology_profiles/filtered_mp/26224-Hoechst/merged_26224-Hoechst_h18.tif,s3://morphology_profiles/filtered_mp/26224-ERSyto/merged_26224-ERSyto_h18.tif,s3://morphology_profiles/filtered_mp/26224-ERSytoBleed/merged_26224-ERSytoBleed_h18.tif,s3://morphology_profiles/filtered_mp/26224-Ph_golgi/merged_26224-Ph_golgi_h18.tif,s3://morphology_profiles/filtered_mp/26224-Mito/merged_26224-Mito_h18.tif
CCS(=O)(=O)CCn1c([N+](=O)[O-])cnc1C,26224,H23,s3://morphology_profiles/filtered_mp/26224-Hoechst/merged_26224-Hoechst_h23.tif,s3://morphology_profiles/filtered_mp/26224-ERSyto/merged_26224-ERSyto_h23.tif,s3://morphology_profiles/filtered_mp/26224-ERSytoBleed/merged_26224-ERSytoBleed_h23.tif,s3://morphology_profiles/filtered_mp/26224-Ph_golgi/merged_26224-Ph_golgi_h23.tif,s3://morphology_profiles/filtered_mp/26224-Mito/merged_26224-Mito_h23.tif
N[C@@H](Cc1cc(I)c(Oc2ccc(O)c(I)c2)c(I)c1)C(=O)O,26224,H24,s3://morphology_profiles/filtered_mp/26224-Hoechst/merged_26224-Hoechst_h24.tif,s3://morphology_profiles/filtered_mp/26224-ERSyto/merged_26224-ERSyto_h24.tif,s3://morphology_profiles/filtered_mp/26224-ERSytoBleed/merged_26224-ERSytoBleed_h24.tif,s3://morphology_profiles/filtered_mp/26224-Ph_golgi/merged_26224-Ph_golgi_h24.tif,s3://morphology_profiles/filtered_mp/26224-Mito/merged_26224-Mito_h24.tif
CC(=O)S[C@@H]1CC2=CC(=O)CC[C@]2(C)[C@H]2CC[C@@]3(C)[C@@H](CC[C@@]34CCC(=O)O4)[C@H]12,26224,I17,s3://morphology_profiles/filtered_mp/26224-Hoechst/merged_26224-Hoechst_i17.tif,s3://morphology_profiles/filtered_mp/26224-ERSyto/merged_26224-ERSyto_i17.tif,s3://morphology_profiles/filtered_mp/26224-ERSytoBleed/merged_26224-ERSytoBleed_i17.tif,s3://morphology_profiles/filtered_mp/26224-Ph_golgi/merged_26224-Ph_golgi_i17.tif,s3://morphology_profiles/filtered_mp/26224-Mito/merged_26224-Mito_i17.tif
Cc1ccc(N(CC2=NCCN2)c2cccc(O)c2)cc1,26224,I24,s3://morphology_profiles/filtered_mp/26224-Hoechst/merged_26224-Hoechst_i24.tif,s3://morphology_profiles/filtered_mp/26224-ERSyto/merged_26224-ERSyto_i24.tif,s3://morphology_profiles/filtered_mp/26224-ERSytoBleed/merged_26224-ERSytoBleed_i24.tif,s3://morphology_profiles/filtered_mp/26224-Ph_golgi/merged_26224-Ph_golgi_i24.tif,s3://morphology_profiles/filtered_mp/26224-Mito/merged_26224-Mito_i24.tif
C[C@H](CCC(=O)O)[C@H]1CC[C@H]2[C@@H]3C(=O)C[C@@H]4CC(=O)CC[C@]4(C)[C@H]3CC(=O)[C@]12C,26224,J9,s3://morphology_profiles/filtered_mp/26224-Hoechst/merged_26224-Hoechst_j09.tif,s3://morphology_profiles/filtered_mp/26224-ERSyto/merged_26224-ERSyto_j09.tif,s3://morphology_profiles/filtered_mp/26224-ERSytoBleed/merged_26224-ERSytoBleed_j09.tif,s3://morphology_profiles/filtered_mp/26224-Ph_golgi/merged_26224-Ph_golgi_j09.tif,s3://morphology_profiles/filtered_mp/26224-Mito/merged_26224-Mito_j09.tif
Cc1cc(C(=O)NNCc2ccccc2)no1,26224,L10,s3://morphology_profiles/filtered_mp/26224-Hoechst/merged_26224-Hoechst_l10.tif,s3://morphology_profiles/filtered_mp/26224-ERSyto/merged_26224-ERSyto_l10.tif,s3://morphology_profiles/filtered_mp/26224-ERSytoBleed/merged_26224-ERSytoBleed_l10.tif,s3://morphology_profiles/filtered_mp/26224-Ph_golgi/merged_26224-Ph_golgi_l10.tif,s3://morphology_profiles/filtered_mp/26224-Mito/merged_26224-Mito_l10.tif
C[C@]12CCC(=O)C=C1CC[C@@H]1[C@@H]2[C@@H](O)C[C@@]2(C)[C@H]1CC[C@]2(O)C(=O)CO,26224,L19,s3://morphology_profiles/filtered_mp/26224-Hoechst/merged_26224-Hoechst_l19.tif,s3://morphology_profiles/filtered_mp/26224-ERSyto/merged_26224-ERSyto_l19.tif,s3://morphology_profiles/filtered_mp/26224-ERSytoBleed/merged_26224-ERSytoBleed_l19.tif,s3://morphology_profiles/filtered_mp/26224-Ph_golgi/merged_26224-Ph_golgi_l19.tif,s3://morphology_profiles/filtered_mp/26224-Mito/merged_26224-Mito_l19.tif
CC/C(=C(\c1ccccc1)c1ccc(OCCN(C)C)cc1)c1ccccc1,26224,L21,s3://morphology_profiles/filtered_mp/26224-Hoechst/merged_26224-Hoechst_l21.tif,s3://morphology_profiles/filtered_mp/26224-ERSyto/merged_26224-ERSyto_l21.tif,s3://morphology_profiles/filtered_mp/26224-ERSytoBleed/merged_26224-ERSytoBleed_l21.tif,s3://morphology_profiles/filtered_mp/26224-Ph_golgi/merged_26224-Ph_golgi_l21.tif,s3://morphology_profiles/filtered_mp/26224-Mito/merged_26224-Mito_l21.tif
COc1cc2c(cc1OC)[C@@H]1CC(=O)[C@@H](CC(C)C)CN1CC2,26224,N15,s3://morphology_profiles/filtered_mp/26224-Hoechst/merged_26224-Hoechst_n15.tif,s3://morphology_profiles/filtered_mp/26224-ERSyto/merged_26224-ERSyto_n15.tif,s3://morphology_profiles/filtered_mp/26224-ERSytoBleed/merged_26224-ERSytoBleed_n15.tif,s3://morphology_profiles/filtered_mp/26224-Ph_golgi/merged_26224-Ph_golgi_n15.tif,s3://morphology_profiles/filtered_mp/26224-Mito/merged_26224-Mito_n15.tif
Cc1ccc(=O)n(-c2ccccc2)c1,26224,O16,s3://morphology_profiles/filtered_mp/26224-Hoechst/merged_26224-Hoechst_o16.tif,s3://morphology_profiles/filtered_mp/26224-ERSyto/merged_26224-ERSyto_o16.tif,s3://morphology_profiles/filtered_mp/26224-ERSytoBleed/merged_26224-ERSytoBleed_o16.tif,s3://morphology_profiles/filtered_mp/26224-Ph_golgi/merged_26224-Ph_golgi_o16.tif,s3://morphology_profiles/filtered_mp/26224-Mito/merged_26224-Mito_o16.tif
OC(c1ccccc1)(c1ccccc1)C1CCNCC1,26224,O17,s3://morphology_profiles/filtered_mp/26224-Hoechst/merged_26224-Hoechst_o17.tif,s3://morphology_profiles/filtered_mp/26224-ERSyto/merged_26224-ERSyto_o17.tif,s3://morphology_profiles/filtered_mp/26224-ERSytoBleed/merged_26224-ERSytoBleed_o17.tif,s3://morphology_profiles/filtered_mp/26224-Ph_golgi/merged_26224-Ph_golgi_o17.tif,s3://morphology_profiles/filtered_mp/26224-Mito/merged_26224-Mito_o17.tif
O=c1c(O)c(-c2ccc(O)c(O)c2)oc2cc(O)cc(O)c12,26224,P1,s3://morphology_profiles/filtered_mp/26224-Hoechst/merged_26224-Hoechst_p01.tif,s3://morphology_profiles/filtered_mp/26224-ERSyto/merged_26224-ERSyto_p01.tif,s3://morphology_profiles/filtered_mp/26224-ERSytoBleed/merged_26224-ERSytoBleed_p01.tif,s3://morphology_profiles/filtered_mp/26224-Ph_golgi/merged_26224-Ph_golgi_p01.tif,s3://morphology_profiles/filtered_mp/26224-Mito/merged_26224-Mito_p01.tif
Cn1c(=O)c2nc[nH]c2n(C)c1=O,26224,P15,s3://morphology_profiles/filtered_mp/26224-Hoechst/merged_26224-Hoechst_p15.tif,s3://morphology_profiles/filtered_mp/26224-ERSyto/merged_26224-ERSyto_p15.tif,s3://morphology_profiles/filtered_mp/26224-ERSytoBleed/merged_26224-ERSytoBleed_p15.tif,s3://morphology_profiles/filtered_mp/26224-Ph_golgi/merged_26224-Ph_golgi_p15.tif,s3://morphology_profiles/filtered_mp/26224-Mito/merged_26224-Mito_p15.tif
C[C@]12C=CC(=O)C=C1CC[C@@H]1[C@@H]2[C@@H](O)C[C@@]2(C)[C@H]1CC[C@]2(O)C(=O)CO,26224,P17,s3://morphology_profiles/filtered_mp/26224-Hoechst/merged_26224-Hoechst_p17.tif,s3://morphology_profiles/filtered_mp/26224-ERSyto/merged_26224-ERSyto_p17.tif,s3://morphology_profiles/filtered_mp/26224-ERSytoBleed/merged_26224-ERSytoBleed_p17.tif,s3://morphology_profiles/filtered_mp/26224-Ph_golgi/merged_26224-Ph_golgi_p17.tif,s3://morphology_profiles/filtered_mp/26224-Mito/merged_26224-Mito_p17.tif
Oc1nc2cc(Cl)ccc2o1,26224,P21,s3://morphology_profiles/filtered_mp/26224-Hoechst/merged_26224-Hoechst_p21.tif,s3://morphology_profiles/filtered_mp/26224-ERSyto/merged_26224-ERSyto_p21.tif,s3://morphology_profiles/filtered_mp/26224-ERSytoBleed/merged_26224-ERSytoBleed_p21.tif,s3://morphology_profiles/filtered_mp/26224-Ph_golgi/merged_26224-Ph_golgi_p21.tif,s3://morphology_profiles/filtered_mp/26224-Mito/merged_26224-Mito_p21.tif
CCCc1nn(C)c2c(=O)[nH]c(-c3cc(S(=O)(=O)N4CCN(C)CC4)ccc3OCC)nc12,26232,B6,s3://morphology_profiles/filtered_mp/26232-Hoechst/merged_26232-Hoechst_b06.tif,s3://morphology_profiles/filtered_mp/26232-ERSyto/merged_26232-ERSyto_b06.tif,s3://morphology_profiles/filtered_mp/26232-ERSytoBleed/merged_26232-ERSytoBleed_b06.tif,s3://morphology_profiles/filtered_mp/26232-Ph_golgi/merged_26232-Ph_golgi_b06.tif,s3://morphology_profiles/filtered_mp/26232-Mito/merged_26232-Mito_b06.tif
C#C[C@]1(O)CC[C@H]2[C@@H]3CCC4=C(CCC(=O)C4)[C@H]3CC[C@@]21C,26232,B12,s3://morphology_profiles/filtered_mp/26232-Hoechst/merged_26232-Hoechst_b12.tif,s3://morphology_profiles/filtered_mp/26232-ERSyto/merged_26232-ERSyto_b12.tif,s3://morphology_profiles/filtered_mp/26232-ERSytoBleed/merged_26232-ERSytoBleed_b12.tif,s3://morphology_profiles/filtered_mp/26232-Ph_golgi/merged_26232-Ph_golgi_b12.tif,s3://morphology_profiles/filtered_mp/26232-Mito/merged_26232-Mito_b12.tif
CC1(C)O[C@@H]2C[C@H]3[C@@H]4CCC5=CC(=O)CC[C@]5(C)[C@@]4(F)[C@@H](O)C[C@]3(C)[C@]2(C(=O)CCl)O1,26232,C14,s3://morphology_profiles/filtered_mp/26232-Hoechst/merged_26232-Hoechst_c14.tif,s3://morphology_profiles/filtered_mp/26232-ERSyto/merged_26232-ERSyto_c14.tif,s3://morphology_profiles/filtered_mp/26232-ERSytoBleed/merged_26232-ERSytoBleed_c14.tif,s3://morphology_profiles/filtered_mp/26232-Ph_golgi/merged_26232-Ph_golgi_c14.tif,s3://morphology_profiles/filtered_mp/26232-Mito/merged_26232-Mito_c14.tif
NN=c1[nH]ncc2ccccc12,26232,C23,s3://morphology_profiles/filtered_mp/26232-Hoechst/merged_26232-Hoechst_c23.tif,s3://morphology_profiles/filtered_mp/26232-ERSyto/merged_26232-ERSyto_c23.tif,s3://morphology_profiles/filtered_mp/26232-ERSytoBleed/merged_26232-ERSytoBleed_c23.tif,s3://morphology_profiles/filtered_mp/26232-Ph_golgi/merged_26232-Ph_golgi_c23.tif,s3://morphology_profiles/filtered_mp/26232-Mito/merged_26232-Mito_c23.tif
Cc1ccc(C(=O)c2ccc(CC(=O)O)n2C)cc1,26232,D6,s3://morphology_profiles/filtered_mp/26232-Hoechst/merged_26232-Hoechst_d06.tif,s3://morphology_profiles/filtered_mp/26232-ERSyto/merged_26232-ERSyto_d06.tif,s3://morphology_profiles/filtered_mp/26232-ERSytoBleed/merged_26232-ERSytoBleed_d06.tif,s3://morphology_profiles/filtered_mp/26232-Ph_golgi/merged_26232-Ph_golgi_d06.tif,s3://morphology_profiles/filtered_mp/26232-Mito/merged_26232-Mito_d06.tif
CCOC(=O)N1CCC(=C2c3ccc(Cl)cc3CCc3cccnc32)CC1,26232,D9,s3://morphology_profiles/filtered_mp/26232-Hoechst/merged_26232-Hoechst_d09.tif,s3://morphology_profiles/filtered_mp/26232-ERSyto/merged_26232-ERSyto_d09.tif,s3://morphology_profiles/filtered_mp/26232-ERSytoBleed/merged_26232-ERSytoBleed_d09.tif,s3://morphology_profiles/filtered_mp/26232-Ph_golgi/merged_26232-Ph_golgi_d09.tif,s3://morphology_profiles/filtered_mp/26232-Mito/merged_26232-Mito_d09.tif
CCOc1cc(CC(O)=N[C@@H](CC(C)C)c2ccccc2N2CCCCC2)ccc1C(=O)O,26232,D13,s3://morphology_profiles/filtered_mp/26232-Hoechst/merged_26232-Hoechst_d13.tif,s3://morphology_profiles/filtered_mp/26232-ERSyto/merged_26232-ERSyto_d13.tif,s3://morphology_profiles/filtered_mp/26232-ERSytoBleed/merged_26232-ERSytoBleed_d13.tif,s3://morphology_profiles/filtered_mp/26232-Ph_golgi/merged_26232-Ph_golgi_d13.tif,s3://morphology_profiles/filtered_mp/26232-Mito/merged_26232-Mito_d13.tif
C#CCN(C)Cc1ccccc1,26232,E6,s3://morphology_profiles/filtered_mp/26232-Hoechst/merged_26232-Hoechst_e06.tif,s3://morphology_profiles/filtered_mp/26232-ERSyto/merged_26232-ERSyto_e06.tif,s3://morphology_profiles/filtered_mp/26232-ERSytoBleed/merged_26232-ERSytoBleed_e06.tif,s3://morphology_profiles/filtered_mp/26232-Ph_golgi/merged_26232-Ph_golgi_e06.tif,s3://morphology_profiles/filtered_mp/26232-Mito/merged_26232-Mito_e06.tif
CCCCN=C(O)NS(=O)(=O)c1ccc(C)cc1,26232,E22,s3://morphology_profiles/filtered_mp/26232-Hoechst/merged_26232-Hoechst_e22.tif,s3://morphology_profiles/filtered_mp/26232-ERSyto/merged_26232-ERSyto_e22.tif,s3://morphology_profiles/filtered_mp/26232-ERSytoBleed/merged_26232-ERSytoBleed_e22.tif,s3://morphology_profiles/filtered_mp/26232-Ph_golgi/merged_26232-Ph_golgi_e22.tif,s3://morphology_profiles/filtered_mp/26232-Mito/merged_26232-Mito_e22.tif
CC(C)N1CCN(c2ccc(OC[C@H]3CO[C@](Cn4cncn4)(c4ccc(Cl)cc4Cl)O3)cc2)CC1,26232,F12,s3://morphology_profiles/filtered_mp/26232-Hoechst/merged_26232-Hoechst_f12.tif,s3://morphology_profiles/filtered_mp/26232-ERSyto/merged_26232-ERSyto_f12.tif,s3://morphology_profiles/filtered_mp/26232-ERSytoBleed/merged_26232-ERSytoBleed_f12.tif,s3://morphology_profiles/filtered_mp/26232-Ph_golgi/merged_26232-Ph_golgi_f12.tif,s3://morphology_profiles/filtered_mp/26232-Mito/merged_26232-Mito_f12.tif
C#CCN(C)[C@H](C)Cc1ccccc1,26232,F14,s3://morphology_profiles/filtered_mp/26232-Hoechst/merged_26232-Hoechst_f14.tif,s3://morphology_profiles/filtered_mp/26232-ERSyto/merged_26232-ERSyto_f14.tif,s3://morphology_profiles/filtered_mp/26232-ERSytoBleed/merged_26232-ERSytoBleed_f14.tif,s3://morphology_profiles/filtered_mp/26232-Ph_golgi/merged_26232-Ph_golgi_f14.tif,s3://morphology_profiles/filtered_mp/26232-Mito/merged_26232-Mito_f14.tif
CCN1CCN(C(O)=N[C@@H](C(O)=N[C@@H]2C(=O)N3[C@@H]2SC(C)(C)[C@@H]3C(=O)O)c2ccccc2)C(=O)C1=O,26232,F21,s3://morphology_profiles/filtered_mp/26232-Hoechst/merged_26232-Hoechst_f21.tif,s3://morphology_profiles/filtered_mp/26232-ERSyto/merged_26232-ERSyto_f21.tif,s3://morphology_profiles/filtered_mp/26232-ERSytoBleed/merged_26232-ERSytoBleed_f21.tif,s3://morphology_profiles/filtered_mp/26232-Ph_golgi/merged_26232-Ph_golgi_f21.tif,s3://morphology_profiles/filtered_mp/26232-Mito/merged_26232-Mito_f21.tif
C=CCN1C[C@H](C(=O)N(CCCN(C)C)C(O)=NCC)C[C@@H]2c3cccc4[nH]cc(c34)C[C@H]21,26232,F22,s3://morphology_profiles/filtered_mp/26232-Hoechst/merged_26232-Hoechst_f22.tif,s3://morphology_profiles/filtered_mp/26232-ERSyto/merged_26232-ERSyto_f22.tif,s3://morphology_profiles/filtered_mp/26232-ERSytoBleed/merged_26232-ERSytoBleed_f22.tif,s3://morphology_profiles/filtered_mp/26232-Ph_golgi/merged_26232-Ph_golgi_f22.tif,s3://morphology_profiles/filtered_mp/26232-Mito/merged_26232-Mito_f22.tif
N#Cc1ccc(C(c2ccc(C#N)cc2)n2cncn2)cc1,26232,H13,s3://morphology_profiles/filtered_mp/26232-Hoechst/merged_26232-Hoechst_h13.tif,s3://morphology_profiles/filtered_mp/26232-ERSyto/merged_26232-ERSyto_h13.tif,s3://morphology_profiles/filtered_mp/26232-ERSytoBleed/merged_26232-ERSytoBleed_h13.tif,s3://morphology_profiles/filtered_mp/26232-Ph_golgi/merged_26232-Ph_golgi_h13.tif,s3://morphology_profiles/filtered_mp/26232-Mito/merged_26232-Mito_h13.tif
CC1(C)S[C@@H]2[C@H](N=C(O)C3(N)CCCCC3)C(=O)N2[C@H]1C(=O)O,26232,H18,s3://morphology_profiles/filtered_mp/26232-Hoechst/merged_26232-Hoechst_h18.tif,s3://morphology_profiles/filtered_mp/26232-ERSyto/merged_26232-ERSyto_h18.tif,s3://morphology_profiles/filtered_mp/26232-ERSytoBleed/merged_26232-ERSytoBleed_h18.tif,s3://morphology_profiles/filtered_mp/26232-Ph_golgi/merged_26232-Ph_golgi_h18.tif,s3://morphology_profiles/filtered_mp/26232-Mito/merged_26232-Mito_h18.tif
CCS(=O)(=O)CCn1c([N+](=O)[O-])cnc1C,26232,H23,s3://morphology_profiles/filtered_mp/26232-Hoechst/merged_26232-Hoechst_h23.tif,s3://morphology_profiles/filtered_mp/26232-ERSyto/merged_26232-ERSyto_h23.tif,s3://morphology_profiles/filtered_mp/26232-ERSytoBleed/merged_26232-ERSytoBleed_h23.tif,s3://morphology_profiles/filtered_mp/26232-Ph_golgi/merged_26232-Ph_golgi_h23.tif,s3://morphology_profiles/filtered_mp/26232-Mito/merged_26232-Mito_h23.tif
N[C@@H](Cc1cc(I)c(Oc2ccc(O)c(I)c2)c(I)c1)C(=O)O,26232,H24,s3://morphology_profiles/filtered_mp/26232-Hoechst/merged_26232-Hoechst_h24.tif,s3://morphology_profiles/filtered_mp/26232-ERSyto/merged_26232-ERSyto_h24.tif,s3://morphology_profiles/filtered_mp/26232-ERSytoBleed/merged_26232-ERSytoBleed_h24.tif,s3://morphology_profiles/filtered_mp/26232-Ph_golgi/merged_26232-Ph_golgi_h24.tif,s3://morphology_profiles/filtered_mp/26232-Mito/merged_26232-Mito_h24.tif
CC(=O)S[C@@H]1CC2=CC(=O)CC[C@]2(C)[C@H]2CC[C@@]3(C)[C@@H](CC[C@@]34CCC(=O)O4)[C@H]12,26232,I17,s3://morphology_profiles/filtered_mp/26232-Hoechst/merged_26232-Hoechst_i17.tif,s3://morphology_profiles/filtered_mp/26232-ERSyto/merged_26232-ERSyto_i17.tif,s3://morphology_profiles/filtered_mp/26232-ERSytoBleed/merged_26232-ERSytoBleed_i17.tif,s3://morphology_profiles/filtered_mp/26232-Ph_golgi/merged_26232-Ph_golgi_i17.tif,s3://morphology_profiles/filtered_mp/26232-Mito/merged_26232-Mito_i17.tif
Cc1ccc(N(CC2=NCCN2)c2cccc(O)c2)cc1,26232,I24,s3://morphology_profiles/filtered_mp/26232-Hoechst/merged_26232-Hoechst_i24.tif,s3://morphology_profiles/filtered_mp/26232-ERSyto/merged_26232-ERSyto_i24.tif,s3://morphology_profiles/filtered_mp/26232-ERSytoBleed/merged_26232-ERSytoBleed_i24.tif,s3://morphology_profiles/filtered_mp/26232-Ph_golgi/merged_26232-Ph_golgi_i24.tif,s3://morphology_profiles/filtered_mp/26232-Mito/merged_26232-Mito_i24.tif
C[C@H](CCC(=O)O)[C@H]1CC[C@H]2[C@@H]3C(=O)C[C@@H]4CC(=O)CC[C@]4(C)[C@H]3CC(=O)[C@]12C,26232,J9,s3://morphology_profiles/filtered_mp/26232-Hoechst/merged_26232-Hoechst_j09.tif,s3://morphology_profiles/filtered_mp/26232-ERSyto/merged_26232-ERSyto_j09.tif,s3://morphology_profiles/filtered_mp/26232-ERSytoBleed/merged_26232-ERSytoBleed_j09.tif,s3://morphology_profiles/filtered_mp/26232-Ph_golgi/merged_26232-Ph_golgi_j09.tif,s3://morphology_profiles/filtered_mp/26232-Mito/merged_26232-Mito_j09.tif
Cc1cc(C(=O)NNCc2ccccc2)no1,26232,L10,s3://morphology_profiles/filtered_mp/26232-Hoechst/merged_26232-Hoechst_l10.tif,s3://morphology_profiles/filtered_mp/26232-ERSyto/merged_26232-ERSyto_l10.tif,s3://morphology_profiles/filtered_mp/26232-ERSytoBleed/merged_26232-ERSytoBleed_l10.tif,s3://morphology_profiles/filtered_mp/26232-Ph_golgi/merged_26232-Ph_golgi_l10.tif,s3://morphology_profiles/filtered_mp/26232-Mito/merged_26232-Mito_l10.tif
C[C@]12CCC(=O)C=C1CC[C@@H]1[C@@H]2[C@@H](O)C[C@@]2(C)[C@H]1CC[C@]2(O)C(=O)CO,26232,L19,s3://morphology_profiles/filtered_mp/26232-Hoechst/merged_26232-Hoechst_l19.tif,s3://morphology_profiles/filtered_mp/26232-ERSyto/merged_26232-ERSyto_l19.tif,s3://morphology_profiles/filtered_mp/26232-ERSytoBleed/merged_26232-ERSytoBleed_l19.tif,s3://morphology_profiles/filtered_mp/26232-Ph_golgi/merged_26232-Ph_golgi_l19.tif,s3://morphology_profiles/filtered_mp/26232-Mito/merged_26232-Mito_l19.tif
CC/C(=C(\c1ccccc1)c1ccc(OCCN(C)C)cc1)c1ccccc1,26232,L21,s3://morphology_profiles/filtered_mp/26232-Hoechst/merged_26232-Hoechst_l21.tif,s3://morphology_profiles/filtered_mp/26232-ERSyto/merged_26232-ERSyto_l21.tif,s3://morphology_profiles/filtered_mp/26232-ERSytoBleed/merged_26232-ERSytoBleed_l21.tif,s3://morphology_profiles/filtered_mp/26232-Ph_golgi/merged_26232-Ph_golgi_l21.tif,s3://morphology_profiles/filtered_mp/26232-Mito/merged_26232-Mito_l21.tif
COc1cc2c(cc1OC)[C@@H]1CC(=O)[C@@H](CC(C)C)CN1CC2,26232,N15,s3://morphology_profiles/filtered_mp/26232-Hoechst/merged_26232-Hoechst_n15.tif,s3://morphology_profiles/filtered_mp/26232-ERSyto/merged_26232-ERSyto_n15.tif,s3://morphology_profiles/filtered_mp/26232-ERSytoBleed/merged_26232-ERSytoBleed_n15.tif,s3://morphology_profiles/filtered_mp/26232-Ph_golgi/merged_26232-Ph_golgi_n15.tif,s3://morphology_profiles/filtered_mp/26232-Mito/merged_26232-Mito_n15.tif
Cc1ccc(=O)n(-c2ccccc2)c1,26232,O16,s3://morphology_profiles/filtered_mp/26232-Hoechst/merged_26232-Hoechst_o16.tif,s3://morphology_profiles/filtered_mp/26232-ERSyto/merged_26232-ERSyto_o16.tif,s3://morphology_profiles/filtered_mp/26232-ERSytoBleed/merged_26232-ERSytoBleed_o16.tif,s3://morphology_profiles/filtered_mp/26232-Ph_golgi/merged_26232-Ph_golgi_o16.tif,s3://morphology_profiles/filtered_mp/26232-Mito/merged_26232-Mito_o16.tif
OC(c1ccccc1)(c1ccccc1)C1CCNCC1,26232,O17,s3://morphology_profiles/filtered_mp/26232-Hoechst/merged_26232-Hoechst_o17.tif,s3://morphology_profiles/filtered_mp/26232-ERSyto/merged_26232-ERSyto_o17.tif,s3://morphology_profiles/filtered_mp/26232-ERSytoBleed/merged_26232-ERSytoBleed_o17.tif,s3://morphology_profiles/filtered_mp/26232-Ph_golgi/merged_26232-Ph_golgi_o17.tif,s3://morphology_profiles/filtered_mp/26232-Mito/merged_26232-Mito_o17.tif
O=c1c(O)c(-c2ccc(O)c(O)c2)oc2cc(O)cc(O)c12,26232,P1,s3://morphology_profiles/filtered_mp/26232-Hoechst/merged_26232-Hoechst_p01.tif,s3://morphology_profiles/filtered_mp/26232-ERSyto/merged_26232-ERSyto_p01.tif,s3://morphology_profiles/filtered_mp/26232-ERSytoBleed/merged_26232-ERSytoBleed_p01.tif,s3://morphology_profiles/filtered_mp/26232-Ph_golgi/merged_26232-Ph_golgi_p01.tif,s3://morphology_profiles/filtered_mp/26232-Mito/merged_26232-Mito_p01.tif
Cn1c(=O)c2nc[nH]c2n(C)c1=O,26232,P15,s3://morphology_profiles/filtered_mp/26232-Hoechst/merged_26232-Hoechst_p15.tif,s3://morphology_profiles/filtered_mp/26232-ERSyto/merged_26232-ERSyto_p15.tif,s3://morphology_profiles/filtered_mp/26232-ERSytoBleed/merged_26232-ERSytoBleed_p15.tif,s3://morphology_profiles/filtered_mp/26232-Ph_golgi/merged_26232-Ph_golgi_p15.tif,s3://morphology_profiles/filtered_mp/26232-Mito/merged_26232-Mito_p15.tif
C[C@]12C=CC(=O)C=C1CC[C@@H]1[C@@H]2[C@@H](O)C[C@@]2(C)[C@H]1CC[C@]2(O)C(=O)CO,26232,P17,s3://morphology_profiles/filtered_mp/26232-Hoechst/merged_26232-Hoechst_p17.tif,s3://morphology_profiles/filtered_mp/26232-ERSyto/merged_26232-ERSyto_p17.tif,s3://morphology_profiles/filtered_mp/26232-ERSytoBleed/merged_26232-ERSytoBleed_p17.tif,s3://morphology_profiles/filtered_mp/26232-Ph_golgi/merged_26232-Ph_golgi_p17.tif,s3://morphology_profiles/filtered_mp/26232-Mito/merged_26232-Mito_p17.tif
Oc1nc2cc(Cl)ccc2o1,26232,P21,s3://morphology_profiles/filtered_mp/26232-Hoechst/merged_26232-Hoechst_p21.tif,s3://morphology_profiles/filtered_mp/26232-ERSyto/merged_26232-ERSyto_p21.tif,s3://morphology_profiles/filtered_mp/26232-ERSytoBleed/merged_26232-ERSytoBleed_p21.tif,s3://morphology_profiles/filtered_mp/26232-Ph_golgi/merged_26232-Ph_golgi_p21.tif,s3://morphology_profiles/filtered_mp/26232-Mito/merged_26232-Mito_p21.tif
CCCc1nn(C)c2c(=O)[nH]c(-c3cc(S(=O)(=O)N4CCN(C)CC4)ccc3OCC)nc12,26239,B6,s3://morphology_profiles/filtered_mp/26239-Hoechst/merged_26239-Hoechst_b06.tif,s3://morphology_profiles/filtered_mp/26239-ERSyto/merged_26239-ERSyto_b06.tif,s3://morphology_profiles/filtered_mp/26239-ERSytoBleed/merged_26239-ERSytoBleed_b06.tif,s3://morphology_profiles/filtered_mp/26239-Ph_golgi/merged_26239-Ph_golgi_b06.tif,s3://morphology_profiles/filtered_mp/26239-Mito/merged_26239-Mito_b06.tif
C#C[C@]1(O)CC[C@H]2[C@@H]3CCC4=C(CCC(=O)C4)[C@H]3CC[C@@]21C,26239,B12,s3://morphology_profiles/filtered_mp/26239-Hoechst/merged_26239-Hoechst_b12.tif,s3://morphology_profiles/filtered_mp/26239-ERSyto/merged_26239-ERSyto_b12.tif,s3://morphology_profiles/filtered_mp/26239-ERSytoBleed/merged_26239-ERSytoBleed_b12.tif,s3://morphology_profiles/filtered_mp/26239-Ph_golgi/merged_26239-Ph_golgi_b12.tif,s3://morphology_profiles/filtered_mp/26239-Mito/merged_26239-Mito_b12.tif
CC1(C)O[C@@H]2C[C@H]3[C@@H]4CCC5=CC(=O)CC[C@]5(C)[C@@]4(F)[C@@H](O)C[C@]3(C)[C@]2(C(=O)CCl)O1,26239,C14,s3://morphology_profiles/filtered_mp/26239-Hoechst/merged_26239-Hoechst_c14.tif,s3://morphology_profiles/filtered_mp/26239-ERSyto/merged_26239-ERSyto_c14.tif,s3://morphology_profiles/filtered_mp/26239-ERSytoBleed/merged_26239-ERSytoBleed_c14.tif,s3://morphology_profiles/filtered_mp/26239-Ph_golgi/merged_26239-Ph_golgi_c14.tif,s3://morphology_profiles/filtered_mp/26239-Mito/merged_26239-Mito_c14.tif
NN=c1[nH]ncc2ccccc12,26239,C23,s3://morphology_profiles/filtered_mp/26239-Hoechst/merged_26239-Hoechst_c23.tif,s3://morphology_profiles/filtered_mp/26239-ERSyto/merged_26239-ERSyto_c23.tif,s3://morphology_profiles/filtered_mp/26239-ERSytoBleed/merged_26239-ERSytoBleed_c23.tif,s3://morphology_profiles/filtered_mp/26239-Ph_golgi/merged_26239-Ph_golgi_c23.tif,s3://morphology_profiles/filtered_mp/26239-Mito/merged_26239-Mito_c23.tif
Cc1ccc(C(=O)c2ccc(CC(=O)O)n2C)cc1,26239,D6,s3://morphology_profiles/filtered_mp/26239-Hoechst/merged_26239-Hoechst_d06.tif,s3://morphology_profiles/filtered_mp/26239-ERSyto/merged_26239-ERSyto_d06.tif,s3://morphology_profiles/filtered_mp/26239-ERSytoBleed/merged_26239-ERSytoBleed_d06.tif,s3://morphology_profiles/filtered_mp/26239-Ph_golgi/merged_26239-Ph_golgi_d06.tif,s3://morphology_profiles/filtered_mp/26239-Mito/merged_26239-Mito_d06.tif
CCOC(=O)N1CCC(=C2c3ccc(Cl)cc3CCc3cccnc32)CC1,26239,D9,s3://morphology_profiles/filtered_mp/26239-Hoechst/merged_26239-Hoechst_d09.tif,s3://morphology_profiles/filtered_mp/26239-ERSyto/merged_26239-ERSyto_d09.tif,s3://morphology_profiles/filtered_mp/26239-ERSytoBleed/merged_26239-ERSytoBleed_d09.tif,s3://morphology_profiles/filtered_mp/26239-Ph_golgi/merged_26239-Ph_golgi_d09.tif,s3://morphology_profiles/filtered_mp/26239-Mito/merged_26239-Mito_d09.tif
CCOc1cc(CC(O)=N[C@@H](CC(C)C)c2ccccc2N2CCCCC2)ccc1C(=O)O,26239,D13,s3://morphology_profiles/filtered_mp/26239-Hoechst/merged_26239-Hoechst_d13.tif,s3://morphology_profiles/filtered_mp/26239-ERSyto/merged_26239-ERSyto_d13.tif,s3://morphology_profiles/filtered_mp/26239-ERSytoBleed/merged_26239-ERSytoBleed_d13.tif,s3://morphology_profiles/filtered_mp/26239-Ph_golgi/merged_26239-Ph_golgi_d13.tif,s3://morphology_profiles/filtered_mp/26239-Mito/merged_26239-Mito_d13.tif
C#CCN(C)Cc1ccccc1,26239,E6,s3://morphology_profiles/filtered_mp/26239-Hoechst/merged_26239-Hoechst_e06.tif,s3://morphology_profiles/filtered_mp/26239-ERSyto/merged_26239-ERSyto_e06.tif,s3://morphology_profiles/filtered_mp/26239-ERSytoBleed/merged_26239-ERSytoBleed_e06.tif,s3://morphology_profiles/filtered_mp/26239-Ph_golgi/merged_26239-Ph_golgi_e06.tif,s3://morphology_profiles/filtered_mp/26239-Mito/merged_26239-Mito_e06.tif
CCCCN=C(O)NS(=O)(=O)c1ccc(C)cc1,26239,E22,s3://morphology_profiles/filtered_mp/26239-Hoechst/merged_26239-Hoechst_e22.tif,s3://morphology_profiles/filtered_mp/26239-ERSyto/merged_26239-ERSyto_e22.tif,s3://morphology_profiles/filtered_mp/26239-ERSytoBleed/merged_26239-ERSytoBleed_e22.tif,s3://morphology_profiles/filtered_mp/26239-Ph_golgi/merged_26239-Ph_golgi_e22.tif,s3://morphology_profiles/filtered_mp/26239-Mito/merged_26239-Mito_e22.tif
CC(C)N1CCN(c2ccc(OC[C@H]3CO[C@](Cn4cncn4)(c4ccc(Cl)cc4Cl)O3)cc2)CC1,26239,F12,s3://morphology_profiles/filtered_mp/26239-Hoechst/merged_26239-Hoechst_f12.tif,s3://morphology_profiles/filtered_mp/26239-ERSyto/merged_26239-ERSyto_f12.tif,s3://morphology_profiles/filtered_mp/26239-ERSytoBleed/merged_26239-ERSytoBleed_f12.tif,s3://morphology_profiles/filtered_mp/26239-Ph_golgi/merged_26239-Ph_golgi_f12.tif,s3://morphology_profiles/filtered_mp/26239-Mito/merged_26239-Mito_f12.tif
C#CCN(C)[C@H](C)Cc1ccccc1,26239,F14,s3://morphology_profiles/filtered_mp/26239-Hoechst/merged_26239-Hoechst_f14.tif,s3://morphology_profiles/filtered_mp/26239-ERSyto/merged_26239-ERSyto_f14.tif,s3://morphology_profiles/filtered_mp/26239-ERSytoBleed/merged_26239-ERSytoBleed_f14.tif,s3://morphology_profiles/filtered_mp/26239-Ph_golgi/merged_26239-Ph_golgi_f14.tif,s3://morphology_profiles/filtered_mp/26239-Mito/merged_26239-Mito_f14.tif
CCN1CCN(C(O)=N[C@@H](C(O)=N[C@@H]2C(=O)N3[C@@H]2SC(C)(C)[C@@H]3C(=O)O)c2ccccc2)C(=O)C1=O,26239,F21,s3://morphology_profiles/filtered_mp/26239-Hoechst/merged_26239-Hoechst_f21.tif,s3://morphology_profiles/filtered_mp/26239-ERSyto/merged_26239-ERSyto_f21.tif,s3://morphology_profiles/filtered_mp/26239-ERSytoBleed/merged_26239-ERSytoBleed_f21.tif,s3://morphology_profiles/filtered_mp/26239-Ph_golgi/merged_26239-Ph_golgi_f21.tif,s3://morphology_profiles/filtered_mp/26239-Mito/merged_26239-Mito_f21.tif
C=CCN1C[C@H](C(=O)N(CCCN(C)C)C(O)=NCC)C[C@@H]2c3cccc4[nH]cc(c34)C[C@H]21,26239,F22,s3://morphology_profiles/filtered_mp/26239-Hoechst/merged_26239-Hoechst_f22.tif,s3://morphology_profiles/filtered_mp/26239-ERSyto/merged_26239-ERSyto_f22.tif,s3://morphology_profiles/filtered_mp/26239-ERSytoBleed/merged_26239-ERSytoBleed_f22.tif,s3://morphology_profiles/filtered_mp/26239-Ph_golgi/merged_26239-Ph_golgi_f22.tif,s3://morphology_profiles/filtered_mp/26239-Mito/merged_26239-Mito_f22.tif
N#Cc1ccc(C(c2ccc(C#N)cc2)n2cncn2)cc1,26239,H13,s3://morphology_profiles/filtered_mp/26239-Hoechst/merged_26239-Hoechst_h13.tif,s3://morphology_profiles/filtered_mp/26239-ERSyto/merged_26239-ERSyto_h13.tif,s3://morphology_profiles/filtered_mp/26239-ERSytoBleed/merged_26239-ERSytoBleed_h13.tif,s3://morphology_profiles/filtered_mp/26239-Ph_golgi/merged_26239-Ph_golgi_h13.tif,s3://morphology_profiles/filtered_mp/26239-Mito/merged_26239-Mito_h13.tif
CC1(C)S[C@@H]2[C@H](N=C(O)C3(N)CCCCC3)C(=O)N2[C@H]1C(=O)O,26239,H18,s3://morphology_profiles/filtered_mp/26239-Hoechst/merged_26239-Hoechst_h18.tif,s3://morphology_profiles/filtered_mp/26239-ERSyto/merged_26239-ERSyto_h18.tif,s3://morphology_profiles/filtered_mp/26239-ERSytoBleed/merged_26239-ERSytoBleed_h18.tif,s3://morphology_profiles/filtered_mp/26239-Ph_golgi/merged_26239-Ph_golgi_h18.tif,s3://morphology_profiles/filtered_mp/26239-Mito/merged_26239-Mito_h18.tif
CCS(=O)(=O)CCn1c([N+](=O)[O-])cnc1C,26239,H23,s3://morphology_profiles/filtered_mp/26239-Hoechst/merged_26239-Hoechst_h23.tif,s3://morphology_profiles/filtered_mp/26239-ERSyto/merged_26239-ERSyto_h23.tif,s3://morphology_profiles/filtered_mp/26239-ERSytoBleed/merged_26239-ERSytoBleed_h23.tif,s3://morphology_profiles/filtered_mp/26239-Ph_golgi/merged_26239-Ph_golgi_h23.tif,s3://morphology_profiles/filtered_mp/26239-Mito/merged_26239-Mito_h23.tif
N[C@@H](Cc1cc(I)c(Oc2ccc(O)c(I)c2)c(I)c1)C(=O)O,26239,H24,s3://morphology_profiles/filtered_mp/26239-Hoechst/merged_26239-Hoechst_h24.tif,s3://morphology_profiles/filtered_mp/26239-ERSyto/merged_26239-ERSyto_h24.tif,s3://morphology_profiles/filtered_mp/26239-ERSytoBleed/merged_26239-ERSytoBleed_h24.tif,s3://morphology_profiles/filtered_mp/26239-Ph_golgi/merged_26239-Ph_golgi_h24.tif,s3://morphology_profiles/filtered_mp/26239-Mito/merged_26239-Mito_h24.tif
CC(=O)S[C@@H]1CC2=CC(=O)CC[C@]2(C)[C@H]2CC[C@@]3(C)[C@@H](CC[C@@]34CCC(=O)O4)[C@H]12,26239,I17,s3://morphology_profiles/filtered_mp/26239-Hoechst/merged_26239-Hoechst_i17.tif,s3://morphology_profiles/filtered_mp/26239-ERSyto/merged_26239-ERSyto_i17.tif,s3://morphology_profiles/filtered_mp/26239-ERSytoBleed/merged_26239-ERSytoBleed_i17.tif,s3://morphology_profiles/filtered_mp/26239-Ph_golgi/merged_26239-Ph_golgi_i17.tif,s3://morphology_profiles/filtered_mp/26239-Mito/merged_26239-Mito_i17.tif
Cc1ccc(N(CC2=NCCN2)c2cccc(O)c2)cc1,26239,I24,s3://morphology_profiles/filtered_mp/26239-Hoechst/merged_26239-Hoechst_i24.tif,s3://morphology_profiles/filtered_mp/26239-ERSyto/merged_26239-ERSyto_i24.tif,s3://morphology_profiles/filtered_mp/26239-ERSytoBleed/merged_26239-ERSytoBleed_i24.tif,s3://morphology_profiles/filtered_mp/26239-Ph_golgi/merged_26239-Ph_golgi_i24.tif,s3://morphology_profiles/filtered_mp/26239-Mito/merged_26239-Mito_i24.tif
C[C@H](CCC(=O)O)[C@H]1CC[C@H]2[C@@H]3C(=O)C[C@@H]4CC(=O)CC[C@]4(C)[C@H]3CC(=O)[C@]12C,26239,J9,s3://morphology_profiles/filtered_mp/26239-Hoechst/merged_26239-Hoechst_j09.tif,s3://morphology_profiles/filtered_mp/26239-ERSyto/merged_26239-ERSyto_j09.tif,s3://morphology_profiles/filtered_mp/26239-ERSytoBleed/merged_26239-ERSytoBleed_j09.tif,s3://morphology_profiles/filtered_mp/26239-Ph_golgi/merged_26239-Ph_golgi_j09.tif,s3://morphology_profiles/filtered_mp/26239-Mito/merged_26239-Mito_j09.tif
Cc1cc(C(=O)NNCc2ccccc2)no1,26239,L10,s3://morphology_profiles/filtered_mp/26239-Hoechst/merged_26239-Hoechst_l10.tif,s3://morphology_profiles/filtered_mp/26239-ERSyto/merged_26239-ERSyto_l10.tif,s3://morphology_profiles/filtered_mp/26239-ERSytoBleed/merged_26239-ERSytoBleed_l10.tif,s3://morphology_profiles/filtered_mp/26239-Ph_golgi/merged_26239-Ph_golgi_l10.tif,s3://morphology_profiles/filtered_mp/26239-Mito/merged_26239-Mito_l10.tif
C[C@]12CCC(=O)C=C1CC[C@@H]1[C@@H]2[C@@H](O)C[C@@]2(C)[C@H]1CC[C@]2(O)C(=O)CO,26239,L19,s3://morphology_profiles/filtered_mp/26239-Hoechst/merged_26239-Hoechst_l19.tif,s3://morphology_profiles/filtered_mp/26239-ERSyto/merged_26239-ERSyto_l19.tif,s3://morphology_profiles/filtered_mp/26239-ERSytoBleed/merged_26239-ERSytoBleed_l19.tif,s3://morphology_profiles/filtered_mp/26239-Ph_golgi/merged_26239-Ph_golgi_l19.tif,s3://morphology_profiles/filtered_mp/26239-Mito/merged_26239-Mito_l19.tif
CC/C(=C(\c1ccccc1)c1ccc(OCCN(C)C)cc1)c1ccccc1,26239,L21,s3://morphology_profiles/filtered_mp/26239-Hoechst/merged_26239-Hoechst_l21.tif,s3://morphology_profiles/filtered_mp/26239-ERSyto/merged_26239-ERSyto_l21.tif,s3://morphology_profiles/filtered_mp/26239-ERSytoBleed/merged_26239-ERSytoBleed_l21.tif,s3://morphology_profiles/filtered_mp/26239-Ph_golgi/merged_26239-Ph_golgi_l21.tif,s3://morphology_profiles/filtered_mp/26239-Mito/merged_26239-Mito_l21.tif
COc1cc2c(cc1OC)[C@@H]1CC(=O)[C@@H](CC(C)C)CN1CC2,26239,N15,s3://morphology_profiles/filtered_mp/26239-Hoechst/merged_26239-Hoechst_n15.tif,s3://morphology_profiles/filtered_mp/26239-ERSyto/merged_26239-ERSyto_n15.tif,s3://morphology_profiles/filtered_mp/26239-ERSytoBleed/merged_26239-ERSytoBleed_n15.tif,s3://morphology_profiles/filtered_mp/26239-Ph_golgi/merged_26239-Ph_golgi_n15.tif,s3://morphology_profiles/filtered_mp/26239-Mito/merged_26239-Mito_n15.tif
Cc1ccc(=O)n(-c2ccccc2)c1,26239,O16,s3://morphology_profiles/filtered_mp/26239-Hoechst/merged_26239-Hoechst_o16.tif,s3://morphology_profiles/filtered_mp/26239-ERSyto/merged_26239-ERSyto_o16.tif,s3://morphology_profiles/filtered_mp/26239-ERSytoBleed/merged_26239-ERSytoBleed_o16.tif,s3://morphology_profiles/filtered_mp/26239-Ph_golgi/merged_26239-Ph_golgi_o16.tif,s3://morphology_profiles/filtered_mp/26239-Mito/merged_26239-Mito_o16.tif
OC(c1ccccc1)(c1ccccc1)C1CCNCC1,26239,O17,s3://morphology_profiles/filtered_mp/26239-Hoechst/merged_26239-Hoechst_o17.tif,s3://morphology_profiles/filtered_mp/26239-ERSyto/merged_26239-ERSyto_o17.tif,s3://morphology_profiles/filtered_mp/26239-ERSytoBleed/merged_26239-ERSytoBleed_o17.tif,s3://morphology_profiles/filtered_mp/26239-Ph_golgi/merged_26239-Ph_golgi_o17.tif,s3://morphology_profiles/filtered_mp/26239-Mito/merged_26239-Mito_o17.tif
O=c1c(O)c(-c2ccc(O)c(O)c2)oc2cc(O)cc(O)c12,26239,P1,s3://morphology_profiles/filtered_mp/26239-Hoechst/merged_26239-Hoechst_p01.tif,s3://morphology_profiles/filtered_mp/26239-ERSyto/merged_26239-ERSyto_p01.tif,s3://morphology_profiles/filtered_mp/26239-ERSytoBleed/merged_26239-ERSytoBleed_p01.tif,s3://morphology_profiles/filtered_mp/26239-Ph_golgi/merged_26239-Ph_golgi_p01.tif,s3://morphology_profiles/filtered_mp/26239-Mito/merged_26239-Mito_p01.tif
Cn1c(=O)c2nc[nH]c2n(C)c1=O,26239,P15,s3://morphology_profiles/filtered_mp/26239-Hoechst/merged_26239-Hoechst_p15.tif,s3://morphology_profiles/filtered_mp/26239-ERSyto/merged_26239-ERSyto_p15.tif,s3://morphology_profiles/filtered_mp/26239-ERSytoBleed/merged_26239-ERSytoBleed_p15.tif,s3://morphology_profiles/filtered_mp/26239-Ph_golgi/merged_26239-Ph_golgi_p15.tif,s3://morphology_profiles/filtered_mp/26239-Mito/merged_26239-Mito_p15.tif
C[C@]12C=CC(=O)C=C1CC[C@@H]1[C@@H]2[C@@H](O)C[C@@]2(C)[C@H]1CC[C@]2(O)C(=O)CO,26239,P17,s3://morphology_profiles/filtered_mp/26239-Hoechst/merged_26239-Hoechst_p17.tif,s3://morphology_profiles/filtered_mp/26239-ERSyto/merged_26239-ERSyto_p17.tif,s3://morphology_profiles/filtered_mp/26239-ERSytoBleed/merged_26239-ERSytoBleed_p17.tif,s3://morphology_profiles/filtered_mp/26239-Ph_golgi/merged_26239-Ph_golgi_p17.tif,s3://morphology_profiles/filtered_mp/26239-Mito/merged_26239-Mito_p17.tif
Oc1nc2cc(Cl)ccc2o1,26239,P21,s3://morphology_profiles/filtered_mp/26239-Hoechst/merged_26239-Hoechst_p21.tif,s3://morphology_profiles/filtered_mp/26239-ERSyto/merged_26239-ERSyto_p21.tif,s3://morphology_profiles/filtered_mp/26239-ERSytoBleed/merged_26239-ERSytoBleed_p21.tif,s3://morphology_profiles/filtered_mp/26239-Ph_golgi/merged_26239-Ph_golgi_p21.tif,s3://morphology_profiles/filtered_mp/26239-Mito/merged_26239-Mito_p21.tif
CCCc1nn(C)c2c(=O)[nH]c(-c3cc(S(=O)(=O)N4CCN(C)CC4)ccc3OCC)nc12,26247,B6,s3://morphology_profiles/filtered_mp/26247-Hoechst/merged_26247-Hoechst_b06.tif,s3://morphology_profiles/filtered_mp/26247-ERSyto/merged_26247-ERSyto_b06.tif,s3://morphology_profiles/filtered_mp/26247-ERSytoBleed/merged_26247-ERSytoBleed_b06.tif,s3://morphology_profiles/filtered_mp/26247-Ph_golgi/merged_26247-Ph_golgi_b06.tif,s3://morphology_profiles/filtered_mp/26247-Mito/merged_26247-Mito_b06.tif
C#C[C@]1(O)CC[C@H]2[C@@H]3CCC4=C(CCC(=O)C4)[C@H]3CC[C@@]21C,26247,B12,s3://morphology_profiles/filtered_mp/26247-Hoechst/merged_26247-Hoechst_b12.tif,s3://morphology_profiles/filtered_mp/26247-ERSyto/merged_26247-ERSyto_b12.tif,s3://morphology_profiles/filtered_mp/26247-ERSytoBleed/merged_26247-ERSytoBleed_b12.tif,s3://morphology_profiles/filtered_mp/26247-Ph_golgi/merged_26247-Ph_golgi_b12.tif,s3://morphology_profiles/filtered_mp/26247-Mito/merged_26247-Mito_b12.tif
CC1(C)O[C@@H]2C[C@H]3[C@@H]4CCC5=CC(=O)CC[C@]5(C)[C@@]4(F)[C@@H](O)C[C@]3(C)[C@]2(C(=O)CCl)O1,26247,C14,s3://morphology_profiles/filtered_mp/26247-Hoechst/merged_26247-Hoechst_c14.tif,s3://morphology_profiles/filtered_mp/26247-ERSyto/merged_26247-ERSyto_c14.tif,s3://morphology_profiles/filtered_mp/26247-ERSytoBleed/merged_26247-ERSytoBleed_c14.tif,s3://morphology_profiles/filtered_mp/26247-Ph_golgi/merged_26247-Ph_golgi_c14.tif,s3://morphology_profiles/filtered_mp/26247-Mito/merged_26247-Mito_c14.tif
NN=c1[nH]ncc2ccccc12,26247,C23,s3://morphology_profiles/filtered_mp/26247-Hoechst/merged_26247-Hoechst_c23.tif,s3://morphology_profiles/filtered_mp/26247-ERSyto/merged_26247-ERSyto_c23.tif,s3://morphology_profiles/filtered_mp/26247-ERSytoBleed/merged_26247-ERSytoBleed_c23.tif,s3://morphology_profiles/filtered_mp/26247-Ph_golgi/merged_26247-Ph_golgi_c23.tif,s3://morphology_profiles/filtered_mp/26247-Mito/merged_26247-Mito_c23.tif
Cc1ccc(C(=O)c2ccc(CC(=O)O)n2C)cc1,26247,D6,s3://morphology_profiles/filtered_mp/26247-Hoechst/merged_26247-Hoechst_d06.tif,s3://morphology_profiles/filtered_mp/26247-ERSyto/merged_26247-ERSyto_d06.tif,s3://morphology_profiles/filtered_mp/26247-ERSytoBleed/merged_26247-ERSytoBleed_d06.tif,s3://morphology_profiles/filtered_mp/26247-Ph_golgi/merged_26247-Ph_golgi_d06.tif,s3://morphology_profiles/filtered_mp/26247-Mito/merged_26247-Mito_d06.tif
CCOC(=O)N1CCC(=C2c3ccc(Cl)cc3CCc3cccnc32)CC1,26247,D9,s3://morphology_profiles/filtered_mp/26247-Hoechst/merged_26247-Hoechst_d09.tif,s3://morphology_profiles/filtered_mp/26247-ERSyto/merged_26247-ERSyto_d09.tif,s3://morphology_profiles/filtered_mp/26247-ERSytoBleed/merged_26247-ERSytoBleed_d09.tif,s3://morphology_profiles/filtered_mp/26247-Ph_golgi/merged_26247-Ph_golgi_d09.tif,s3://morphology_profiles/filtered_mp/26247-Mito/merged_26247-Mito_d09.tif
CCOc1cc(CC(O)=N[C@@H](CC(C)C)c2ccccc2N2CCCCC2)ccc1C(=O)O,26247,D13,s3://morphology_profiles/filtered_mp/26247-Hoechst/merged_26247-Hoechst_d13.tif,s3://morphology_profiles/filtered_mp/26247-ERSyto/merged_26247-ERSyto_d13.tif,s3://morphology_profiles/filtered_mp/26247-ERSytoBleed/merged_26247-ERSytoBleed_d13.tif,s3://morphology_profiles/filtered_mp/26247-Ph_golgi/merged_26247-Ph_golgi_d13.tif,s3://morphology_profiles/filtered_mp/26247-Mito/merged_26247-Mito_d13.tif
C#CCN(C)Cc1ccccc1,26247,E6,s3://morphology_profiles/filtered_mp/26247-Hoechst/merged_26247-Hoechst_e06.tif,s3://morphology_profiles/filtered_mp/26247-ERSyto/merged_26247-ERSyto_e06.tif,s3://morphology_profiles/filtered_mp/26247-ERSytoBleed/merged_26247-ERSytoBleed_e06.tif,s3://morphology_profiles/filtered_mp/26247-Ph_golgi/merged_26247-Ph_golgi_e06.tif,s3://morphology_profiles/filtered_mp/26247-Mito/merged_26247-Mito_e06.tif
CCCCN=C(O)NS(=O)(=O)c1ccc(C)cc1,26247,E22,s3://morphology_profiles/filtered_mp/26247-Hoechst/merged_26247-Hoechst_e22.tif,s3://morphology_profiles/filtered_mp/26247-ERSyto/merged_26247-ERSyto_e22.tif,s3://morphology_profiles/filtered_mp/26247-ERSytoBleed/merged_26247-ERSytoBleed_e22.tif,s3://morphology_profiles/filtered_mp/26247-Ph_golgi/merged_26247-Ph_golgi_e22.tif,s3://morphology_profiles/filtered_mp/26247-Mito/merged_26247-Mito_e22.tif
CC(C)N1CCN(c2ccc(OC[C@H]3CO[C@](Cn4cncn4)(c4ccc(Cl)cc4Cl)O3)cc2)CC1,26247,F12,s3://morphology_profiles/filtered_mp/26247-Hoechst/merged_26247-Hoechst_f12.tif,s3://morphology_profiles/filtered_mp/26247-ERSyto/merged_26247-ERSyto_f12.tif,s3://morphology_profiles/filtered_mp/26247-ERSytoBleed/merged_26247-ERSytoBleed_f12.tif,s3://morphology_profiles/filtered_mp/26247-Ph_golgi/merged_26247-Ph_golgi_f12.tif,s3://morphology_profiles/filtered_mp/26247-Mito/merged_26247-Mito_f12.tif
C#CCN(C)[C@H](C)Cc1ccccc1,26247,F14,s3://morphology_profiles/filtered_mp/26247-Hoechst/merged_26247-Hoechst_f14.tif,s3://morphology_profiles/filtered_mp/26247-ERSyto/merged_26247-ERSyto_f14.tif,s3://morphology_profiles/filtered_mp/26247-ERSytoBleed/merged_26247-ERSytoBleed_f14.tif,s3://morphology_profiles/filtered_mp/26247-Ph_golgi/merged_26247-Ph_golgi_f14.tif,s3://morphology_profiles/filtered_mp/26247-Mito/merged_26247-Mito_f14.tif
CCN1CCN(C(O)=N[C@@H](C(O)=N[C@@H]2C(=O)N3[C@@H]2SC(C)(C)[C@@H]3C(=O)O)c2ccccc2)C(=O)C1=O,26247,F21,s3://morphology_profiles/filtered_mp/26247-Hoechst/merged_26247-Hoechst_f21.tif,s3://morphology_profiles/filtered_mp/26247-ERSyto/merged_26247-ERSyto_f21.tif,s3://morphology_profiles/filtered_mp/26247-ERSytoBleed/merged_26247-ERSytoBleed_f21.tif,s3://morphology_profiles/filtered_mp/26247-Ph_golgi/merged_26247-Ph_golgi_f21.tif,s3://morphology_profiles/filtered_mp/26247-Mito/merged_26247-Mito_f21.tif
C=CCN1C[C@H](C(=O)N(CCCN(C)C)C(O)=NCC)C[C@@H]2c3cccc4[nH]cc(c34)C[C@H]21,26247,F22,s3://morphology_profiles/filtered_mp/26247-Hoechst/merged_26247-Hoechst_f22.tif,s3://morphology_profiles/filtered_mp/26247-ERSyto/merged_26247-ERSyto_f22.tif,s3://morphology_profiles/filtered_mp/26247-ERSytoBleed/merged_26247-ERSytoBleed_f22.tif,s3://morphology_profiles/filtered_mp/26247-Ph_golgi/merged_26247-Ph_golgi_f22.tif,s3://morphology_profiles/filtered_mp/26247-Mito/merged_26247-Mito_f22.tif
N#Cc1ccc(C(c2ccc(C#N)cc2)n2cncn2)cc1,26247,H13,s3://morphology_profiles/filtered_mp/26247-Hoechst/merged_26247-Hoechst_h13.tif,s3://morphology_profiles/filtered_mp/26247-ERSyto/merged_26247-ERSyto_h13.tif,s3://morphology_profiles/filtered_mp/26247-ERSytoBleed/merged_26247-ERSytoBleed_h13.tif,s3://morphology_profiles/filtered_mp/26247-Ph_golgi/merged_26247-Ph_golgi_h13.tif,s3://morphology_profiles/filtered_mp/26247-Mito/merged_26247-Mito_h13.tif
CC1(C)S[C@@H]2[C@H](N=C(O)C3(N)CCCCC3)C(=O)N2[C@H]1C(=O)O,26247,H18,s3://morphology_profiles/filtered_mp/26247-Hoechst/merged_26247-Hoechst_h18.tif,s3://morphology_profiles/filtered_mp/26247-ERSyto/merged_26247-ERSyto_h18.tif,s3://morphology_profiles/filtered_mp/26247-ERSytoBleed/merged_26247-ERSytoBleed_h18.tif,s3://morphology_profiles/filtered_mp/26247-Ph_golgi/merged_26247-Ph_golgi_h18.tif,s3://morphology_profiles/filtered_mp/26247-Mito/merged_26247-Mito_h18.tif
CCS(=O)(=O)CCn1c([N+](=O)[O-])cnc1C,26247,H23,s3://morphology_profiles/filtered_mp/26247-Hoechst/merged_26247-Hoechst_h23.tif,s3://morphology_profiles/filtered_mp/26247-ERSyto/merged_26247-ERSyto_h23.tif,s3://morphology_profiles/filtered_mp/26247-ERSytoBleed/merged_26247-ERSytoBleed_h23.tif,s3://morphology_profiles/filtered_mp/26247-Ph_golgi/merged_26247-Ph_golgi_h23.tif,s3://morphology_profiles/filtered_mp/26247-Mito/merged_26247-Mito_h23.tif
N[C@@H](Cc1cc(I)c(Oc2ccc(O)c(I)c2)c(I)c1)C(=O)O,26247,H24,s3://morphology_profiles/filtered_mp/26247-Hoechst/merged_26247-Hoechst_h24.tif,s3://morphology_profiles/filtered_mp/26247-ERSyto/merged_26247-ERSyto_h24.tif,s3://morphology_profiles/filtered_mp/26247-ERSytoBleed/merged_26247-ERSytoBleed_h24.tif,s3://morphology_profiles/filtered_mp/26247-Ph_golgi/merged_26247-Ph_golgi_h24.tif,s3://morphology_profiles/filtered_mp/26247-Mito/merged_26247-Mito_h24.tif
CC(=O)S[C@@H]1CC2=CC(=O)CC[C@]2(C)[C@H]2CC[C@@]3(C)[C@@H](CC[C@@]34CCC(=O)O4)[C@H]12,26247,I17,s3://morphology_profiles/filtered_mp/26247-Hoechst/merged_26247-Hoechst_i17.tif,s3://morphology_profiles/filtered_mp/26247-ERSyto/merged_26247-ERSyto_i17.tif,s3://morphology_profiles/filtered_mp/26247-ERSytoBleed/merged_26247-ERSytoBleed_i17.tif,s3://morphology_profiles/filtered_mp/26247-Ph_golgi/merged_26247-Ph_golgi_i17.tif,s3://morphology_profiles/filtered_mp/26247-Mito/merged_26247-Mito_i17.tif
Cc1ccc(N(CC2=NCCN2)c2cccc(O)c2)cc1,26247,I24,s3://morphology_profiles/filtered_mp/26247-Hoechst/merged_26247-Hoechst_i24.tif,s3://morphology_profiles/filtered_mp/26247-ERSyto/merged_26247-ERSyto_i24.tif,s3://morphology_profiles/filtered_mp/26247-ERSytoBleed/merged_26247-ERSytoBleed_i24.tif,s3://morphology_profiles/filtered_mp/26247-Ph_golgi/merged_26247-Ph_golgi_i24.tif,s3://morphology_profiles/filtered_mp/26247-Mito/merged_26247-Mito_i24.tif
C[C@H](CCC(=O)O)[C@H]1CC[C@H]2[C@@H]3C(=O)C[C@@H]4CC(=O)CC[C@]4(C)[C@H]3CC(=O)[C@]12C,26247,J9,s3://morphology_profiles/filtered_mp/26247-Hoechst/merged_26247-Hoechst_j09.tif,s3://morphology_profiles/filtered_mp/26247-ERSyto/merged_26247-ERSyto_j09.tif,s3://morphology_profiles/filtered_mp/26247-ERSytoBleed/merged_26247-ERSytoBleed_j09.tif,s3://morphology_profiles/filtered_mp/26247-Ph_golgi/merged_26247-Ph_golgi_j09.tif,s3://morphology_profiles/filtered_mp/26247-Mito/merged_26247-Mito_j09.tif
Cc1cc(C(=O)NNCc2ccccc2)no1,26247,L10,s3://morphology_profiles/filtered_mp/26247-Hoechst/merged_26247-Hoechst_l10.tif,s3://morphology_profiles/filtered_mp/26247-ERSyto/merged_26247-ERSyto_l10.tif,s3://morphology_profiles/filtered_mp/26247-ERSytoBleed/merged_26247-ERSytoBleed_l10.tif,s3://morphology_profiles/filtered_mp/26247-Ph_golgi/merged_26247-Ph_golgi_l10.tif,s3://morphology_profiles/filtered_mp/26247-Mito/merged_26247-Mito_l10.tif
C[C@]12CCC(=O)C=C1CC[C@@H]1[C@@H]2[C@@H](O)C[C@@]2(C)[C@H]1CC[C@]2(O)C(=O)CO,26247,L19,s3://morphology_profiles/filtered_mp/26247-Hoechst/merged_26247-Hoechst_l19.tif,s3://morphology_profiles/filtered_mp/26247-ERSyto/merged_26247-ERSyto_l19.tif,s3://morphology_profiles/filtered_mp/26247-ERSytoBleed/merged_26247-ERSytoBleed_l19.tif,s3://morphology_profiles/filtered_mp/26247-Ph_golgi/merged_26247-Ph_golgi_l19.tif,s3://morphology_profiles/filtered_mp/26247-Mito/merged_26247-Mito_l19.tif
CC/C(=C(\c1ccccc1)c1ccc(OCCN(C)C)cc1)c1ccccc1,26247,L21,s3://morphology_profiles/filtered_mp/26247-Hoechst/merged_26247-Hoechst_l21.tif,s3://morphology_profiles/filtered_mp/26247-ERSyto/merged_26247-ERSyto_l21.tif,s3://morphology_profiles/filtered_mp/26247-ERSytoBleed/merged_26247-ERSytoBleed_l21.tif,s3://morphology_profiles/filtered_mp/26247-Ph_golgi/merged_26247-Ph_golgi_l21.tif,s3://morphology_profiles/filtered_mp/26247-Mito/merged_26247-Mito_l21.tif
COc1cc2c(cc1OC)[C@@H]1CC(=O)[C@@H](CC(C)C)CN1CC2,26247,N15,s3://morphology_profiles/filtered_mp/26247-Hoechst/merged_26247-Hoechst_n15.tif,s3://morphology_profiles/filtered_mp/26247-ERSyto/merged_26247-ERSyto_n15.tif,s3://morphology_profiles/filtered_mp/26247-ERSytoBleed/merged_26247-ERSytoBleed_n15.tif,s3://morphology_profiles/filtered_mp/26247-Ph_golgi/merged_26247-Ph_golgi_n15.tif,s3://morphology_profiles/filtered_mp/26247-Mito/merged_26247-Mito_n15.tif
Cc1ccc(=O)n(-c2ccccc2)c1,26247,O16,s3://morphology_profiles/filtered_mp/26247-Hoechst/merged_26247-Hoechst_o16.tif,s3://morphology_profiles/filtered_mp/26247-ERSyto/merged_26247-ERSyto_o16.tif,s3://morphology_profiles/filtered_mp/26247-ERSytoBleed/merged_26247-ERSytoBleed_o16.tif,s3://morphology_profiles/filtered_mp/26247-Ph_golgi/merged_26247-Ph_golgi_o16.tif,s3://morphology_profiles/filtered_mp/26247-Mito/merged_26247-Mito_o16.tif
OC(c1ccccc1)(c1ccccc1)C1CCNCC1,26247,O17,s3://morphology_profiles/filtered_mp/26247-Hoechst/merged_26247-Hoechst_o17.tif,s3://morphology_profiles/filtered_mp/26247-ERSyto/merged_26247-ERSyto_o17.tif,s3://morphology_profiles/filtered_mp/26247-ERSytoBleed/merged_26247-ERSytoBleed_o17.tif,s3://morphology_profiles/filtered_mp/26247-Ph_golgi/merged_26247-Ph_golgi_o17.tif,s3://morphology_profiles/filtered_mp/26247-Mito/merged_26247-Mito_o17.tif
O=c1c(O)c(-c2ccc(O)c(O)c2)oc2cc(O)cc(O)c12,26247,P1,s3://morphology_profiles/filtered_mp/26247-Hoechst/merged_26247-Hoechst_p01.tif,s3://morphology_profiles/filtered_mp/26247-ERSyto/merged_26247-ERSyto_p01.tif,s3://morphology_profiles/filtered_mp/26247-ERSytoBleed/merged_26247-ERSytoBleed_p01.tif,s3://morphology_profiles/filtered_mp/26247-Ph_golgi/merged_26247-Ph_golgi_p01.tif,s3://morphology_profiles/filtered_mp/26247-Mito/merged_26247-Mito_p01.tif
Cn1c(=O)c2nc[nH]c2n(C)c1=O,26247,P15,s3://morphology_profiles/filtered_mp/26247-Hoechst/merged_26247-Hoechst_p15.tif,s3://morphology_profiles/filtered_mp/26247-ERSyto/merged_26247-ERSyto_p15.tif,s3://morphology_profiles/filtered_mp/26247-ERSytoBleed/merged_26247-ERSytoBleed_p15.tif,s3://morphology_profiles/filtered_mp/26247-Ph_golgi/merged_26247-Ph_golgi_p15.tif,s3://morphology_profiles/filtered_mp/26247-Mito/merged_26247-Mito_p15.tif
C[C@]12C=CC(=O)C=C1CC[C@@H]1[C@@H]2[C@@H](O)C[C@@]2(C)[C@H]1CC[C@]2(O)C(=O)CO,26247,P17,s3://morphology_profiles/filtered_mp/26247-Hoechst/merged_26247-Hoechst_p17.tif,s3://morphology_profiles/filtered_mp/26247-ERSyto/merged_26247-ERSyto_p17.tif,s3://morphology_profiles/filtered_mp/26247-ERSytoBleed/merged_26247-ERSytoBleed_p17.tif,s3://morphology_profiles/filtered_mp/26247-Ph_golgi/merged_26247-Ph_golgi_p17.tif,s3://morphology_profiles/filtered_mp/26247-Mito/merged_26247-Mito_p17.tif
Oc1nc2cc(Cl)ccc2o1,26247,P21,s3://morphology_profiles/filtered_mp/26247-Hoechst/merged_26247-Hoechst_p21.tif,s3://morphology_profiles/filtered_mp/26247-ERSyto/merged_26247-ERSyto_p21.tif,s3://morphology_profiles/filtered_mp/26247-ERSytoBleed/merged_26247-ERSytoBleed_p21.tif,s3://morphology_profiles/filtered_mp/26247-Ph_golgi/merged_26247-Ph_golgi_p21.tif,s3://morphology_profiles/filtered_mp/26247-Mito/merged_26247-Mito_p21.tif
CC(C)(Oc1ccc(Cl)cc1)C(=O)O,24277,A19,s3://morphology_profiles/filtered_mp/24277-Hoechst/merged_24277-Hoechst_a19.tif,s3://morphology_profiles/filtered_mp/24277-ERSyto/merged_24277-ERSyto_a19.tif,s3://morphology_profiles/filtered_mp/24277-ERSytoBleed/merged_24277-ERSytoBleed_a19.tif,s3://morphology_profiles/filtered_mp/24277-Ph_golgi/merged_24277-Ph_golgi_a19.tif,s3://morphology_profiles/filtered_mp/24277-Mito/merged_24277-Mito_a19.tif
NS(=O)(=O)c1cc2c(cc1Cl)N=C(CSCc1ccccc1)NS2(=O)=O,24277,B21,s3://morphology_profiles/filtered_mp/24277-Hoechst/merged_24277-Hoechst_b21.tif,s3://morphology_profiles/filtered_mp/24277-ERSyto/merged_24277-ERSyto_b21.tif,s3://morphology_profiles/filtered_mp/24277-ERSytoBleed/merged_24277-ERSytoBleed_b21.tif,s3://morphology_profiles/filtered_mp/24277-Ph_golgi/merged_24277-Ph_golgi_b21.tif,s3://morphology_profiles/filtered_mp/24277-Mito/merged_24277-Mito_b21.tif
CC(O)=NS(=O)(=O)c1ccc(N)cc1,24277,B22,s3://morphology_profiles/filtered_mp/24277-Hoechst/merged_24277-Hoechst_b22.tif,s3://morphology_profiles/filtered_mp/24277-ERSyto/merged_24277-ERSyto_b22.tif,s3://morphology_profiles/filtered_mp/24277-ERSytoBleed/merged_24277-ERSytoBleed_b22.tif,s3://morphology_profiles/filtered_mp/24277-Ph_golgi/merged_24277-Ph_golgi_b22.tif,s3://morphology_profiles/filtered_mp/24277-Mito/merged_24277-Mito_b22.tif
O=C(O)c1cc(-c2ccc(F)cc2F)ccc1O,24277,C7,s3://morphology_profiles/filtered_mp/24277-Hoechst/merged_24277-Hoechst_c07.tif,s3://morphology_profiles/filtered_mp/24277-ERSyto/merged_24277-ERSyto_c07.tif,s3://morphology_profiles/filtered_mp/24277-ERSytoBleed/merged_24277-ERSytoBleed_c07.tif,s3://morphology_profiles/filtered_mp/24277-Ph_golgi/merged_24277-Ph_golgi_c07.tif,s3://morphology_profiles/filtered_mp/24277-Mito/merged_24277-Mito_c07.tif
CCC(C)(C)C(=O)O[C@H]1C[C@@H](C)C=C2C=C[C@H](C)[C@H](CC[C@@H]3C[C@@H](O)CC(=O)O3)[C@H]21,24277,C8,s3://morphology_profiles/filtered_mp/24277-Hoechst/merged_24277-Hoechst_c08.tif,s3://morphology_profiles/filtered_mp/24277-ERSyto/merged_24277-ERSyto_c08.tif,s3://morphology_profiles/filtered_mp/24277-ERSytoBleed/merged_24277-ERSytoBleed_c08.tif,s3://morphology_profiles/filtered_mp/24277-Ph_golgi/merged_24277-Ph_golgi_c08.tif,s3://morphology_profiles/filtered_mp/24277-Mito/merged_24277-Mito_c08.tif
CN1CCC(OC(c2ccccc2)c2ccccc2)CC1,24277,C18,s3://morphology_profiles/filtered_mp/24277-Hoechst/merged_24277-Hoechst_c18.tif,s3://morphology_profiles/filtered_mp/24277-ERSyto/merged_24277-ERSyto_c18.tif,s3://morphology_profiles/filtered_mp/24277-ERSytoBleed/merged_24277-ERSytoBleed_c18.tif,s3://morphology_profiles/filtered_mp/24277-Ph_golgi/merged_24277-Ph_golgi_c18.tif,s3://morphology_profiles/filtered_mp/24277-Mito/merged_24277-Mito_c18.tif
CC1(C)N=C(O)N(c2ccc([N+](=O)[O-])c(C(F)(F)F)c2)C1=O,24277,D4,s3://morphology_profiles/filtered_mp/24277-Hoechst/merged_24277-Hoechst_d04.tif,s3://morphology_profiles/filtered_mp/24277-ERSyto/merged_24277-ERSyto_d04.tif,s3://morphology_profiles/filtered_mp/24277-ERSytoBleed/merged_24277-ERSytoBleed_d04.tif,s3://morphology_profiles/filtered_mp/24277-Ph_golgi/merged_24277-Ph_golgi_d04.tif,s3://morphology_profiles/filtered_mp/24277-Mito/merged_24277-Mito_d04.tif
O=C(O)CCc1nc(-c2ccccc2)c(-c2ccccc2)o1,24277,E7,s3://morphology_profiles/filtered_mp/24277-Hoechst/merged_24277-Hoechst_e07.tif,s3://morphology_profiles/filtered_mp/24277-ERSyto/merged_24277-ERSyto_e07.tif,s3://morphology_profiles/filtered_mp/24277-ERSytoBleed/merged_24277-ERSytoBleed_e07.tif,s3://morphology_profiles/filtered_mp/24277-Ph_golgi/merged_24277-Ph_golgi_e07.tif,s3://morphology_profiles/filtered_mp/24277-Mito/merged_24277-Mito_e07.tif
COc1ccc(C(Cl)=C(c2ccc(OC)cc2)c2ccc(OC)cc2)cc1,24277,F14,s3://morphology_profiles/filtered_mp/24277-Hoechst/merged_24277-Hoechst_f14.tif,s3://morphology_profiles/filtered_mp/24277-ERSyto/merged_24277-ERSyto_f14.tif,s3://morphology_profiles/filtered_mp/24277-ERSytoBleed/merged_24277-ERSytoBleed_f14.tif,s3://morphology_profiles/filtered_mp/24277-Ph_golgi/merged_24277-Ph_golgi_f14.tif,s3://morphology_profiles/filtered_mp/24277-Mito/merged_24277-Mito_f14.tif
C=C1/C(=C\C=C2/CCC[C@]3(C)[C@@H]([C@H](C)CCCC(C)(C)O)CC[C@@H]23)C[C@@H](O)C[C@@H]1O,24277,F21,s3://morphology_profiles/filtered_mp/24277-Hoechst/merged_24277-Hoechst_f21.tif,s3://morphology_profiles/filtered_mp/24277-ERSyto/merged_24277-ERSyto_f21.tif,s3://morphology_profiles/filtered_mp/24277-ERSytoBleed/merged_24277-ERSytoBleed_f21.tif,s3://morphology_profiles/filtered_mp/24277-Ph_golgi/merged_24277-Ph_golgi_f21.tif,s3://morphology_profiles/filtered_mp/24277-Mito/merged_24277-Mito_f21.tif
CC(=O)OCC1=C(C(=O)O)N2C(=O)[C@@H](N=C(O)Cc3cccs3)[C@H]2SC1,24277,G16,s3://morphology_profiles/filtered_mp/24277-Hoechst/merged_24277-Hoechst_g16.tif,s3://morphology_profiles/filtered_mp/24277-ERSyto/merged_24277-ERSyto_g16.tif,s3://morphology_profiles/filtered_mp/24277-ERSytoBleed/merged_24277-ERSytoBleed_g16.tif,s3://morphology_profiles/filtered_mp/24277-Ph_golgi/merged_24277-Ph_golgi_g16.tif,s3://morphology_profiles/filtered_mp/24277-Mito/merged_24277-Mito_g16.tif
CC(C)C(O)=Nc1ccc([N+](=O)[O-])c(C(F)(F)F)c1,24277,G17,s3://morphology_profiles/filtered_mp/24277-Hoechst/merged_24277-Hoechst_g17.tif,s3://morphology_profiles/filtered_mp/24277-ERSyto/merged_24277-ERSyto_g17.tif,s3://morphology_profiles/filtered_mp/24277-ERSytoBleed/merged_24277-ERSytoBleed_g17.tif,s3://morphology_profiles/filtered_mp/24277-Ph_golgi/merged_24277-Ph_golgi_g17.tif,s3://morphology_profiles/filtered_mp/24277-Mito/merged_24277-Mito_g17.tif
Cc1cc(NS(=O)(=O)c2ccc(N)cc2)no1,24277,G21,s3://morphology_profiles/filtered_mp/24277-Hoechst/merged_24277-Hoechst_g21.tif,s3://morphology_profiles/filtered_mp/24277-ERSyto/merged_24277-ERSyto_g21.tif,s3://morphology_profiles/filtered_mp/24277-ERSytoBleed/merged_24277-ERSytoBleed_g21.tif,s3://morphology_profiles/filtered_mp/24277-Ph_golgi/merged_24277-Ph_golgi_g21.tif,s3://morphology_profiles/filtered_mp/24277-Mito/merged_24277-Mito_g21.tif
CC(=O)N1CCN(c2ccc(OC[C@H]3CO[C@](Cn4ccnc4)(c4ccc(Cl)cc4Cl)O3)cc2)CC1,24277,H10,s3://morphology_profiles/filtered_mp/24277-Hoechst/merged_24277-Hoechst_h10.tif,s3://morphology_profiles/filtered_mp/24277-ERSyto/merged_24277-ERSyto_h10.tif,s3://morphology_profiles/filtered_mp/24277-ERSytoBleed/merged_24277-ERSytoBleed_h10.tif,s3://morphology_profiles/filtered_mp/24277-Ph_golgi/merged_24277-Ph_golgi_h10.tif,s3://morphology_profiles/filtered_mp/24277-Mito/merged_24277-Mito_h10.tif
Cc1cccc(N=c2cc[nH]cc2S(=O)(=O)NC(O)=NC(C)C)c1,24277,I3,s3://morphology_profiles/filtered_mp/24277-Hoechst/merged_24277-Hoechst_i03.tif,s3://morphology_profiles/filtered_mp/24277-ERSyto/merged_24277-ERSyto_i03.tif,s3://morphology_profiles/filtered_mp/24277-ERSytoBleed/merged_24277-ERSytoBleed_i03.tif,s3://morphology_profiles/filtered_mp/24277-Ph_golgi/merged_24277-Ph_golgi_i03.tif,s3://morphology_profiles/filtered_mp/24277-Mito/merged_24277-Mito_i03.tif
Cc1nnc(NS(=O)(=O)c2ccc(N)cc2)s1,24277,J2,s3://morphology_profiles/filtered_mp/24277-Hoechst/merged_24277-Hoechst_j02.tif,s3://morphology_profiles/filtered_mp/24277-ERSyto/merged_24277-ERSyto_j02.tif,s3://morphology_profiles/filtered_mp/24277-ERSytoBleed/merged_24277-ERSytoBleed_j02.tif,s3://morphology_profiles/filtered_mp/24277-Ph_golgi/merged_24277-Ph_golgi_j02.tif,s3://morphology_profiles/filtered_mp/24277-Mito/merged_24277-Mito_j02.tif
Nc1ccc(S(=O)(=O)Nc2ccc(Cl)nn2)cc1,24277,J13,s3://morphology_profiles/filtered_mp/24277-Hoechst/merged_24277-Hoechst_j13.tif,s3://morphology_profiles/filtered_mp/24277-ERSyto/merged_24277-ERSyto_j13.tif,s3://morphology_profiles/filtered_mp/24277-ERSytoBleed/merged_24277-ERSytoBleed_j13.tif,s3://morphology_profiles/filtered_mp/24277-Ph_golgi/merged_24277-Ph_golgi_j13.tif,s3://morphology_profiles/filtered_mp/24277-Mito/merged_24277-Mito_j13.tif
Nc1ccc(S(=O)(=O)Nc2ncccn2)cc1,24277,J18,s3://morphology_profiles/filtered_mp/24277-Hoechst/merged_24277-Hoechst_j18.tif,s3://morphology_profiles/filtered_mp/24277-ERSyto/merged_24277-ERSyto_j18.tif,s3://morphology_profiles/filtered_mp/24277-ERSytoBleed/merged_24277-ERSytoBleed_j18.tif,s3://morphology_profiles/filtered_mp/24277-Ph_golgi/merged_24277-Ph_golgi_j18.tif,s3://morphology_profiles/filtered_mp/24277-Mito/merged_24277-Mito_j18.tif
CCN(CC)C(=S)SSC(=S)N(CC)CC,24277,K6,s3://morphology_profiles/filtered_mp/24277-Hoechst/merged_24277-Hoechst_k06.tif,s3://morphology_profiles/filtered_mp/24277-ERSyto/merged_24277-ERSyto_k06.tif,s3://morphology_profiles/filtered_mp/24277-ERSytoBleed/merged_24277-ERSytoBleed_k06.tif,s3://morphology_profiles/filtered_mp/24277-Ph_golgi/merged_24277-Ph_golgi_k06.tif,s3://morphology_profiles/filtered_mp/24277-Mito/merged_24277-Mito_k06.tif
Cn1cnc([N+](=O)[O-])c1Sc1ncnc2[nH]cnc12,24277,K10,s3://morphology_profiles/filtered_mp/24277-Hoechst/merged_24277-Hoechst_k10.tif,s3://morphology_profiles/filtered_mp/24277-ERSyto/merged_24277-ERSyto_k10.tif,s3://morphology_profiles/filtered_mp/24277-ERSytoBleed/merged_24277-ERSytoBleed_k10.tif,s3://morphology_profiles/filtered_mp/24277-Ph_golgi/merged_24277-Ph_golgi_k10.tif,s3://morphology_profiles/filtered_mp/24277-Mito/merged_24277-Mito_k10.tif
CN=C(NC#N)NCCSCc1[nH]cnc1C,24277,L14,s3://morphology_profiles/filtered_mp/24277-Hoechst/merged_24277-Hoechst_l14.tif,s3://morphology_profiles/filtered_mp/24277-ERSyto/merged_24277-ERSyto_l14.tif,s3://morphology_profiles/filtered_mp/24277-ERSytoBleed/merged_24277-ERSytoBleed_l14.tif,s3://morphology_profiles/filtered_mp/24277-Ph_golgi/merged_24277-Ph_golgi_l14.tif,s3://morphology_profiles/filtered_mp/24277-Mito/merged_24277-Mito_l14.tif
COc1cc(C(O)=NCc2ccc(OCCN(C)C)cc2)cc(OC)c1OC,24277,L20,s3://morphology_profiles/filtered_mp/24277-Hoechst/merged_24277-Hoechst_l20.tif,s3://morphology_profiles/filtered_mp/24277-ERSyto/merged_24277-ERSyto_l20.tif,s3://morphology_profiles/filtered_mp/24277-ERSytoBleed/merged_24277-ERSytoBleed_l20.tif,s3://morphology_profiles/filtered_mp/24277-Ph_golgi/merged_24277-Ph_golgi_l20.tif,s3://morphology_profiles/filtered_mp/24277-Mito/merged_24277-Mito_l20.tif
NS(=O)(=O)c1cc2c(cc1C(F)(F)F)NCNS2(=O)=O,24277,N11,s3://morphology_profiles/filtered_mp/24277-Hoechst/merged_24277-Hoechst_n11.tif,s3://morphology_profiles/filtered_mp/24277-ERSyto/merged_24277-ERSyto_n11.tif,s3://morphology_profiles/filtered_mp/24277-ERSytoBleed/merged_24277-ERSytoBleed_n11.tif,s3://morphology_profiles/filtered_mp/24277-Ph_golgi/merged_24277-Ph_golgi_n11.tif,s3://morphology_profiles/filtered_mp/24277-Mito/merged_24277-Mito_n11.tif
COc1ccc(CCN2CCC(N=c3[nH]c4ccccc4n3Cc3ccc(F)cc3)CC2)cc1,24277,N18,s3://morphology_profiles/filtered_mp/24277-Hoechst/merged_24277-Hoechst_n18.tif,s3://morphology_profiles/filtered_mp/24277-ERSyto/merged_24277-ERSyto_n18.tif,s3://morphology_profiles/filtered_mp/24277-ERSytoBleed/merged_24277-ERSytoBleed_n18.tif,s3://morphology_profiles/filtered_mp/24277-Ph_golgi/merged_24277-Ph_golgi_n18.tif,s3://morphology_profiles/filtered_mp/24277-Mito/merged_24277-Mito_n18.tif
CC#C[C@]1(O)CC[C@H]2[C@@H]3CCC4=CC(=O)CCC4=C3[C@@H](c3ccc(N(C)C)cc3)C[C@@]21C,24277,N19,s3://morphology_profiles/filtered_mp/24277-Hoechst/merged_24277-Hoechst_n19.tif,s3://morphology_profiles/filtered_mp/24277-ERSyto/merged_24277-ERSyto_n19.tif,s3://morphology_profiles/filtered_mp/24277-ERSytoBleed/merged_24277-ERSytoBleed_n19.tif,s3://morphology_profiles/filtered_mp/24277-Ph_golgi/merged_24277-Ph_golgi_n19.tif,s3://morphology_profiles/filtered_mp/24277-Mito/merged_24277-Mito_n19.tif
CN1CCN(C2=Nc3cc(Cl)ccc3Nc3ccccc32)CC1,24277,N21,s3://morphology_profiles/filtered_mp/24277-Hoechst/merged_24277-Hoechst_n21.tif,s3://morphology_profiles/filtered_mp/24277-ERSyto/merged_24277-ERSyto_n21.tif,s3://morphology_profiles/filtered_mp/24277-ERSytoBleed/merged_24277-ERSytoBleed_n21.tif,s3://morphology_profiles/filtered_mp/24277-Ph_golgi/merged_24277-Ph_golgi_n21.tif,s3://morphology_profiles/filtered_mp/24277-Mito/merged_24277-Mito_n21.tif
Oc1c(Cl)cc(Cl)cc1Sc1cc(Cl)cc(Cl)c1O,24277,P5,s3://morphology_profiles/filtered_mp/24277-Hoechst/merged_24277-Hoechst_p05.tif,s3://morphology_profiles/filtered_mp/24277-ERSyto/merged_24277-ERSyto_p05.tif,s3://morphology_profiles/filtered_mp/24277-ERSytoBleed/merged_24277-ERSytoBleed_p05.tif,s3://morphology_profiles/filtered_mp/24277-Ph_golgi/merged_24277-Ph_golgi_p05.tif,s3://morphology_profiles/filtered_mp/24277-Mito/merged_24277-Mito_p05.tif
CC(=O)Oc1ccc(C(c2ccc(OC(C)=O)cc2)c2ccccn2)cc1,24277,P19,s3://morphology_profiles/filtered_mp/24277-Hoechst/merged_24277-Hoechst_p19.tif,s3://morphology_profiles/filtered_mp/24277-ERSyto/merged_24277-ERSyto_p19.tif,s3://morphology_profiles/filtered_mp/24277-ERSytoBleed/merged_24277-ERSytoBleed_p19.tif,s3://morphology_profiles/filtered_mp/24277-Ph_golgi/merged_24277-Ph_golgi_p19.tif,s3://morphology_profiles/filtered_mp/24277-Mito/merged_24277-Mito_p19.tif
COc1c2occc2c(OC)c2c(=O)cc(C)oc12,24278,B15,s3://morphology_profiles/filtered_mp/24278-Hoechst/merged_24278-Hoechst_b15.tif,s3://morphology_profiles/filtered_mp/24278-ERSyto/merged_24278-ERSyto_b15.tif,s3://morphology_profiles/filtered_mp/24278-ERSytoBleed/merged_24278-ERSytoBleed_b15.tif,s3://morphology_profiles/filtered_mp/24278-Ph_golgi/merged_24278-Ph_golgi_b15.tif,s3://morphology_profiles/filtered_mp/24278-Mito/merged_24278-Mito_b15.tif
C[C@]12CC[C@@H]3c4ccc(O)cc4CC[C@H]3[C@@H]1CCC2=O,24278,C20,s3://morphology_profiles/filtered_mp/24278-Hoechst/merged_24278-Hoechst_c20.tif,s3://morphology_profiles/filtered_mp/24278-ERSyto/merged_24278-ERSyto_c20.tif,s3://morphology_profiles/filtered_mp/24278-ERSytoBleed/merged_24278-ERSytoBleed_c20.tif,s3://morphology_profiles/filtered_mp/24278-Ph_golgi/merged_24278-Ph_golgi_c20.tif,s3://morphology_profiles/filtered_mp/24278-Mito/merged_24278-Mito_c20.tif
CC(C)c1cccc(C(C)C)c1O,24278,D3,s3://morphology_profiles/filtered_mp/24278-Hoechst/merged_24278-Hoechst_d03.tif,s3://morphology_profiles/filtered_mp/24278-ERSyto/merged_24278-ERSyto_d03.tif,s3://morphology_profiles/filtered_mp/24278-ERSytoBleed/merged_24278-ERSytoBleed_d03.tif,s3://morphology_profiles/filtered_mp/24278-Ph_golgi/merged_24278-Ph_golgi_d03.tif,s3://morphology_profiles/filtered_mp/24278-Mito/merged_24278-Mito_d03.tif
CC[C@@H]1C(=O)OC[C@@H]1Cc1cncn1C,24278,E20,s3://morphology_profiles/filtered_mp/24278-Hoechst/merged_24278-Hoechst_e20.tif,s3://morphology_profiles/filtered_mp/24278-ERSyto/merged_24278-ERSyto_e20.tif,s3://morphology_profiles/filtered_mp/24278-ERSytoBleed/merged_24278-ERSytoBleed_e20.tif,s3://morphology_profiles/filtered_mp/24278-Ph_golgi/merged_24278-Ph_golgi_e20.tif,s3://morphology_profiles/filtered_mp/24278-Mito/merged_24278-Mito_e20.tif
C[C@]12C=CC(=O)C=C1CC[C@@H]1[C@@H]2C(=O)C[C@@]2(C)[C@H]1CC[C@]2(O)C(=O)CO,24278,F11,s3://morphology_profiles/filtered_mp/24278-Hoechst/merged_24278-Hoechst_f11.tif,s3://morphology_profiles/filtered_mp/24278-ERSyto/merged_24278-ERSyto_f11.tif,s3://morphology_profiles/filtered_mp/24278-ERSytoBleed/merged_24278-ERSytoBleed_f11.tif,s3://morphology_profiles/filtered_mp/24278-Ph_golgi/merged_24278-Ph_golgi_f11.tif,s3://morphology_profiles/filtered_mp/24278-Mito/merged_24278-Mito_f11.tif
COc1cnc(NS(=O)(=O)c2ccc(N)cc2)nc1,24278,G7,s3://morphology_profiles/filtered_mp/24278-Hoechst/merged_24278-Hoechst_g07.tif,s3://morphology_profiles/filtered_mp/24278-ERSyto/merged_24278-ERSyto_g07.tif,s3://morphology_profiles/filtered_mp/24278-ERSytoBleed/merged_24278-ERSytoBleed_g07.tif,s3://morphology_profiles/filtered_mp/24278-Ph_golgi/merged_24278-Ph_golgi_g07.tif,s3://morphology_profiles/filtered_mp/24278-Mito/merged_24278-Mito_g07.tif
CCc1nc(=N)[nH]c(N)c1-c1ccc(Cl)cc1,24278,H1,s3://morphology_profiles/filtered_mp/24278-Hoechst/merged_24278-Hoechst_h01.tif,s3://morphology_profiles/filtered_mp/24278-ERSyto/merged_24278-ERSyto_h01.tif,s3://morphology_profiles/filtered_mp/24278-ERSytoBleed/merged_24278-ERSytoBleed_h01.tif,s3://morphology_profiles/filtered_mp/24278-Ph_golgi/merged_24278-Ph_golgi_h01.tif,s3://morphology_profiles/filtered_mp/24278-Mito/merged_24278-Mito_h01.tif
NS(=O)(=O)c1cc2c(cc1Cl)N=CNS2(=O)=O,24278,H9,s3://morphology_profiles/filtered_mp/24278-Hoechst/merged_24278-Hoechst_h09.tif,s3://morphology_profiles/filtered_mp/24278-ERSyto/merged_24278-ERSyto_h09.tif,s3://morphology_profiles/filtered_mp/24278-ERSytoBleed/merged_24278-ERSytoBleed_h09.tif,s3://morphology_profiles/filtered_mp/24278-Ph_golgi/merged_24278-Ph_golgi_h09.tif,s3://morphology_profiles/filtered_mp/24278-Mito/merged_24278-Mito_h09.tif
N=c1[nH]c2nc(=N)c(-c3ccccc3)nc-2c(N)[nH]1,24278,K2,s3://morphology_profiles/filtered_mp/24278-Hoechst/merged_24278-Hoechst_k02.tif,s3://morphology_profiles/filtered_mp/24278-ERSyto/merged_24278-ERSyto_k02.tif,s3://morphology_profiles/filtered_mp/24278-ERSytoBleed/merged_24278-ERSytoBleed_k02.tif,s3://morphology_profiles/filtered_mp/24278-Ph_golgi/merged_24278-Ph_golgi_k02.tif,s3://morphology_profiles/filtered_mp/24278-Mito/merged_24278-Mito_k02.tif
Cc1cccc(Nc2ccccc2C(=O)O)c1C,24278,K19,s3://morphology_profiles/filtered_mp/24278-Hoechst/merged_24278-Hoechst_k19.tif,s3://morphology_profiles/filtered_mp/24278-ERSyto/merged_24278-ERSyto_k19.tif,s3://morphology_profiles/filtered_mp/24278-ERSytoBleed/merged_24278-ERSytoBleed_k19.tif,s3://morphology_profiles/filtered_mp/24278-Ph_golgi/merged_24278-Ph_golgi_k19.tif,s3://morphology_profiles/filtered_mp/24278-Mito/merged_24278-Mito_k19.tif
N=c1nnc(-c2cccc(Cl)c2Cl)c(N)[nH]1,24278,L12,s3://morphology_profiles/filtered_mp/24278-Hoechst/merged_24278-Hoechst_l12.tif,s3://morphology_profiles/filtered_mp/24278-ERSyto/merged_24278-ERSyto_l12.tif,s3://morphology_profiles/filtered_mp/24278-ERSytoBleed/merged_24278-ERSytoBleed_l12.tif,s3://morphology_profiles/filtered_mp/24278-Ph_golgi/merged_24278-Ph_golgi_l12.tif,s3://morphology_profiles/filtered_mp/24278-Mito/merged_24278-Mito_l12.tif
Cc1ccnc(NS(=O)(=O)c2ccc(N)cc2)n1,24278,L17,s3://morphology_profiles/filtered_mp/24278-Hoechst/merged_24278-Hoechst_l17.tif,s3://morphology_profiles/filtered_mp/24278-ERSyto/merged_24278-ERSyto_l17.tif,s3://morphology_profiles/filtered_mp/24278-ERSytoBleed/merged_24278-ERSytoBleed_l17.tif,s3://morphology_profiles/filtered_mp/24278-Ph_golgi/merged_24278-Ph_golgi_l17.tif,s3://morphology_profiles/filtered_mp/24278-Mito/merged_24278-Mito_l17.tif
CCCN(CCC)S(=O)(=O)c1ccc(C(=O)O)cc1,24278,N1,s3://morphology_profiles/filtered_mp/24278-Hoechst/merged_24278-Hoechst_n01.tif,s3://morphology_profiles/filtered_mp/24278-ERSyto/merged_24278-ERSyto_n01.tif,s3://morphology_profiles/filtered_mp/24278-ERSytoBleed/merged_24278-ERSytoBleed_n01.tif,s3://morphology_profiles/filtered_mp/24278-Ph_golgi/merged_24278-Ph_golgi_n01.tif,s3://morphology_profiles/filtered_mp/24278-Mito/merged_24278-Mito_n01.tif
O=C(CCCN1CC=C(n2c(O)nc3ccccc32)CC1)c1ccc(F)cc1,24278,O19,s3://morphology_profiles/filtered_mp/24278-Hoechst/merged_24278-Hoechst_o19.tif,s3://morphology_profiles/filtered_mp/24278-ERSyto/merged_24278-ERSyto_o19.tif,s3://morphology_profiles/filtered_mp/24278-ERSytoBleed/merged_24278-ERSytoBleed_o19.tif,s3://morphology_profiles/filtered_mp/24278-Ph_golgi/merged_24278-Ph_golgi_o19.tif,s3://morphology_profiles/filtered_mp/24278-Mito/merged_24278-Mito_o19.tif
COc1ccc2[nH]cc(CCN=C(C)O)c2c1,24278,P6,s3://morphology_profiles/filtered_mp/24278-Hoechst/merged_24278-Hoechst_p06.tif,s3://morphology_profiles/filtered_mp/24278-ERSyto/merged_24278-ERSyto_p06.tif,s3://morphology_profiles/filtered_mp/24278-ERSytoBleed/merged_24278-ERSytoBleed_p06.tif,s3://morphology_profiles/filtered_mp/24278-Ph_golgi/merged_24278-Ph_golgi_p06.tif,s3://morphology_profiles/filtered_mp/24278-Mito/merged_24278-Mito_p06.tif
CCCN=C(O)NS(=O)(=O)c1ccc(Cl)cc1,24278,P13,s3://morphology_profiles/filtered_mp/24278-Hoechst/merged_24278-Hoechst_p13.tif,s3://morphology_profiles/filtered_mp/24278-ERSyto/merged_24278-ERSyto_p13.tif,s3://morphology_profiles/filtered_mp/24278-ERSytoBleed/merged_24278-ERSytoBleed_p13.tif,s3://morphology_profiles/filtered_mp/24278-Ph_golgi/merged_24278-Ph_golgi_p13.tif,s3://morphology_profiles/filtered_mp/24278-Mito/merged_24278-Mito_p13.tif
COc1c2occc2c(OC)c2c(=O)cc(C)oc12,24279,B15,s3://morphology_profiles/filtered_mp/24279-Hoechst/merged_24279-Hoechst_b15.tif,s3://morphology_profiles/filtered_mp/24279-ERSyto/merged_24279-ERSyto_b15.tif,s3://morphology_profiles/filtered_mp/24279-ERSytoBleed/merged_24279-ERSytoBleed_b15.tif,s3://morphology_profiles/filtered_mp/24279-Ph_golgi/merged_24279-Ph_golgi_b15.tif,s3://morphology_profiles/filtered_mp/24279-Mito/merged_24279-Mito_b15.tif
C[C@]12CC[C@@H]3c4ccc(O)cc4CC[C@H]3[C@@H]1CCC2=O,24279,C20,s3://morphology_profiles/filtered_mp/24279-Hoechst/merged_24279-Hoechst_c20.tif,s3://morphology_profiles/filtered_mp/24279-ERSyto/merged_24279-ERSyto_c20.tif,s3://morphology_profiles/filtered_mp/24279-ERSytoBleed/merged_24279-ERSytoBleed_c20.tif,s3://morphology_profiles/filtered_mp/24279-Ph_golgi/merged_24279-Ph_golgi_c20.tif,s3://morphology_profiles/filtered_mp/24279-Mito/merged_24279-Mito_c20.tif
CC(C)c1cccc(C(C)C)c1O,24279,D3,s3://morphology_profiles/filtered_mp/24279-Hoechst/merged_24279-Hoechst_d03.tif,s3://morphology_profiles/filtered_mp/24279-ERSyto/merged_24279-ERSyto_d03.tif,s3://morphology_profiles/filtered_mp/24279-ERSytoBleed/merged_24279-ERSytoBleed_d03.tif,s3://morphology_profiles/filtered_mp/24279-Ph_golgi/merged_24279-Ph_golgi_d03.tif,s3://morphology_profiles/filtered_mp/24279-Mito/merged_24279-Mito_d03.tif
CC[C@@H]1C(=O)OC[C@@H]1Cc1cncn1C,24279,E20,s3://morphology_profiles/filtered_mp/24279-Hoechst/merged_24279-Hoechst_e20.tif,s3://morphology_profiles/filtered_mp/24279-ERSyto/merged_24279-ERSyto_e20.tif,s3://morphology_profiles/filtered_mp/24279-ERSytoBleed/merged_24279-ERSytoBleed_e20.tif,s3://morphology_profiles/filtered_mp/24279-Ph_golgi/merged_24279-Ph_golgi_e20.tif,s3://morphology_profiles/filtered_mp/24279-Mito/merged_24279-Mito_e20.tif
C[C@]12C=CC(=O)C=C1CC[C@@H]1[C@@H]2C(=O)C[C@@]2(C)[C@H]1CC[C@]2(O)C(=O)CO,24279,F11,s3://morphology_profiles/filtered_mp/24279-Hoechst/merged_24279-Hoechst_f11.tif,s3://morphology_profiles/filtered_mp/24279-ERSyto/merged_24279-ERSyto_f11.tif,s3://morphology_profiles/filtered_mp/24279-ERSytoBleed/merged_24279-ERSytoBleed_f11.tif,s3://morphology_profiles/filtered_mp/24279-Ph_golgi/merged_24279-Ph_golgi_f11.tif,s3://morphology_profiles/filtered_mp/24279-Mito/merged_24279-Mito_f11.tif
COc1cnc(NS(=O)(=O)c2ccc(N)cc2)nc1,24279,G7,s3://morphology_profiles/filtered_mp/24279-Hoechst/merged_24279-Hoechst_g07.tif,s3://morphology_profiles/filtered_mp/24279-ERSyto/merged_24279-ERSyto_g07.tif,s3://morphology_profiles/filtered_mp/24279-ERSytoBleed/merged_24279-ERSytoBleed_g07.tif,s3://morphology_profiles/filtered_mp/24279-Ph_golgi/merged_24279-Ph_golgi_g07.tif,s3://morphology_profiles/filtered_mp/24279-Mito/merged_24279-Mito_g07.tif
CCc1nc(=N)[nH]c(N)c1-c1ccc(Cl)cc1,24279,H1,s3://morphology_profiles/filtered_mp/24279-Hoechst/merged_24279-Hoechst_h01.tif,s3://morphology_profiles/filtered_mp/24279-ERSyto/merged_24279-ERSyto_h01.tif,s3://morphology_profiles/filtered_mp/24279-ERSytoBleed/merged_24279-ERSytoBleed_h01.tif,s3://morphology_profiles/filtered_mp/24279-Ph_golgi/merged_24279-Ph_golgi_h01.tif,s3://morphology_profiles/filtered_mp/24279-Mito/merged_24279-Mito_h01.tif
NS(=O)(=O)c1cc2c(cc1Cl)N=CNS2(=O)=O,24279,H9,s3://morphology_profiles/filtered_mp/24279-Hoechst/merged_24279-Hoechst_h09.tif,s3://morphology_profiles/filtered_mp/24279-ERSyto/merged_24279-ERSyto_h09.tif,s3://morphology_profiles/filtered_mp/24279-ERSytoBleed/merged_24279-ERSytoBleed_h09.tif,s3://morphology_profiles/filtered_mp/24279-Ph_golgi/merged_24279-Ph_golgi_h09.tif,s3://morphology_profiles/filtered_mp/24279-Mito/merged_24279-Mito_h09.tif
N=c1[nH]c2nc(=N)c(-c3ccccc3)nc-2c(N)[nH]1,24279,K2,s3://morphology_profiles/filtered_mp/24279-Hoechst/merged_24279-Hoechst_k02.tif,s3://morphology_profiles/filtered_mp/24279-ERSyto/merged_24279-ERSyto_k02.tif,s3://morphology_profiles/filtered_mp/24279-ERSytoBleed/merged_24279-ERSytoBleed_k02.tif,s3://morphology_profiles/filtered_mp/24279-Ph_golgi/merged_24279-Ph_golgi_k02.tif,s3://morphology_profiles/filtered_mp/24279-Mito/merged_24279-Mito_k02.tif
Cc1cccc(Nc2ccccc2C(=O)O)c1C,24279,K19,s3://morphology_profiles/filtered_mp/24279-Hoechst/merged_24279-Hoechst_k19.tif,s3://morphology_profiles/filtered_mp/24279-ERSyto/merged_24279-ERSyto_k19.tif,s3://morphology_profiles/filtered_mp/24279-ERSytoBleed/merged_24279-ERSytoBleed_k19.tif,s3://morphology_profiles/filtered_mp/24279-Ph_golgi/merged_24279-Ph_golgi_k19.tif,s3://morphology_profiles/filtered_mp/24279-Mito/merged_24279-Mito_k19.tif
N=c1nnc(-c2cccc(Cl)c2Cl)c(N)[nH]1,24279,L12,s3://morphology_profiles/filtered_mp/24279-Hoechst/merged_24279-Hoechst_l12.tif,s3://morphology_profiles/filtered_mp/24279-ERSyto/merged_24279-ERSyto_l12.tif,s3://morphology_profiles/filtered_mp/24279-ERSytoBleed/merged_24279-ERSytoBleed_l12.tif,s3://morphology_profiles/filtered_mp/24279-Ph_golgi/merged_24279-Ph_golgi_l12.tif,s3://morphology_profiles/filtered_mp/24279-Mito/merged_24279-Mito_l12.tif
Cc1ccnc(NS(=O)(=O)c2ccc(N)cc2)n1,24279,L17,s3://morphology_profiles/filtered_mp/24279-Hoechst/merged_24279-Hoechst_l17.tif,s3://morphology_profiles/filtered_mp/24279-ERSyto/merged_24279-ERSyto_l17.tif,s3://morphology_profiles/filtered_mp/24279-ERSytoBleed/merged_24279-ERSytoBleed_l17.tif,s3://morphology_profiles/filtered_mp/24279-Ph_golgi/merged_24279-Ph_golgi_l17.tif,s3://morphology_profiles/filtered_mp/24279-Mito/merged_24279-Mito_l17.tif
CCCN(CCC)S(=O)(=O)c1ccc(C(=O)O)cc1,24279,N1,s3://morphology_profiles/filtered_mp/24279-Hoechst/merged_24279-Hoechst_n01.tif,s3://morphology_profiles/filtered_mp/24279-ERSyto/merged_24279-ERSyto_n01.tif,s3://morphology_profiles/filtered_mp/24279-ERSytoBleed/merged_24279-ERSytoBleed_n01.tif,s3://morphology_profiles/filtered_mp/24279-Ph_golgi/merged_24279-Ph_golgi_n01.tif,s3://morphology_profiles/filtered_mp/24279-Mito/merged_24279-Mito_n01.tif
O=C(CCCN1CC=C(n2c(O)nc3ccccc32)CC1)c1ccc(F)cc1,24279,O19,s3://morphology_profiles/filtered_mp/24279-Hoechst/merged_24279-Hoechst_o19.tif,s3://morphology_profiles/filtered_mp/24279-ERSyto/merged_24279-ERSyto_o19.tif,s3://morphology_profiles/filtered_mp/24279-ERSytoBleed/merged_24279-ERSytoBleed_o19.tif,s3://morphology_profiles/filtered_mp/24279-Ph_golgi/merged_24279-Ph_golgi_o19.tif,s3://morphology_profiles/filtered_mp/24279-Mito/merged_24279-Mito_o19.tif
COc1ccc2[nH]cc(CCN=C(C)O)c2c1,24279,P6,s3://morphology_profiles/filtered_mp/24279-Hoechst/merged_24279-Hoechst_p06.tif,s3://morphology_profiles/filtered_mp/24279-ERSyto/merged_24279-ERSyto_p06.tif,s3://morphology_profiles/filtered_mp/24279-ERSytoBleed/merged_24279-ERSytoBleed_p06.tif,s3://morphology_profiles/filtered_mp/24279-Ph_golgi/merged_24279-Ph_golgi_p06.tif,s3://morphology_profiles/filtered_mp/24279-Mito/merged_24279-Mito_p06.tif
CCCN=C(O)NS(=O)(=O)c1ccc(Cl)cc1,24279,P13,s3://morphology_profiles/filtered_mp/24279-Hoechst/merged_24279-Hoechst_p13.tif,s3://morphology_profiles/filtered_mp/24279-ERSyto/merged_24279-ERSyto_p13.tif,s3://morphology_profiles/filtered_mp/24279-ERSytoBleed/merged_24279-ERSytoBleed_p13.tif,s3://morphology_profiles/filtered_mp/24279-Ph_golgi/merged_24279-Ph_golgi_p13.tif,s3://morphology_profiles/filtered_mp/24279-Mito/merged_24279-Mito_p13.tif
COc1c2occc2c(OC)c2c(=O)cc(C)oc12,24280,B15,s3://morphology_profiles/filtered_mp/24280-Hoechst/merged_24280-Hoechst_b15.tif,s3://morphology_profiles/filtered_mp/24280-ERSyto/merged_24280-ERSyto_b15.tif,s3://morphology_profiles/filtered_mp/24280-ERSytoBleed/merged_24280-ERSytoBleed_b15.tif,s3://morphology_profiles/filtered_mp/24280-Ph_golgi/merged_24280-Ph_golgi_b15.tif,s3://morphology_profiles/filtered_mp/24280-Mito/merged_24280-Mito_b15.tif
C[C@]12CC[C@@H]3c4ccc(O)cc4CC[C@H]3[C@@H]1CCC2=O,24280,C20,s3://morphology_profiles/filtered_mp/24280-Hoechst/merged_24280-Hoechst_c20.tif,s3://morphology_profiles/filtered_mp/24280-ERSyto/merged_24280-ERSyto_c20.tif,s3://morphology_profiles/filtered_mp/24280-ERSytoBleed/merged_24280-ERSytoBleed_c20.tif,s3://morphology_profiles/filtered_mp/24280-Ph_golgi/merged_24280-Ph_golgi_c20.tif,s3://morphology_profiles/filtered_mp/24280-Mito/merged_24280-Mito_c20.tif
CC(C)c1cccc(C(C)C)c1O,24280,D3,s3://morphology_profiles/filtered_mp/24280-Hoechst/merged_24280-Hoechst_d03.tif,s3://morphology_profiles/filtered_mp/24280-ERSyto/merged_24280-ERSyto_d03.tif,s3://morphology_profiles/filtered_mp/24280-ERSytoBleed/merged_24280-ERSytoBleed_d03.tif,s3://morphology_profiles/filtered_mp/24280-Ph_golgi/merged_24280-Ph_golgi_d03.tif,s3://morphology_profiles/filtered_mp/24280-Mito/merged_24280-Mito_d03.tif
CC[C@@H]1C(=O)OC[C@@H]1Cc1cncn1C,24280,E20,s3://morphology_profiles/filtered_mp/24280-Hoechst/merged_24280-Hoechst_e20.tif,s3://morphology_profiles/filtered_mp/24280-ERSyto/merged_24280-ERSyto_e20.tif,s3://morphology_profiles/filtered_mp/24280-ERSytoBleed/merged_24280-ERSytoBleed_e20.tif,s3://morphology_profiles/filtered_mp/24280-Ph_golgi/merged_24280-Ph_golgi_e20.tif,s3://morphology_profiles/filtered_mp/24280-Mito/merged_24280-Mito_e20.tif
C[C@]12C=CC(=O)C=C1CC[C@@H]1[C@@H]2C(=O)C[C@@]2(C)[C@H]1CC[C@]2(O)C(=O)CO,24280,F11,s3://morphology_profiles/filtered_mp/24280-Hoechst/merged_24280-Hoechst_f11.tif,s3://morphology_profiles/filtered_mp/24280-ERSyto/merged_24280-ERSyto_f11.tif,s3://morphology_profiles/filtered_mp/24280-ERSytoBleed/merged_24280-ERSytoBleed_f11.tif,s3://morphology_profiles/filtered_mp/24280-Ph_golgi/merged_24280-Ph_golgi_f11.tif,s3://morphology_profiles/filtered_mp/24280-Mito/merged_24280-Mito_f11.tif
COc1cnc(NS(=O)(=O)c2ccc(N)cc2)nc1,24280,G7,s3://morphology_profiles/filtered_mp/24280-Hoechst/merged_24280-Hoechst_g07.tif,s3://morphology_profiles/filtered_mp/24280-ERSyto/merged_24280-ERSyto_g07.tif,s3://morphology_profiles/filtered_mp/24280-ERSytoBleed/merged_24280-ERSytoBleed_g07.tif,s3://morphology_profiles/filtered_mp/24280-Ph_golgi/merged_24280-Ph_golgi_g07.tif,s3://morphology_profiles/filtered_mp/24280-Mito/merged_24280-Mito_g07.tif
CCc1nc(=N)[nH]c(N)c1-c1ccc(Cl)cc1,24280,H1,s3://morphology_profiles/filtered_mp/24280-Hoechst/merged_24280-Hoechst_h01.tif,s3://morphology_profiles/filtered_mp/24280-ERSyto/merged_24280-ERSyto_h01.tif,s3://morphology_profiles/filtered_mp/24280-ERSytoBleed/merged_24280-ERSytoBleed_h01.tif,s3://morphology_profiles/filtered_mp/24280-Ph_golgi/merged_24280-Ph_golgi_h01.tif,s3://morphology_profiles/filtered_mp/24280-Mito/merged_24280-Mito_h01.tif
NS(=O)(=O)c1cc2c(cc1Cl)N=CNS2(=O)=O,24280,H9,s3://morphology_profiles/filtered_mp/24280-Hoechst/merged_24280-Hoechst_h09.tif,s3://morphology_profiles/filtered_mp/24280-ERSyto/merged_24280-ERSyto_h09.tif,s3://morphology_profiles/filtered_mp/24280-ERSytoBleed/merged_24280-ERSytoBleed_h09.tif,s3://morphology_profiles/filtered_mp/24280-Ph_golgi/merged_24280-Ph_golgi_h09.tif,s3://morphology_profiles/filtered_mp/24280-Mito/merged_24280-Mito_h09.tif
N=c1[nH]c2nc(=N)c(-c3ccccc3)nc-2c(N)[nH]1,24280,K2,s3://morphology_profiles/filtered_mp/24280-Hoechst/merged_24280-Hoechst_k02.tif,s3://morphology_profiles/filtered_mp/24280-ERSyto/merged_24280-ERSyto_k02.tif,s3://morphology_profiles/filtered_mp/24280-ERSytoBleed/merged_24280-ERSytoBleed_k02.tif,s3://morphology_profiles/filtered_mp/24280-Ph_golgi/merged_24280-Ph_golgi_k02.tif,s3://morphology_profiles/filtered_mp/24280-Mito/merged_24280-Mito_k02.tif
Cc1cccc(Nc2ccccc2C(=O)O)c1C,24280,K19,s3://morphology_profiles/filtered_mp/24280-Hoechst/merged_24280-Hoechst_k19.tif,s3://morphology_profiles/filtered_mp/24280-ERSyto/merged_24280-ERSyto_k19.tif,s3://morphology_profiles/filtered_mp/24280-ERSytoBleed/merged_24280-ERSytoBleed_k19.tif,s3://morphology_profiles/filtered_mp/24280-Ph_golgi/merged_24280-Ph_golgi_k19.tif,s3://morphology_profiles/filtered_mp/24280-Mito/merged_24280-Mito_k19.tif
N=c1nnc(-c2cccc(Cl)c2Cl)c(N)[nH]1,24280,L12,s3://morphology_profiles/filtered_mp/24280-Hoechst/merged_24280-Hoechst_l12.tif,s3://morphology_profiles/filtered_mp/24280-ERSyto/merged_24280-ERSyto_l12.tif,s3://morphology_profiles/filtered_mp/24280-ERSytoBleed/merged_24280-ERSytoBleed_l12.tif,s3://morphology_profiles/filtered_mp/24280-Ph_golgi/merged_24280-Ph_golgi_l12.tif,s3://morphology_profiles/filtered_mp/24280-Mito/merged_24280-Mito_l12.tif
Cc1ccnc(NS(=O)(=O)c2ccc(N)cc2)n1,24280,L17,s3://morphology_profiles/filtered_mp/24280-Hoechst/merged_24280-Hoechst_l17.tif,s3://morphology_profiles/filtered_mp/24280-ERSyto/merged_24280-ERSyto_l17.tif,s3://morphology_profiles/filtered_mp/24280-ERSytoBleed/merged_24280-ERSytoBleed_l17.tif,s3://morphology_profiles/filtered_mp/24280-Ph_golgi/merged_24280-Ph_golgi_l17.tif,s3://morphology_profiles/filtered_mp/24280-Mito/merged_24280-Mito_l17.tif
CCCN(CCC)S(=O)(=O)c1ccc(C(=O)O)cc1,24280,N1,s3://morphology_profiles/filtered_mp/24280-Hoechst/merged_24280-Hoechst_n01.tif,s3://morphology_profiles/filtered_mp/24280-ERSyto/merged_24280-ERSyto_n01.tif,s3://morphology_profiles/filtered_mp/24280-ERSytoBleed/merged_24280-ERSytoBleed_n01.tif,s3://morphology_profiles/filtered_mp/24280-Ph_golgi/merged_24280-Ph_golgi_n01.tif,s3://morphology_profiles/filtered_mp/24280-Mito/merged_24280-Mito_n01.tif
O=C(CCCN1CC=C(n2c(O)nc3ccccc32)CC1)c1ccc(F)cc1,24280,O19,s3://morphology_profiles/filtered_mp/24280-Hoechst/merged_24280-Hoechst_o19.tif,s3://morphology_profiles/filtered_mp/24280-ERSyto/merged_24280-ERSyto_o19.tif,s3://morphology_profiles/filtered_mp/24280-ERSytoBleed/merged_24280-ERSytoBleed_o19.tif,s3://morphology_profiles/filtered_mp/24280-Ph_golgi/merged_24280-Ph_golgi_o19.tif,s3://morphology_profiles/filtered_mp/24280-Mito/merged_24280-Mito_o19.tif
COc1ccc2[nH]cc(CCN=C(C)O)c2c1,24280,P6,s3://morphology_profiles/filtered_mp/24280-Hoechst/merged_24280-Hoechst_p06.tif,s3://morphology_profiles/filtered_mp/24280-ERSyto/merged_24280-ERSyto_p06.tif,s3://morphology_profiles/filtered_mp/24280-ERSytoBleed/merged_24280-ERSytoBleed_p06.tif,s3://morphology_profiles/filtered_mp/24280-Ph_golgi/merged_24280-Ph_golgi_p06.tif,s3://morphology_profiles/filtered_mp/24280-Mito/merged_24280-Mito_p06.tif
CCCN=C(O)NS(=O)(=O)c1ccc(Cl)cc1,24280,P13,s3://morphology_profiles/filtered_mp/24280-Hoechst/merged_24280-Hoechst_p13.tif,s3://morphology_profiles/filtered_mp/24280-ERSyto/merged_24280-ERSyto_p13.tif,s3://morphology_profiles/filtered_mp/24280-ERSytoBleed/merged_24280-ERSytoBleed_p13.tif,s3://morphology_profiles/filtered_mp/24280-Ph_golgi/merged_24280-Ph_golgi_p13.tif,s3://morphology_profiles/filtered_mp/24280-Mito/merged_24280-Mito_p13.tif
COc1c2occc2c(OC)c2c(=O)cc(C)oc12,24293,B15,s3://morphology_profiles/filtered_mp/24293-Hoechst/merged_24293-Hoechst_b15.tif,s3://morphology_profiles/filtered_mp/24293-ERSyto/merged_24293-ERSyto_b15.tif,s3://morphology_profiles/filtered_mp/24293-ERSytoBleed/merged_24293-ERSytoBleed_b15.tif,s3://morphology_profiles/filtered_mp/24293-Ph_golgi/merged_24293-Ph_golgi_b15.tif,s3://morphology_profiles/filtered_mp/24293-Mito/merged_24293-Mito_b15.tif
C[C@]12CC[C@@H]3c4ccc(O)cc4CC[C@H]3[C@@H]1CCC2=O,24293,C20,s3://morphology_profiles/filtered_mp/24293-Hoechst/merged_24293-Hoechst_c20.tif,s3://morphology_profiles/filtered_mp/24293-ERSyto/merged_24293-ERSyto_c20.tif,s3://morphology_profiles/filtered_mp/24293-ERSytoBleed/merged_24293-ERSytoBleed_c20.tif,s3://morphology_profiles/filtered_mp/24293-Ph_golgi/merged_24293-Ph_golgi_c20.tif,s3://morphology_profiles/filtered_mp/24293-Mito/merged_24293-Mito_c20.tif
CC(C)c1cccc(C(C)C)c1O,24293,D3,s3://morphology_profiles/filtered_mp/24293-Hoechst/merged_24293-Hoechst_d03.tif,s3://morphology_profiles/filtered_mp/24293-ERSyto/merged_24293-ERSyto_d03.tif,s3://morphology_profiles/filtered_mp/24293-ERSytoBleed/merged_24293-ERSytoBleed_d03.tif,s3://morphology_profiles/filtered_mp/24293-Ph_golgi/merged_24293-Ph_golgi_d03.tif,s3://morphology_profiles/filtered_mp/24293-Mito/merged_24293-Mito_d03.tif
CC[C@@H]1C(=O)OC[C@@H]1Cc1cncn1C,24293,E20,s3://morphology_profiles/filtered_mp/24293-Hoechst/merged_24293-Hoechst_e20.tif,s3://morphology_profiles/filtered_mp/24293-ERSyto/merged_24293-ERSyto_e20.tif,s3://morphology_profiles/filtered_mp/24293-ERSytoBleed/merged_24293-ERSytoBleed_e20.tif,s3://morphology_profiles/filtered_mp/24293-Ph_golgi/merged_24293-Ph_golgi_e20.tif,s3://morphology_profiles/filtered_mp/24293-Mito/merged_24293-Mito_e20.tif
C[C@]12C=CC(=O)C=C1CC[C@@H]1[C@@H]2C(=O)C[C@@]2(C)[C@H]1CC[C@]2(O)C(=O)CO,24293,F11,s3://morphology_profiles/filtered_mp/24293-Hoechst/merged_24293-Hoechst_f11.tif,s3://morphology_profiles/filtered_mp/24293-ERSyto/merged_24293-ERSyto_f11.tif,s3://morphology_profiles/filtered_mp/24293-ERSytoBleed/merged_24293-ERSytoBleed_f11.tif,s3://morphology_profiles/filtered_mp/24293-Ph_golgi/merged_24293-Ph_golgi_f11.tif,s3://morphology_profiles/filtered_mp/24293-Mito/merged_24293-Mito_f11.tif
COc1cnc(NS(=O)(=O)c2ccc(N)cc2)nc1,24293,G7,s3://morphology_profiles/filtered_mp/24293-Hoechst/merged_24293-Hoechst_g07.tif,s3://morphology_profiles/filtered_mp/24293-ERSyto/merged_24293-ERSyto_g07.tif,s3://morphology_profiles/filtered_mp/24293-ERSytoBleed/merged_24293-ERSytoBleed_g07.tif,s3://morphology_profiles/filtered_mp/24293-Ph_golgi/merged_24293-Ph_golgi_g07.tif,s3://morphology_profiles/filtered_mp/24293-Mito/merged_24293-Mito_g07.tif
CCc1nc(=N)[nH]c(N)c1-c1ccc(Cl)cc1,24293,H1,s3://morphology_profiles/filtered_mp/24293-Hoechst/merged_24293-Hoechst_h01.tif,s3://morphology_profiles/filtered_mp/24293-ERSyto/merged_24293-ERSyto_h01.tif,s3://morphology_profiles/filtered_mp/24293-ERSytoBleed/merged_24293-ERSytoBleed_h01.tif,s3://morphology_profiles/filtered_mp/24293-Ph_golgi/merged_24293-Ph_golgi_h01.tif,s3://morphology_profiles/filtered_mp/24293-Mito/merged_24293-Mito_h01.tif
NS(=O)(=O)c1cc2c(cc1Cl)N=CNS2(=O)=O,24293,H9,s3://morphology_profiles/filtered_mp/24293-Hoechst/merged_24293-Hoechst_h09.tif,s3://morphology_profiles/filtered_mp/24293-ERSyto/merged_24293-ERSyto_h09.tif,s3://morphology_profiles/filtered_mp/24293-ERSytoBleed/merged_24293-ERSytoBleed_h09.tif,s3://morphology_profiles/filtered_mp/24293-Ph_golgi/merged_24293-Ph_golgi_h09.tif,s3://morphology_profiles/filtered_mp/24293-Mito/merged_24293-Mito_h09.tif
N=c1[nH]c2nc(=N)c(-c3ccccc3)nc-2c(N)[nH]1,24293,K2,s3://morphology_profiles/filtered_mp/24293-Hoechst/merged_24293-Hoechst_k02.tif,s3://morphology_profiles/filtered_mp/24293-ERSyto/merged_24293-ERSyto_k02.tif,s3://morphology_profiles/filtered_mp/24293-ERSytoBleed/merged_24293-ERSytoBleed_k02.tif,s3://morphology_profiles/filtered_mp/24293-Ph_golgi/merged_24293-Ph_golgi_k02.tif,s3://morphology_profiles/filtered_mp/24293-Mito/merged_24293-Mito_k02.tif
Cc1cccc(Nc2ccccc2C(=O)O)c1C,24293,K19,s3://morphology_profiles/filtered_mp/24293-Hoechst/merged_24293-Hoechst_k19.tif,s3://morphology_profiles/filtered_mp/24293-ERSyto/merged_24293-ERSyto_k19.tif,s3://morphology_profiles/filtered_mp/24293-ERSytoBleed/merged_24293-ERSytoBleed_k19.tif,s3://morphology_profiles/filtered_mp/24293-Ph_golgi/merged_24293-Ph_golgi_k19.tif,s3://morphology_profiles/filtered_mp/24293-Mito/merged_24293-Mito_k19.tif
N=c1nnc(-c2cccc(Cl)c2Cl)c(N)[nH]1,24293,L12,s3://morphology_profiles/filtered_mp/24293-Hoechst/merged_24293-Hoechst_l12.tif,s3://morphology_profiles/filtered_mp/24293-ERSyto/merged_24293-ERSyto_l12.tif,s3://morphology_profiles/filtered_mp/24293-ERSytoBleed/merged_24293-ERSytoBleed_l12.tif,s3://morphology_profiles/filtered_mp/24293-Ph_golgi/merged_24293-Ph_golgi_l12.tif,s3://morphology_profiles/filtered_mp/24293-Mito/merged_24293-Mito_l12.tif
Cc1ccnc(NS(=O)(=O)c2ccc(N)cc2)n1,24293,L17,s3://morphology_profiles/filtered_mp/24293-Hoechst/merged_24293-Hoechst_l17.tif,s3://morphology_profiles/filtered_mp/24293-ERSyto/merged_24293-ERSyto_l17.tif,s3://morphology_profiles/filtered_mp/24293-ERSytoBleed/merged_24293-ERSytoBleed_l17.tif,s3://morphology_profiles/filtered_mp/24293-Ph_golgi/merged_24293-Ph_golgi_l17.tif,s3://morphology_profiles/filtered_mp/24293-Mito/merged_24293-Mito_l17.tif
CCCN(CCC)S(=O)(=O)c1ccc(C(=O)O)cc1,24293,N1,s3://morphology_profiles/filtered_mp/24293-Hoechst/merged_24293-Hoechst_n01.tif,s3://morphology_profiles/filtered_mp/24293-ERSyto/merged_24293-ERSyto_n01.tif,s3://morphology_profiles/filtered_mp/24293-ERSytoBleed/merged_24293-ERSytoBleed_n01.tif,s3://morphology_profiles/filtered_mp/24293-Ph_golgi/merged_24293-Ph_golgi_n01.tif,s3://morphology_profiles/filtered_mp/24293-Mito/merged_24293-Mito_n01.tif
O=C(CCCN1CC=C(n2c(O)nc3ccccc32)CC1)c1ccc(F)cc1,24293,O19,s3://morphology_profiles/filtered_mp/24293-Hoechst/merged_24293-Hoechst_o19.tif,s3://morphology_profiles/filtered_mp/24293-ERSyto/merged_24293-ERSyto_o19.tif,s3://morphology_profiles/filtered_mp/24293-ERSytoBleed/merged_24293-ERSytoBleed_o19.tif,s3://morphology_profiles/filtered_mp/24293-Ph_golgi/merged_24293-Ph_golgi_o19.tif,s3://morphology_profiles/filtered_mp/24293-Mito/merged_24293-Mito_o19.tif
COc1ccc2[nH]cc(CCN=C(C)O)c2c1,24293,P6,s3://morphology_profiles/filtered_mp/24293-Hoechst/merged_24293-Hoechst_p06.tif,s3://morphology_profiles/filtered_mp/24293-ERSyto/merged_24293-ERSyto_p06.tif,s3://morphology_profiles/filtered_mp/24293-ERSytoBleed/merged_24293-ERSytoBleed_p06.tif,s3://morphology_profiles/filtered_mp/24293-Ph_golgi/merged_24293-Ph_golgi_p06.tif,s3://morphology_profiles/filtered_mp/24293-Mito/merged_24293-Mito_p06.tif
CCCN=C(O)NS(=O)(=O)c1ccc(Cl)cc1,24293,P13,s3://morphology_profiles/filtered_mp/24293-Hoechst/merged_24293-Hoechst_p13.tif,s3://morphology_profiles/filtered_mp/24293-ERSyto/merged_24293-ERSyto_p13.tif,s3://morphology_profiles/filtered_mp/24293-ERSytoBleed/merged_24293-ERSytoBleed_p13.tif,s3://morphology_profiles/filtered_mp/24293-Ph_golgi/merged_24293-Ph_golgi_p13.tif,s3://morphology_profiles/filtered_mp/24293-Mito/merged_24293-Mito_p13.tif
CC1CS(=O)(=O)CCN1N=Cc1ccc([N+](=O)[O-])o1,24294,A1,s3://morphology_profiles/filtered_mp/24294-Hoechst/merged_24294-Hoechst_a01.tif,s3://morphology_profiles/filtered_mp/24294-ERSyto/merged_24294-ERSyto_a01.tif,s3://morphology_profiles/filtered_mp/24294-ERSytoBleed/merged_24294-ERSytoBleed_a01.tif,s3://morphology_profiles/filtered_mp/24294-Ph_golgi/merged_24294-Ph_golgi_a01.tif,s3://morphology_profiles/filtered_mp/24294-Mito/merged_24294-Mito_a01.tif
Cn1c(=O)c2c(ncn2CC(O)CO)n(C)c1=O,24294,A5,s3://morphology_profiles/filtered_mp/24294-Hoechst/merged_24294-Hoechst_a05.tif,s3://morphology_profiles/filtered_mp/24294-ERSyto/merged_24294-ERSyto_a05.tif,s3://morphology_profiles/filtered_mp/24294-ERSytoBleed/merged_24294-ERSytoBleed_a05.tif,s3://morphology_profiles/filtered_mp/24294-Ph_golgi/merged_24294-Ph_golgi_a05.tif,s3://morphology_profiles/filtered_mp/24294-Mito/merged_24294-Mito_a05.tif
CC(C)NCC(O)COc1ccc(CCOCC2CC2)cc1,24294,A21,s3://morphology_profiles/filtered_mp/24294-Hoechst/merged_24294-Hoechst_a21.tif,s3://morphology_profiles/filtered_mp/24294-ERSyto/merged_24294-ERSyto_a21.tif,s3://morphology_profiles/filtered_mp/24294-ERSytoBleed/merged_24294-ERSytoBleed_a21.tif,s3://morphology_profiles/filtered_mp/24294-Ph_golgi/merged_24294-Ph_golgi_a21.tif,s3://morphology_profiles/filtered_mp/24294-Mito/merged_24294-Mito_a21.tif
CC(CCc1ccccc1)NCC(O)c1ccc(O)c(C(=N)O)c1,24294,C8,s3://morphology_profiles/filtered_mp/24294-Hoechst/merged_24294-Hoechst_c08.tif,s3://morphology_profiles/filtered_mp/24294-ERSyto/merged_24294-ERSyto_c08.tif,s3://morphology_profiles/filtered_mp/24294-ERSytoBleed/merged_24294-ERSytoBleed_c08.tif,s3://morphology_profiles/filtered_mp/24294-Ph_golgi/merged_24294-Ph_golgi_c08.tif,s3://morphology_profiles/filtered_mp/24294-Mito/merged_24294-Mito_c08.tif
CC(C)NCC(O)COc1cccc2ccccc12,24294,D14,s3://morphology_profiles/filtered_mp/24294-Hoechst/merged_24294-Hoechst_d14.tif,s3://morphology_profiles/filtered_mp/24294-ERSyto/merged_24294-ERSyto_d14.tif,s3://morphology_profiles/filtered_mp/24294-ERSytoBleed/merged_24294-ERSytoBleed_d14.tif,s3://morphology_profiles/filtered_mp/24294-Ph_golgi/merged_24294-Ph_golgi_d14.tif,s3://morphology_profiles/filtered_mp/24294-Mito/merged_24294-Mito_d14.tif
CC1=C(CC(=O)O)c2cc(F)ccc2/C1=C\c1ccc(S(C)=O)cc1,24294,E16,s3://morphology_profiles/filtered_mp/24294-Hoechst/merged_24294-Hoechst_e16.tif,s3://morphology_profiles/filtered_mp/24294-ERSyto/merged_24294-ERSyto_e16.tif,s3://morphology_profiles/filtered_mp/24294-ERSytoBleed/merged_24294-ERSytoBleed_e16.tif,s3://morphology_profiles/filtered_mp/24294-Ph_golgi/merged_24294-Ph_golgi_e16.tif,s3://morphology_profiles/filtered_mp/24294-Mito/merged_24294-Mito_e16.tif
CN1C(=O)CCS(=O)(=O)C1c1ccc(Cl)cc1,24294,H1,s3://morphology_profiles/filtered_mp/24294-Hoechst/merged_24294-Hoechst_h01.tif,s3://morphology_profiles/filtered_mp/24294-ERSyto/merged_24294-ERSyto_h01.tif,s3://morphology_profiles/filtered_mp/24294-ERSytoBleed/merged_24294-ERSytoBleed_h01.tif,s3://morphology_profiles/filtered_mp/24294-Ph_golgi/merged_24294-Ph_golgi_h01.tif,s3://morphology_profiles/filtered_mp/24294-Mito/merged_24294-Mito_h01.tif
O=C(C1CCCCC1)N1CC(=O)N2CCc3ccccc3C2C1,24294,H9,s3://morphology_profiles/filtered_mp/24294-Hoechst/merged_24294-Hoechst_h09.tif,s3://morphology_profiles/filtered_mp/24294-ERSyto/merged_24294-ERSyto_h09.tif,s3://morphology_profiles/filtered_mp/24294-ERSytoBleed/merged_24294-ERSytoBleed_h09.tif,s3://morphology_profiles/filtered_mp/24294-Ph_golgi/merged_24294-Ph_golgi_h09.tif,s3://morphology_profiles/filtered_mp/24294-Mito/merged_24294-Mito_h09.tif
CCC1(c2ccc(N)cc2)CCC(O)=NC1=O,24294,I17,s3://morphology_profiles/filtered_mp/24294-Hoechst/merged_24294-Hoechst_i17.tif,s3://morphology_profiles/filtered_mp/24294-ERSyto/merged_24294-ERSyto_i17.tif,s3://morphology_profiles/filtered_mp/24294-ERSytoBleed/merged_24294-ERSytoBleed_i17.tif,s3://morphology_profiles/filtered_mp/24294-Ph_golgi/merged_24294-Ph_golgi_i17.tif,s3://morphology_profiles/filtered_mp/24294-Mito/merged_24294-Mito_i17.tif
NS(=O)(=O)c1cc(C2(O)N=C(O)c3ccccc32)ccc1Cl,24294,J2,s3://morphology_profiles/filtered_mp/24294-Hoechst/merged_24294-Hoechst_j02.tif,s3://morphology_profiles/filtered_mp/24294-ERSyto/merged_24294-ERSyto_j02.tif,s3://morphology_profiles/filtered_mp/24294-ERSytoBleed/merged_24294-ERSytoBleed_j02.tif,s3://morphology_profiles/filtered_mp/24294-Ph_golgi/merged_24294-Ph_golgi_j02.tif,s3://morphology_profiles/filtered_mp/24294-Mito/merged_24294-Mito_j02.tif
NS(=O)(=O)c1cc2c(cc1Cl)NC(C(Cl)Cl)NS2(=O)=O,24294,J17,s3://morphology_profiles/filtered_mp/24294-Hoechst/merged_24294-Hoechst_j17.tif,s3://morphology_profiles/filtered_mp/24294-ERSyto/merged_24294-ERSyto_j17.tif,s3://morphology_profiles/filtered_mp/24294-ERSytoBleed/merged_24294-ERSytoBleed_j17.tif,s3://morphology_profiles/filtered_mp/24294-Ph_golgi/merged_24294-Ph_golgi_j17.tif,s3://morphology_profiles/filtered_mp/24294-Mito/merged_24294-Mito_j17.tif
CN1Cc2c(N)cccc2C(c2ccccc2)C1,24294,K4,s3://morphology_profiles/filtered_mp/24294-Hoechst/merged_24294-Hoechst_k04.tif,s3://morphology_profiles/filtered_mp/24294-ERSyto/merged_24294-ERSyto_k04.tif,s3://morphology_profiles/filtered_mp/24294-ERSytoBleed/merged_24294-ERSytoBleed_k04.tif,s3://morphology_profiles/filtered_mp/24294-Ph_golgi/merged_24294-Ph_golgi_k04.tif,s3://morphology_profiles/filtered_mp/24294-Mito/merged_24294-Mito_k04.tif
COc1ccccc1OCC(O)COC(=N)O,24294,K20,s3://morphology_profiles/filtered_mp/24294-Hoechst/merged_24294-Hoechst_k20.tif,s3://morphology_profiles/filtered_mp/24294-ERSyto/merged_24294-ERSyto_k20.tif,s3://morphology_profiles/filtered_mp/24294-ERSytoBleed/merged_24294-ERSytoBleed_k20.tif,s3://morphology_profiles/filtered_mp/24294-Ph_golgi/merged_24294-Ph_golgi_k20.tif,s3://morphology_profiles/filtered_mp/24294-Mito/merged_24294-Mito_k20.tif
O=C1C(CCS(=O)c2ccccc2)C(=O)N(c2ccccc2)N1c1ccccc1,24294,M20,s3://morphology_profiles/filtered_mp/24294-Hoechst/merged_24294-Hoechst_m20.tif,s3://morphology_profiles/filtered_mp/24294-ERSyto/merged_24294-ERSyto_m20.tif,s3://morphology_profiles/filtered_mp/24294-ERSytoBleed/merged_24294-ERSytoBleed_m20.tif,s3://morphology_profiles/filtered_mp/24294-Ph_golgi/merged_24294-Ph_golgi_m20.tif,s3://morphology_profiles/filtered_mp/24294-Mito/merged_24294-Mito_m20.tif
CC(CCc1ccccc1)NC(C)C(O)c1ccc(O)cc1,24294,M21,s3://morphology_profiles/filtered_mp/24294-Hoechst/merged_24294-Hoechst_m21.tif,s3://morphology_profiles/filtered_mp/24294-ERSyto/merged_24294-ERSyto_m21.tif,s3://morphology_profiles/filtered_mp/24294-ERSytoBleed/merged_24294-ERSytoBleed_m21.tif,s3://morphology_profiles/filtered_mp/24294-Ph_golgi/merged_24294-Ph_golgi_m21.tif,s3://morphology_profiles/filtered_mp/24294-Mito/merged_24294-Mito_m21.tif
O=C(c1ccccc1)c1ccc2n1CCC2C(=O)O,24294,O8,s3://morphology_profiles/filtered_mp/24294-Hoechst/merged_24294-Hoechst_o08.tif,s3://morphology_profiles/filtered_mp/24294-ERSyto/merged_24294-ERSyto_o08.tif,s3://morphology_profiles/filtered_mp/24294-ERSytoBleed/merged_24294-ERSytoBleed_o08.tif,s3://morphology_profiles/filtered_mp/24294-Ph_golgi/merged_24294-Ph_golgi_o08.tif,s3://morphology_profiles/filtered_mp/24294-Mito/merged_24294-Mito_o08.tif
O=C(O)COCCN1CCN(C(c2ccccc2)c2ccc(Cl)cc2)CC1,24294,P3,s3://morphology_profiles/filtered_mp/24294-Hoechst/merged_24294-Hoechst_p03.tif,s3://morphology_profiles/filtered_mp/24294-ERSyto/merged_24294-ERSyto_p03.tif,s3://morphology_profiles/filtered_mp/24294-ERSytoBleed/merged_24294-ERSytoBleed_p03.tif,s3://morphology_profiles/filtered_mp/24294-Ph_golgi/merged_24294-Ph_golgi_p03.tif,s3://morphology_profiles/filtered_mp/24294-Mito/merged_24294-Mito_p03.tif
CC1CS(=O)(=O)CCN1N=Cc1ccc([N+](=O)[O-])o1,24295,A1,s3://morphology_profiles/filtered_mp/24295-Hoechst/merged_24295-Hoechst_a01.tif,s3://morphology_profiles/filtered_mp/24295-ERSyto/merged_24295-ERSyto_a01.tif,s3://morphology_profiles/filtered_mp/24295-ERSytoBleed/merged_24295-ERSytoBleed_a01.tif,s3://morphology_profiles/filtered_mp/24295-Ph_golgi/merged_24295-Ph_golgi_a01.tif,s3://morphology_profiles/filtered_mp/24295-Mito/merged_24295-Mito_a01.tif
Cn1c(=O)c2c(ncn2CC(O)CO)n(C)c1=O,24295,A5,s3://morphology_profiles/filtered_mp/24295-Hoechst/merged_24295-Hoechst_a05.tif,s3://morphology_profiles/filtered_mp/24295-ERSyto/merged_24295-ERSyto_a05.tif,s3://morphology_profiles/filtered_mp/24295-ERSytoBleed/merged_24295-ERSytoBleed_a05.tif,s3://morphology_profiles/filtered_mp/24295-Ph_golgi/merged_24295-Ph_golgi_a05.tif,s3://morphology_profiles/filtered_mp/24295-Mito/merged_24295-Mito_a05.tif
CC(C)NCC(O)COc1ccc(CCOCC2CC2)cc1,24295,A21,s3://morphology_profiles/filtered_mp/24295-Hoechst/merged_24295-Hoechst_a21.tif,s3://morphology_profiles/filtered_mp/24295-ERSyto/merged_24295-ERSyto_a21.tif,s3://morphology_profiles/filtered_mp/24295-ERSytoBleed/merged_24295-ERSytoBleed_a21.tif,s3://morphology_profiles/filtered_mp/24295-Ph_golgi/merged_24295-Ph_golgi_a21.tif,s3://morphology_profiles/filtered_mp/24295-Mito/merged_24295-Mito_a21.tif
CC(CCc1ccccc1)NCC(O)c1ccc(O)c(C(=N)O)c1,24295,C8,s3://morphology_profiles/filtered_mp/24295-Hoechst/merged_24295-Hoechst_c08.tif,s3://morphology_profiles/filtered_mp/24295-ERSyto/merged_24295-ERSyto_c08.tif,s3://morphology_profiles/filtered_mp/24295-ERSytoBleed/merged_24295-ERSytoBleed_c08.tif,s3://morphology_profiles/filtered_mp/24295-Ph_golgi/merged_24295-Ph_golgi_c08.tif,s3://morphology_profiles/filtered_mp/24295-Mito/merged_24295-Mito_c08.tif
CC(C)NCC(O)COc1cccc2ccccc12,24295,D14,s3://morphology_profiles/filtered_mp/24295-Hoechst/merged_24295-Hoechst_d14.tif,s3://morphology_profiles/filtered_mp/24295-ERSyto/merged_24295-ERSyto_d14.tif,s3://morphology_profiles/filtered_mp/24295-ERSytoBleed/merged_24295-ERSytoBleed_d14.tif,s3://morphology_profiles/filtered_mp/24295-Ph_golgi/merged_24295-Ph_golgi_d14.tif,s3://morphology_profiles/filtered_mp/24295-Mito/merged_24295-Mito_d14.tif
CC1=C(CC(=O)O)c2cc(F)ccc2/C1=C\c1ccc(S(C)=O)cc1,24295,E16,s3://morphology_profiles/filtered_mp/24295-Hoechst/merged_24295-Hoechst_e16.tif,s3://morphology_profiles/filtered_mp/24295-ERSyto/merged_24295-ERSyto_e16.tif,s3://morphology_profiles/filtered_mp/24295-ERSytoBleed/merged_24295-ERSytoBleed_e16.tif,s3://morphology_profiles/filtered_mp/24295-Ph_golgi/merged_24295-Ph_golgi_e16.tif,s3://morphology_profiles/filtered_mp/24295-Mito/merged_24295-Mito_e16.tif
CN1C(=O)CCS(=O)(=O)C1c1ccc(Cl)cc1,24295,H1,s3://morphology_profiles/filtered_mp/24295-Hoechst/merged_24295-Hoechst_h01.tif,s3://morphology_profiles/filtered_mp/24295-ERSyto/merged_24295-ERSyto_h01.tif,s3://morphology_profiles/filtered_mp/24295-ERSytoBleed/merged_24295-ERSytoBleed_h01.tif,s3://morphology_profiles/filtered_mp/24295-Ph_golgi/merged_24295-Ph_golgi_h01.tif,s3://morphology_profiles/filtered_mp/24295-Mito/merged_24295-Mito_h01.tif
O=C(C1CCCCC1)N1CC(=O)N2CCc3ccccc3C2C1,24295,H9,s3://morphology_profiles/filtered_mp/24295-Hoechst/merged_24295-Hoechst_h09.tif,s3://morphology_profiles/filtered_mp/24295-ERSyto/merged_24295-ERSyto_h09.tif,s3://morphology_profiles/filtered_mp/24295-ERSytoBleed/merged_24295-ERSytoBleed_h09.tif,s3://morphology_profiles/filtered_mp/24295-Ph_golgi/merged_24295-Ph_golgi_h09.tif,s3://morphology_profiles/filtered_mp/24295-Mito/merged_24295-Mito_h09.tif
CCC1(c2ccc(N)cc2)CCC(O)=NC1=O,24295,I17,s3://morphology_profiles/filtered_mp/24295-Hoechst/merged_24295-Hoechst_i17.tif,s3://morphology_profiles/filtered_mp/24295-ERSyto/merged_24295-ERSyto_i17.tif,s3://morphology_profiles/filtered_mp/24295-ERSytoBleed/merged_24295-ERSytoBleed_i17.tif,s3://morphology_profiles/filtered_mp/24295-Ph_golgi/merged_24295-Ph_golgi_i17.tif,s3://morphology_profiles/filtered_mp/24295-Mito/merged_24295-Mito_i17.tif
NS(=O)(=O)c1cc(C2(O)N=C(O)c3ccccc32)ccc1Cl,24295,J2,s3://morphology_profiles/filtered_mp/24295-Hoechst/merged_24295-Hoechst_j02.tif,s3://morphology_profiles/filtered_mp/24295-ERSyto/merged_24295-ERSyto_j02.tif,s3://morphology_profiles/filtered_mp/24295-ERSytoBleed/merged_24295-ERSytoBleed_j02.tif,s3://morphology_profiles/filtered_mp/24295-Ph_golgi/merged_24295-Ph_golgi_j02.tif,s3://morphology_profiles/filtered_mp/24295-Mito/merged_24295-Mito_j02.tif
NS(=O)(=O)c1cc2c(cc1Cl)NC(C(Cl)Cl)NS2(=O)=O,24295,J17,s3://morphology_profiles/filtered_mp/24295-Hoechst/merged_24295-Hoechst_j17.tif,s3://morphology_profiles/filtered_mp/24295-ERSyto/merged_24295-ERSyto_j17.tif,s3://morphology_profiles/filtered_mp/24295-ERSytoBleed/merged_24295-ERSytoBleed_j17.tif,s3://morphology_profiles/filtered_mp/24295-Ph_golgi/merged_24295-Ph_golgi_j17.tif,s3://morphology_profiles/filtered_mp/24295-Mito/merged_24295-Mito_j17.tif
CN1Cc2c(N)cccc2C(c2ccccc2)C1,24295,K4,s3://morphology_profiles/filtered_mp/24295-Hoechst/merged_24295-Hoechst_k04.tif,s3://morphology_profiles/filtered_mp/24295-ERSyto/merged_24295-ERSyto_k04.tif,s3://morphology_profiles/filtered_mp/24295-ERSytoBleed/merged_24295-ERSytoBleed_k04.tif,s3://morphology_profiles/filtered_mp/24295-Ph_golgi/merged_24295-Ph_golgi_k04.tif,s3://morphology_profiles/filtered_mp/24295-Mito/merged_24295-Mito_k04.tif
COc1ccccc1OCC(O)COC(=N)O,24295,K20,s3://morphology_profiles/filtered_mp/24295-Hoechst/merged_24295-Hoechst_k20.tif,s3://morphology_profiles/filtered_mp/24295-ERSyto/merged_24295-ERSyto_k20.tif,s3://morphology_profiles/filtered_mp/24295-ERSytoBleed/merged_24295-ERSytoBleed_k20.tif,s3://morphology_profiles/filtered_mp/24295-Ph_golgi/merged_24295-Ph_golgi_k20.tif,s3://morphology_profiles/filtered_mp/24295-Mito/merged_24295-Mito_k20.tif
O=C1C(CCS(=O)c2ccccc2)C(=O)N(c2ccccc2)N1c1ccccc1,24295,M20,s3://morphology_profiles/filtered_mp/24295-Hoechst/merged_24295-Hoechst_m20.tif,s3://morphology_profiles/filtered_mp/24295-ERSyto/merged_24295-ERSyto_m20.tif,s3://morphology_profiles/filtered_mp/24295-ERSytoBleed/merged_24295-ERSytoBleed_m20.tif,s3://morphology_profiles/filtered_mp/24295-Ph_golgi/merged_24295-Ph_golgi_m20.tif,s3://morphology_profiles/filtered_mp/24295-Mito/merged_24295-Mito_m20.tif
CC(CCc1ccccc1)NC(C)C(O)c1ccc(O)cc1,24295,M21,s3://morphology_profiles/filtered_mp/24295-Hoechst/merged_24295-Hoechst_m21.tif,s3://morphology_profiles/filtered_mp/24295-ERSyto/merged_24295-ERSyto_m21.tif,s3://morphology_profiles/filtered_mp/24295-ERSytoBleed/merged_24295-ERSytoBleed_m21.tif,s3://morphology_profiles/filtered_mp/24295-Ph_golgi/merged_24295-Ph_golgi_m21.tif,s3://morphology_profiles/filtered_mp/24295-Mito/merged_24295-Mito_m21.tif
O=C(c1ccccc1)c1ccc2n1CCC2C(=O)O,24295,O8,s3://morphology_profiles/filtered_mp/24295-Hoechst/merged_24295-Hoechst_o08.tif,s3://morphology_profiles/filtered_mp/24295-ERSyto/merged_24295-ERSyto_o08.tif,s3://morphology_profiles/filtered_mp/24295-ERSytoBleed/merged_24295-ERSytoBleed_o08.tif,s3://morphology_profiles/filtered_mp/24295-Ph_golgi/merged_24295-Ph_golgi_o08.tif,s3://morphology_profiles/filtered_mp/24295-Mito/merged_24295-Mito_o08.tif
O=C(O)COCCN1CCN(C(c2ccccc2)c2ccc(Cl)cc2)CC1,24295,P3,s3://morphology_profiles/filtered_mp/24295-Hoechst/merged_24295-Hoechst_p03.tif,s3://morphology_profiles/filtered_mp/24295-ERSyto/merged_24295-ERSyto_p03.tif,s3://morphology_profiles/filtered_mp/24295-ERSytoBleed/merged_24295-ERSytoBleed_p03.tif,s3://morphology_profiles/filtered_mp/24295-Ph_golgi/merged_24295-Ph_golgi_p03.tif,s3://morphology_profiles/filtered_mp/24295-Mito/merged_24295-Mito_p03.tif
CC(C)(Oc1ccc(Cl)cc1)C(=O)O,24296,A19,s3://morphology_profiles/filtered_mp/24296-Hoechst/merged_24296-Hoechst_a19.tif,s3://morphology_profiles/filtered_mp/24296-ERSyto/merged_24296-ERSyto_a19.tif,s3://morphology_profiles/filtered_mp/24296-ERSytoBleed/merged_24296-ERSytoBleed_a19.tif,s3://morphology_profiles/filtered_mp/24296-Ph_golgi/merged_24296-Ph_golgi_a19.tif,s3://morphology_profiles/filtered_mp/24296-Mito/merged_24296-Mito_a19.tif
NS(=O)(=O)c1cc2c(cc1Cl)N=C(CSCc1ccccc1)NS2(=O)=O,24296,B21,s3://morphology_profiles/filtered_mp/24296-Hoechst/merged_24296-Hoechst_b21.tif,s3://morphology_profiles/filtered_mp/24296-ERSyto/merged_24296-ERSyto_b21.tif,s3://morphology_profiles/filtered_mp/24296-ERSytoBleed/merged_24296-ERSytoBleed_b21.tif,s3://morphology_profiles/filtered_mp/24296-Ph_golgi/merged_24296-Ph_golgi_b21.tif,s3://morphology_profiles/filtered_mp/24296-Mito/merged_24296-Mito_b21.tif
CC(O)=NS(=O)(=O)c1ccc(N)cc1,24296,B22,s3://morphology_profiles/filtered_mp/24296-Hoechst/merged_24296-Hoechst_b22.tif,s3://morphology_profiles/filtered_mp/24296-ERSyto/merged_24296-ERSyto_b22.tif,s3://morphology_profiles/filtered_mp/24296-ERSytoBleed/merged_24296-ERSytoBleed_b22.tif,s3://morphology_profiles/filtered_mp/24296-Ph_golgi/merged_24296-Ph_golgi_b22.tif,s3://morphology_profiles/filtered_mp/24296-Mito/merged_24296-Mito_b22.tif
O=C(O)c1cc(-c2ccc(F)cc2F)ccc1O,24296,C7,s3://morphology_profiles/filtered_mp/24296-Hoechst/merged_24296-Hoechst_c07.tif,s3://morphology_profiles/filtered_mp/24296-ERSyto/merged_24296-ERSyto_c07.tif,s3://morphology_profiles/filtered_mp/24296-ERSytoBleed/merged_24296-ERSytoBleed_c07.tif,s3://morphology_profiles/filtered_mp/24296-Ph_golgi/merged_24296-Ph_golgi_c07.tif,s3://morphology_profiles/filtered_mp/24296-Mito/merged_24296-Mito_c07.tif
CCC(C)(C)C(=O)O[C@H]1C[C@@H](C)C=C2C=C[C@H](C)[C@H](CC[C@@H]3C[C@@H](O)CC(=O)O3)[C@H]21,24296,C8,s3://morphology_profiles/filtered_mp/24296-Hoechst/merged_24296-Hoechst_c08.tif,s3://morphology_profiles/filtered_mp/24296-ERSyto/merged_24296-ERSyto_c08.tif,s3://morphology_profiles/filtered_mp/24296-ERSytoBleed/merged_24296-ERSytoBleed_c08.tif,s3://morphology_profiles/filtered_mp/24296-Ph_golgi/merged_24296-Ph_golgi_c08.tif,s3://morphology_profiles/filtered_mp/24296-Mito/merged_24296-Mito_c08.tif
CN1CCC(OC(c2ccccc2)c2ccccc2)CC1,24296,C18,s3://morphology_profiles/filtered_mp/24296-Hoechst/merged_24296-Hoechst_c18.tif,s3://morphology_profiles/filtered_mp/24296-ERSyto/merged_24296-ERSyto_c18.tif,s3://morphology_profiles/filtered_mp/24296-ERSytoBleed/merged_24296-ERSytoBleed_c18.tif,s3://morphology_profiles/filtered_mp/24296-Ph_golgi/merged_24296-Ph_golgi_c18.tif,s3://morphology_profiles/filtered_mp/24296-Mito/merged_24296-Mito_c18.tif
CC1(C)N=C(O)N(c2ccc([N+](=O)[O-])c(C(F)(F)F)c2)C1=O,24296,D4,s3://morphology_profiles/filtered_mp/24296-Hoechst/merged_24296-Hoechst_d04.tif,s3://morphology_profiles/filtered_mp/24296-ERSyto/merged_24296-ERSyto_d04.tif,s3://morphology_profiles/filtered_mp/24296-ERSytoBleed/merged_24296-ERSytoBleed_d04.tif,s3://morphology_profiles/filtered_mp/24296-Ph_golgi/merged_24296-Ph_golgi_d04.tif,s3://morphology_profiles/filtered_mp/24296-Mito/merged_24296-Mito_d04.tif
O=C(O)CCc1nc(-c2ccccc2)c(-c2ccccc2)o1,24296,E7,s3://morphology_profiles/filtered_mp/24296-Hoechst/merged_24296-Hoechst_e07.tif,s3://morphology_profiles/filtered_mp/24296-ERSyto/merged_24296-ERSyto_e07.tif,s3://morphology_profiles/filtered_mp/24296-ERSytoBleed/merged_24296-ERSytoBleed_e07.tif,s3://morphology_profiles/filtered_mp/24296-Ph_golgi/merged_24296-Ph_golgi_e07.tif,s3://morphology_profiles/filtered_mp/24296-Mito/merged_24296-Mito_e07.tif
COc1ccc(C(Cl)=C(c2ccc(OC)cc2)c2ccc(OC)cc2)cc1,24296,F14,s3://morphology_profiles/filtered_mp/24296-Hoechst/merged_24296-Hoechst_f14.tif,s3://morphology_profiles/filtered_mp/24296-ERSyto/merged_24296-ERSyto_f14.tif,s3://morphology_profiles/filtered_mp/24296-ERSytoBleed/merged_24296-ERSytoBleed_f14.tif,s3://morphology_profiles/filtered_mp/24296-Ph_golgi/merged_24296-Ph_golgi_f14.tif,s3://morphology_profiles/filtered_mp/24296-Mito/merged_24296-Mito_f14.tif
C=C1/C(=C\C=C2/CCC[C@]3(C)[C@@H]([C@H](C)CCCC(C)(C)O)CC[C@@H]23)C[C@@H](O)C[C@@H]1O,24296,F21,s3://morphology_profiles/filtered_mp/24296-Hoechst/merged_24296-Hoechst_f21.tif,s3://morphology_profiles/filtered_mp/24296-ERSyto/merged_24296-ERSyto_f21.tif,s3://morphology_profiles/filtered_mp/24296-ERSytoBleed/merged_24296-ERSytoBleed_f21.tif,s3://morphology_profiles/filtered_mp/24296-Ph_golgi/merged_24296-Ph_golgi_f21.tif,s3://morphology_profiles/filtered_mp/24296-Mito/merged_24296-Mito_f21.tif
CC(=O)OCC1=C(C(=O)O)N2C(=O)[C@@H](N=C(O)Cc3cccs3)[C@H]2SC1,24296,G16,s3://morphology_profiles/filtered_mp/24296-Hoechst/merged_24296-Hoechst_g16.tif,s3://morphology_profiles/filtered_mp/24296-ERSyto/merged_24296-ERSyto_g16.tif,s3://morphology_profiles/filtered_mp/24296-ERSytoBleed/merged_24296-ERSytoBleed_g16.tif,s3://morphology_profiles/filtered_mp/24296-Ph_golgi/merged_24296-Ph_golgi_g16.tif,s3://morphology_profiles/filtered_mp/24296-Mito/merged_24296-Mito_g16.tif
CC(C)C(O)=Nc1ccc([N+](=O)[O-])c(C(F)(F)F)c1,24296,G17,s3://morphology_profiles/filtered_mp/24296-Hoechst/merged_24296-Hoechst_g17.tif,s3://morphology_profiles/filtered_mp/24296-ERSyto/merged_24296-ERSyto_g17.tif,s3://morphology_profiles/filtered_mp/24296-ERSytoBleed/merged_24296-ERSytoBleed_g17.tif,s3://morphology_profiles/filtered_mp/24296-Ph_golgi/merged_24296-Ph_golgi_g17.tif,s3://morphology_profiles/filtered_mp/24296-Mito/merged_24296-Mito_g17.tif
Cc1cc(NS(=O)(=O)c2ccc(N)cc2)no1,24296,G21,s3://morphology_profiles/filtered_mp/24296-Hoechst/merged_24296-Hoechst_g21.tif,s3://morphology_profiles/filtered_mp/24296-ERSyto/merged_24296-ERSyto_g21.tif,s3://morphology_profiles/filtered_mp/24296-ERSytoBleed/merged_24296-ERSytoBleed_g21.tif,s3://morphology_profiles/filtered_mp/24296-Ph_golgi/merged_24296-Ph_golgi_g21.tif,s3://morphology_profiles/filtered_mp/24296-Mito/merged_24296-Mito_g21.tif
CC(=O)N1CCN(c2ccc(OC[C@H]3CO[C@](Cn4ccnc4)(c4ccc(Cl)cc4Cl)O3)cc2)CC1,24296,H10,s3://morphology_profiles/filtered_mp/24296-Hoechst/merged_24296-Hoechst_h10.tif,s3://morphology_profiles/filtered_mp/24296-ERSyto/merged_24296-ERSyto_h10.tif,s3://morphology_profiles/filtered_mp/24296-ERSytoBleed/merged_24296-ERSytoBleed_h10.tif,s3://morphology_profiles/filtered_mp/24296-Ph_golgi/merged_24296-Ph_golgi_h10.tif,s3://morphology_profiles/filtered_mp/24296-Mito/merged_24296-Mito_h10.tif
Cc1cccc(N=c2cc[nH]cc2S(=O)(=O)NC(O)=NC(C)C)c1,24296,I3,s3://morphology_profiles/filtered_mp/24296-Hoechst/merged_24296-Hoechst_i03.tif,s3://morphology_profiles/filtered_mp/24296-ERSyto/merged_24296-ERSyto_i03.tif,s3://morphology_profiles/filtered_mp/24296-ERSytoBleed/merged_24296-ERSytoBleed_i03.tif,s3://morphology_profiles/filtered_mp/24296-Ph_golgi/merged_24296-Ph_golgi_i03.tif,s3://morphology_profiles/filtered_mp/24296-Mito/merged_24296-Mito_i03.tif
Cc1nnc(NS(=O)(=O)c2ccc(N)cc2)s1,24296,J2,s3://morphology_profiles/filtered_mp/24296-Hoechst/merged_24296-Hoechst_j02.tif,s3://morphology_profiles/filtered_mp/24296-ERSyto/merged_24296-ERSyto_j02.tif,s3://morphology_profiles/filtered_mp/24296-ERSytoBleed/merged_24296-ERSytoBleed_j02.tif,s3://morphology_profiles/filtered_mp/24296-Ph_golgi/merged_24296-Ph_golgi_j02.tif,s3://morphology_profiles/filtered_mp/24296-Mito/merged_24296-Mito_j02.tif
Nc1ccc(S(=O)(=O)Nc2ccc(Cl)nn2)cc1,24296,J13,s3://morphology_profiles/filtered_mp/24296-Hoechst/merged_24296-Hoechst_j13.tif,s3://morphology_profiles/filtered_mp/24296-ERSyto/merged_24296-ERSyto_j13.tif,s3://morphology_profiles/filtered_mp/24296-ERSytoBleed/merged_24296-ERSytoBleed_j13.tif,s3://morphology_profiles/filtered_mp/24296-Ph_golgi/merged_24296-Ph_golgi_j13.tif,s3://morphology_profiles/filtered_mp/24296-Mito/merged_24296-Mito_j13.tif
Nc1ccc(S(=O)(=O)Nc2ncccn2)cc1,24296,J18,s3://morphology_profiles/filtered_mp/24296-Hoechst/merged_24296-Hoechst_j18.tif,s3://morphology_profiles/filtered_mp/24296-ERSyto/merged_24296-ERSyto_j18.tif,s3://morphology_profiles/filtered_mp/24296-ERSytoBleed/merged_24296-ERSytoBleed_j18.tif,s3://morphology_profiles/filtered_mp/24296-Ph_golgi/merged_24296-Ph_golgi_j18.tif,s3://morphology_profiles/filtered_mp/24296-Mito/merged_24296-Mito_j18.tif
CCN(CC)C(=S)SSC(=S)N(CC)CC,24296,K6,s3://morphology_profiles/filtered_mp/24296-Hoechst/merged_24296-Hoechst_k06.tif,s3://morphology_profiles/filtered_mp/24296-ERSyto/merged_24296-ERSyto_k06.tif,s3://morphology_profiles/filtered_mp/24296-ERSytoBleed/merged_24296-ERSytoBleed_k06.tif,s3://morphology_profiles/filtered_mp/24296-Ph_golgi/merged_24296-Ph_golgi_k06.tif,s3://morphology_profiles/filtered_mp/24296-Mito/merged_24296-Mito_k06.tif
Cn1cnc([N+](=O)[O-])c1Sc1ncnc2[nH]cnc12,24296,K10,s3://morphology_profiles/filtered_mp/24296-Hoechst/merged_24296-Hoechst_k10.tif,s3://morphology_profiles/filtered_mp/24296-ERSyto/merged_24296-ERSyto_k10.tif,s3://morphology_profiles/filtered_mp/24296-ERSytoBleed/merged_24296-ERSytoBleed_k10.tif,s3://morphology_profiles/filtered_mp/24296-Ph_golgi/merged_24296-Ph_golgi_k10.tif,s3://morphology_profiles/filtered_mp/24296-Mito/merged_24296-Mito_k10.tif
CN=C(NC#N)NCCSCc1[nH]cnc1C,24296,L14,s3://morphology_profiles/filtered_mp/24296-Hoechst/merged_24296-Hoechst_l14.tif,s3://morphology_profiles/filtered_mp/24296-ERSyto/merged_24296-ERSyto_l14.tif,s3://morphology_profiles/filtered_mp/24296-ERSytoBleed/merged_24296-ERSytoBleed_l14.tif,s3://morphology_profiles/filtered_mp/24296-Ph_golgi/merged_24296-Ph_golgi_l14.tif,s3://morphology_profiles/filtered_mp/24296-Mito/merged_24296-Mito_l14.tif
COc1cc(C(O)=NCc2ccc(OCCN(C)C)cc2)cc(OC)c1OC,24296,L20,s3://morphology_profiles/filtered_mp/24296-Hoechst/merged_24296-Hoechst_l20.tif,s3://morphology_profiles/filtered_mp/24296-ERSyto/merged_24296-ERSyto_l20.tif,s3://morphology_profiles/filtered_mp/24296-ERSytoBleed/merged_24296-ERSytoBleed_l20.tif,s3://morphology_profiles/filtered_mp/24296-Ph_golgi/merged_24296-Ph_golgi_l20.tif,s3://morphology_profiles/filtered_mp/24296-Mito/merged_24296-Mito_l20.tif
NS(=O)(=O)c1cc2c(cc1C(F)(F)F)NCNS2(=O)=O,24296,N11,s3://morphology_profiles/filtered_mp/24296-Hoechst/merged_24296-Hoechst_n11.tif,s3://morphology_profiles/filtered_mp/24296-ERSyto/merged_24296-ERSyto_n11.tif,s3://morphology_profiles/filtered_mp/24296-ERSytoBleed/merged_24296-ERSytoBleed_n11.tif,s3://morphology_profiles/filtered_mp/24296-Ph_golgi/merged_24296-Ph_golgi_n11.tif,s3://morphology_profiles/filtered_mp/24296-Mito/merged_24296-Mito_n11.tif
COc1ccc(CCN2CCC(N=c3[nH]c4ccccc4n3Cc3ccc(F)cc3)CC2)cc1,24296,N18,s3://morphology_profiles/filtered_mp/24296-Hoechst/merged_24296-Hoechst_n18.tif,s3://morphology_profiles/filtered_mp/24296-ERSyto/merged_24296-ERSyto_n18.tif,s3://morphology_profiles/filtered_mp/24296-ERSytoBleed/merged_24296-ERSytoBleed_n18.tif,s3://morphology_profiles/filtered_mp/24296-Ph_golgi/merged_24296-Ph_golgi_n18.tif,s3://morphology_profiles/filtered_mp/24296-Mito/merged_24296-Mito_n18.tif
CC#C[C@]1(O)CC[C@H]2[C@@H]3CCC4=CC(=O)CCC4=C3[C@@H](c3ccc(N(C)C)cc3)C[C@@]21C,24296,N19,s3://morphology_profiles/filtered_mp/24296-Hoechst/merged_24296-Hoechst_n19.tif,s3://morphology_profiles/filtered_mp/24296-ERSyto/merged_24296-ERSyto_n19.tif,s3://morphology_profiles/filtered_mp/24296-ERSytoBleed/merged_24296-ERSytoBleed_n19.tif,s3://morphology_profiles/filtered_mp/24296-Ph_golgi/merged_24296-Ph_golgi_n19.tif,s3://morphology_profiles/filtered_mp/24296-Mito/merged_24296-Mito_n19.tif
CN1CCN(C2=Nc3cc(Cl)ccc3Nc3ccccc32)CC1,24296,N21,s3://morphology_profiles/filtered_mp/24296-Hoechst/merged_24296-Hoechst_n21.tif,s3://morphology_profiles/filtered_mp/24296-ERSyto/merged_24296-ERSyto_n21.tif,s3://morphology_profiles/filtered_mp/24296-ERSytoBleed/merged_24296-ERSytoBleed_n21.tif,s3://morphology_profiles/filtered_mp/24296-Ph_golgi/merged_24296-Ph_golgi_n21.tif,s3://morphology_profiles/filtered_mp/24296-Mito/merged_24296-Mito_n21.tif
Oc1c(Cl)cc(Cl)cc1Sc1cc(Cl)cc(Cl)c1O,24296,P5,s3://morphology_profiles/filtered_mp/24296-Hoechst/merged_24296-Hoechst_p05.tif,s3://morphology_profiles/filtered_mp/24296-ERSyto/merged_24296-ERSyto_p05.tif,s3://morphology_profiles/filtered_mp/24296-ERSytoBleed/merged_24296-ERSytoBleed_p05.tif,s3://morphology_profiles/filtered_mp/24296-Ph_golgi/merged_24296-Ph_golgi_p05.tif,s3://morphology_profiles/filtered_mp/24296-Mito/merged_24296-Mito_p05.tif
CC(=O)Oc1ccc(C(c2ccc(OC(C)=O)cc2)c2ccccn2)cc1,24296,P19,s3://morphology_profiles/filtered_mp/24296-Hoechst/merged_24296-Hoechst_p19.tif,s3://morphology_profiles/filtered_mp/24296-ERSyto/merged_24296-ERSyto_p19.tif,s3://morphology_profiles/filtered_mp/24296-ERSytoBleed/merged_24296-ERSytoBleed_p19.tif,s3://morphology_profiles/filtered_mp/24296-Ph_golgi/merged_24296-Ph_golgi_p19.tif,s3://morphology_profiles/filtered_mp/24296-Mito/merged_24296-Mito_p19.tif
CC1CS(=O)(=O)CCN1N=Cc1ccc([N+](=O)[O-])o1,24297,A1,s3://morphology_profiles/filtered_mp/24297-Hoechst/merged_24297-Hoechst_a01.tif,s3://morphology_profiles/filtered_mp/24297-ERSyto/merged_24297-ERSyto_a01.tif,s3://morphology_profiles/filtered_mp/24297-ERSytoBleed/merged_24297-ERSytoBleed_a01.tif,s3://morphology_profiles/filtered_mp/24297-Ph_golgi/merged_24297-Ph_golgi_a01.tif,s3://morphology_profiles/filtered_mp/24297-Mito/merged_24297-Mito_a01.tif
Cn1c(=O)c2c(ncn2CC(O)CO)n(C)c1=O,24297,A5,s3://morphology_profiles/filtered_mp/24297-Hoechst/merged_24297-Hoechst_a05.tif,s3://morphology_profiles/filtered_mp/24297-ERSyto/merged_24297-ERSyto_a05.tif,s3://morphology_profiles/filtered_mp/24297-ERSytoBleed/merged_24297-ERSytoBleed_a05.tif,s3://morphology_profiles/filtered_mp/24297-Ph_golgi/merged_24297-Ph_golgi_a05.tif,s3://morphology_profiles/filtered_mp/24297-Mito/merged_24297-Mito_a05.tif
CC(C)NCC(O)COc1ccc(CCOCC2CC2)cc1,24297,A21,s3://morphology_profiles/filtered_mp/24297-Hoechst/merged_24297-Hoechst_a21.tif,s3://morphology_profiles/filtered_mp/24297-ERSyto/merged_24297-ERSyto_a21.tif,s3://morphology_profiles/filtered_mp/24297-ERSytoBleed/merged_24297-ERSytoBleed_a21.tif,s3://morphology_profiles/filtered_mp/24297-Ph_golgi/merged_24297-Ph_golgi_a21.tif,s3://morphology_profiles/filtered_mp/24297-Mito/merged_24297-Mito_a21.tif
CC(CCc1ccccc1)NCC(O)c1ccc(O)c(C(=N)O)c1,24297,C8,s3://morphology_profiles/filtered_mp/24297-Hoechst/merged_24297-Hoechst_c08.tif,s3://morphology_profiles/filtered_mp/24297-ERSyto/merged_24297-ERSyto_c08.tif,s3://morphology_profiles/filtered_mp/24297-ERSytoBleed/merged_24297-ERSytoBleed_c08.tif,s3://morphology_profiles/filtered_mp/24297-Ph_golgi/merged_24297-Ph_golgi_c08.tif,s3://morphology_profiles/filtered_mp/24297-Mito/merged_24297-Mito_c08.tif
CC(C)NCC(O)COc1cccc2ccccc12,24297,D14,s3://morphology_profiles/filtered_mp/24297-Hoechst/merged_24297-Hoechst_d14.tif,s3://morphology_profiles/filtered_mp/24297-ERSyto/merged_24297-ERSyto_d14.tif,s3://morphology_profiles/filtered_mp/24297-ERSytoBleed/merged_24297-ERSytoBleed_d14.tif,s3://morphology_profiles/filtered_mp/24297-Ph_golgi/merged_24297-Ph_golgi_d14.tif,s3://morphology_profiles/filtered_mp/24297-Mito/merged_24297-Mito_d14.tif
CC1=C(CC(=O)O)c2cc(F)ccc2/C1=C\c1ccc(S(C)=O)cc1,24297,E16,s3://morphology_profiles/filtered_mp/24297-Hoechst/merged_24297-Hoechst_e16.tif,s3://morphology_profiles/filtered_mp/24297-ERSyto/merged_24297-ERSyto_e16.tif,s3://morphology_profiles/filtered_mp/24297-ERSytoBleed/merged_24297-ERSytoBleed_e16.tif,s3://morphology_profiles/filtered_mp/24297-Ph_golgi/merged_24297-Ph_golgi_e16.tif,s3://morphology_profiles/filtered_mp/24297-Mito/merged_24297-Mito_e16.tif
CN1C(=O)CCS(=O)(=O)C1c1ccc(Cl)cc1,24297,H1,s3://morphology_profiles/filtered_mp/24297-Hoechst/merged_24297-Hoechst_h01.tif,s3://morphology_profiles/filtered_mp/24297-ERSyto/merged_24297-ERSyto_h01.tif,s3://morphology_profiles/filtered_mp/24297-ERSytoBleed/merged_24297-ERSytoBleed_h01.tif,s3://morphology_profiles/filtered_mp/24297-Ph_golgi/merged_24297-Ph_golgi_h01.tif,s3://morphology_profiles/filtered_mp/24297-Mito/merged_24297-Mito_h01.tif
O=C(C1CCCCC1)N1CC(=O)N2CCc3ccccc3C2C1,24297,H9,s3://morphology_profiles/filtered_mp/24297-Hoechst/merged_24297-Hoechst_h09.tif,s3://morphology_profiles/filtered_mp/24297-ERSyto/merged_24297-ERSyto_h09.tif,s3://morphology_profiles/filtered_mp/24297-ERSytoBleed/merged_24297-ERSytoBleed_h09.tif,s3://morphology_profiles/filtered_mp/24297-Ph_golgi/merged_24297-Ph_golgi_h09.tif,s3://morphology_profiles/filtered_mp/24297-Mito/merged_24297-Mito_h09.tif
CCC1(c2ccc(N)cc2)CCC(O)=NC1=O,24297,I17,s3://morphology_profiles/filtered_mp/24297-Hoechst/merged_24297-Hoechst_i17.tif,s3://morphology_profiles/filtered_mp/24297-ERSyto/merged_24297-ERSyto_i17.tif,s3://morphology_profiles/filtered_mp/24297-ERSytoBleed/merged_24297-ERSytoBleed_i17.tif,s3://morphology_profiles/filtered_mp/24297-Ph_golgi/merged_24297-Ph_golgi_i17.tif,s3://morphology_profiles/filtered_mp/24297-Mito/merged_24297-Mito_i17.tif
NS(=O)(=O)c1cc(C2(O)N=C(O)c3ccccc32)ccc1Cl,24297,J2,s3://morphology_profiles/filtered_mp/24297-Hoechst/merged_24297-Hoechst_j02.tif,s3://morphology_profiles/filtered_mp/24297-ERSyto/merged_24297-ERSyto_j02.tif,s3://morphology_profiles/filtered_mp/24297-ERSytoBleed/merged_24297-ERSytoBleed_j02.tif,s3://morphology_profiles/filtered_mp/24297-Ph_golgi/merged_24297-Ph_golgi_j02.tif,s3://morphology_profiles/filtered_mp/24297-Mito/merged_24297-Mito_j02.tif
NS(=O)(=O)c1cc2c(cc1Cl)NC(C(Cl)Cl)NS2(=O)=O,24297,J17,s3://morphology_profiles/filtered_mp/24297-Hoechst/merged_24297-Hoechst_j17.tif,s3://morphology_profiles/filtered_mp/24297-ERSyto/merged_24297-ERSyto_j17.tif,s3://morphology_profiles/filtered_mp/24297-ERSytoBleed/merged_24297-ERSytoBleed_j17.tif,s3://morphology_profiles/filtered_mp/24297-Ph_golgi/merged_24297-Ph_golgi_j17.tif,s3://morphology_profiles/filtered_mp/24297-Mito/merged_24297-Mito_j17.tif
CN1Cc2c(N)cccc2C(c2ccccc2)C1,24297,K4,s3://morphology_profiles/filtered_mp/24297-Hoechst/merged_24297-Hoechst_k04.tif,s3://morphology_profiles/filtered_mp/24297-ERSyto/merged_24297-ERSyto_k04.tif,s3://morphology_profiles/filtered_mp/24297-ERSytoBleed/merged_24297-ERSytoBleed_k04.tif,s3://morphology_profiles/filtered_mp/24297-Ph_golgi/merged_24297-Ph_golgi_k04.tif,s3://morphology_profiles/filtered_mp/24297-Mito/merged_24297-Mito_k04.tif
COc1ccccc1OCC(O)COC(=N)O,24297,K20,s3://morphology_profiles/filtered_mp/24297-Hoechst/merged_24297-Hoechst_k20.tif,s3://morphology_profiles/filtered_mp/24297-ERSyto/merged_24297-ERSyto_k20.tif,s3://morphology_profiles/filtered_mp/24297-ERSytoBleed/merged_24297-ERSytoBleed_k20.tif,s3://morphology_profiles/filtered_mp/24297-Ph_golgi/merged_24297-Ph_golgi_k20.tif,s3://morphology_profiles/filtered_mp/24297-Mito/merged_24297-Mito_k20.tif
O=C1C(CCS(=O)c2ccccc2)C(=O)N(c2ccccc2)N1c1ccccc1,24297,M20,s3://morphology_profiles/filtered_mp/24297-Hoechst/merged_24297-Hoechst_m20.tif,s3://morphology_profiles/filtered_mp/24297-ERSyto/merged_24297-ERSyto_m20.tif,s3://morphology_profiles/filtered_mp/24297-ERSytoBleed/merged_24297-ERSytoBleed_m20.tif,s3://morphology_profiles/filtered_mp/24297-Ph_golgi/merged_24297-Ph_golgi_m20.tif,s3://morphology_profiles/filtered_mp/24297-Mito/merged_24297-Mito_m20.tif
CC(CCc1ccccc1)NC(C)C(O)c1ccc(O)cc1,24297,M21,s3://morphology_profiles/filtered_mp/24297-Hoechst/merged_24297-Hoechst_m21.tif,s3://morphology_profiles/filtered_mp/24297-ERSyto/merged_24297-ERSyto_m21.tif,s3://morphology_profiles/filtered_mp/24297-ERSytoBleed/merged_24297-ERSytoBleed_m21.tif,s3://morphology_profiles/filtered_mp/24297-Ph_golgi/merged_24297-Ph_golgi_m21.tif,s3://morphology_profiles/filtered_mp/24297-Mito/merged_24297-Mito_m21.tif
O=C(c1ccccc1)c1ccc2n1CCC2C(=O)O,24297,O8,s3://morphology_profiles/filtered_mp/24297-Hoechst/merged_24297-Hoechst_o08.tif,s3://morphology_profiles/filtered_mp/24297-ERSyto/merged_24297-ERSyto_o08.tif,s3://morphology_profiles/filtered_mp/24297-ERSytoBleed/merged_24297-ERSytoBleed_o08.tif,s3://morphology_profiles/filtered_mp/24297-Ph_golgi/merged_24297-Ph_golgi_o08.tif,s3://morphology_profiles/filtered_mp/24297-Mito/merged_24297-Mito_o08.tif
O=C(O)COCCN1CCN(C(c2ccccc2)c2ccc(Cl)cc2)CC1,24297,P3,s3://morphology_profiles/filtered_mp/24297-Hoechst/merged_24297-Hoechst_p03.tif,s3://morphology_profiles/filtered_mp/24297-ERSyto/merged_24297-ERSyto_p03.tif,s3://morphology_profiles/filtered_mp/24297-ERSytoBleed/merged_24297-ERSytoBleed_p03.tif,s3://morphology_profiles/filtered_mp/24297-Ph_golgi/merged_24297-Ph_golgi_p03.tif,s3://morphology_profiles/filtered_mp/24297-Mito/merged_24297-Mito_p03.tif
CC1CS(=O)(=O)CCN1N=Cc1ccc([N+](=O)[O-])o1,24300,A1,s3://morphology_profiles/filtered_mp/24300-Hoechst/merged_24300-Hoechst_a01.tif,s3://morphology_profiles/filtered_mp/24300-ERSyto/merged_24300-ERSyto_a01.tif,s3://morphology_profiles/filtered_mp/24300-ERSytoBleed/merged_24300-ERSytoBleed_a01.tif,s3://morphology_profiles/filtered_mp/24300-Ph_golgi/merged_24300-Ph_golgi_a01.tif,s3://morphology_profiles/filtered_mp/24300-Mito/merged_24300-Mito_a01.tif
Cn1c(=O)c2c(ncn2CC(O)CO)n(C)c1=O,24300,A5,s3://morphology_profiles/filtered_mp/24300-Hoechst/merged_24300-Hoechst_a05.tif,s3://morphology_profiles/filtered_mp/24300-ERSyto/merged_24300-ERSyto_a05.tif,s3://morphology_profiles/filtered_mp/24300-ERSytoBleed/merged_24300-ERSytoBleed_a05.tif,s3://morphology_profiles/filtered_mp/24300-Ph_golgi/merged_24300-Ph_golgi_a05.tif,s3://morphology_profiles/filtered_mp/24300-Mito/merged_24300-Mito_a05.tif
CC(C)NCC(O)COc1ccc(CCOCC2CC2)cc1,24300,A21,s3://morphology_profiles/filtered_mp/24300-Hoechst/merged_24300-Hoechst_a21.tif,s3://morphology_profiles/filtered_mp/24300-ERSyto/merged_24300-ERSyto_a21.tif,s3://morphology_profiles/filtered_mp/24300-ERSytoBleed/merged_24300-ERSytoBleed_a21.tif,s3://morphology_profiles/filtered_mp/24300-Ph_golgi/merged_24300-Ph_golgi_a21.tif,s3://morphology_profiles/filtered_mp/24300-Mito/merged_24300-Mito_a21.tif
CC(CCc1ccccc1)NCC(O)c1ccc(O)c(C(=N)O)c1,24300,C8,s3://morphology_profiles/filtered_mp/24300-Hoechst/merged_24300-Hoechst_c08.tif,s3://morphology_profiles/filtered_mp/24300-ERSyto/merged_24300-ERSyto_c08.tif,s3://morphology_profiles/filtered_mp/24300-ERSytoBleed/merged_24300-ERSytoBleed_c08.tif,s3://morphology_profiles/filtered_mp/24300-Ph_golgi/merged_24300-Ph_golgi_c08.tif,s3://morphology_profiles/filtered_mp/24300-Mito/merged_24300-Mito_c08.tif
CC(C)NCC(O)COc1cccc2ccccc12,24300,D14,s3://morphology_profiles/filtered_mp/24300-Hoechst/merged_24300-Hoechst_d14.tif,s3://morphology_profiles/filtered_mp/24300-ERSyto/merged_24300-ERSyto_d14.tif,s3://morphology_profiles/filtered_mp/24300-ERSytoBleed/merged_24300-ERSytoBleed_d14.tif,s3://morphology_profiles/filtered_mp/24300-Ph_golgi/merged_24300-Ph_golgi_d14.tif,s3://morphology_profiles/filtered_mp/24300-Mito/merged_24300-Mito_d14.tif
CC1=C(CC(=O)O)c2cc(F)ccc2/C1=C\c1ccc(S(C)=O)cc1,24300,E16,s3://morphology_profiles/filtered_mp/24300-Hoechst/merged_24300-Hoechst_e16.tif,s3://morphology_profiles/filtered_mp/24300-ERSyto/merged_24300-ERSyto_e16.tif,s3://morphology_profiles/filtered_mp/24300-ERSytoBleed/merged_24300-ERSytoBleed_e16.tif,s3://morphology_profiles/filtered_mp/24300-Ph_golgi/merged_24300-Ph_golgi_e16.tif,s3://morphology_profiles/filtered_mp/24300-Mito/merged_24300-Mito_e16.tif
CN1C(=O)CCS(=O)(=O)C1c1ccc(Cl)cc1,24300,H1,s3://morphology_profiles/filtered_mp/24300-Hoechst/merged_24300-Hoechst_h01.tif,s3://morphology_profiles/filtered_mp/24300-ERSyto/merged_24300-ERSyto_h01.tif,s3://morphology_profiles/filtered_mp/24300-ERSytoBleed/merged_24300-ERSytoBleed_h01.tif,s3://morphology_profiles/filtered_mp/24300-Ph_golgi/merged_24300-Ph_golgi_h01.tif,s3://morphology_profiles/filtered_mp/24300-Mito/merged_24300-Mito_h01.tif
O=C(C1CCCCC1)N1CC(=O)N2CCc3ccccc3C2C1,24300,H9,s3://morphology_profiles/filtered_mp/24300-Hoechst/merged_24300-Hoechst_h09.tif,s3://morphology_profiles/filtered_mp/24300-ERSyto/merged_24300-ERSyto_h09.tif,s3://morphology_profiles/filtered_mp/24300-ERSytoBleed/merged_24300-ERSytoBleed_h09.tif,s3://morphology_profiles/filtered_mp/24300-Ph_golgi/merged_24300-Ph_golgi_h09.tif,s3://morphology_profiles/filtered_mp/24300-Mito/merged_24300-Mito_h09.tif
CCC1(c2ccc(N)cc2)CCC(O)=NC1=O,24300,I17,s3://morphology_profiles/filtered_mp/24300-Hoechst/merged_24300-Hoechst_i17.tif,s3://morphology_profiles/filtered_mp/24300-ERSyto/merged_24300-ERSyto_i17.tif,s3://morphology_profiles/filtered_mp/24300-ERSytoBleed/merged_24300-ERSytoBleed_i17.tif,s3://morphology_profiles/filtered_mp/24300-Ph_golgi/merged_24300-Ph_golgi_i17.tif,s3://morphology_profiles/filtered_mp/24300-Mito/merged_24300-Mito_i17.tif
NS(=O)(=O)c1cc(C2(O)N=C(O)c3ccccc32)ccc1Cl,24300,J2,s3://morphology_profiles/filtered_mp/24300-Hoechst/merged_24300-Hoechst_j02.tif,s3://morphology_profiles/filtered_mp/24300-ERSyto/merged_24300-ERSyto_j02.tif,s3://morphology_profiles/filtered_mp/24300-ERSytoBleed/merged_24300-ERSytoBleed_j02.tif,s3://morphology_profiles/filtered_mp/24300-Ph_golgi/merged_24300-Ph_golgi_j02.tif,s3://morphology_profiles/filtered_mp/24300-Mito/merged_24300-Mito_j02.tif
NS(=O)(=O)c1cc2c(cc1Cl)NC(C(Cl)Cl)NS2(=O)=O,24300,J17,s3://morphology_profiles/filtered_mp/24300-Hoechst/merged_24300-Hoechst_j17.tif,s3://morphology_profiles/filtered_mp/24300-ERSyto/merged_24300-ERSyto_j17.tif,s3://morphology_profiles/filtered_mp/24300-ERSytoBleed/merged_24300-ERSytoBleed_j17.tif,s3://morphology_profiles/filtered_mp/24300-Ph_golgi/merged_24300-Ph_golgi_j17.tif,s3://morphology_profiles/filtered_mp/24300-Mito/merged_24300-Mito_j17.tif
CN1Cc2c(N)cccc2C(c2ccccc2)C1,24300,K4,s3://morphology_profiles/filtered_mp/24300-Hoechst/merged_24300-Hoechst_k04.tif,s3://morphology_profiles/filtered_mp/24300-ERSyto/merged_24300-ERSyto_k04.tif,s3://morphology_profiles/filtered_mp/24300-ERSytoBleed/merged_24300-ERSytoBleed_k04.tif,s3://morphology_profiles/filtered_mp/24300-Ph_golgi/merged_24300-Ph_golgi_k04.tif,s3://morphology_profiles/filtered_mp/24300-Mito/merged_24300-Mito_k04.tif
COc1ccccc1OCC(O)COC(=N)O,24300,K20,s3://morphology_profiles/filtered_mp/24300-Hoechst/merged_24300-Hoechst_k20.tif,s3://morphology_profiles/filtered_mp/24300-ERSyto/merged_24300-ERSyto_k20.tif,s3://morphology_profiles/filtered_mp/24300-ERSytoBleed/merged_24300-ERSytoBleed_k20.tif,s3://morphology_profiles/filtered_mp/24300-Ph_golgi/merged_24300-Ph_golgi_k20.tif,s3://morphology_profiles/filtered_mp/24300-Mito/merged_24300-Mito_k20.tif
O=C1C(CCS(=O)c2ccccc2)C(=O)N(c2ccccc2)N1c1ccccc1,24300,M20,s3://morphology_profiles/filtered_mp/24300-Hoechst/merged_24300-Hoechst_m20.tif,s3://morphology_profiles/filtered_mp/24300-ERSyto/merged_24300-ERSyto_m20.tif,s3://morphology_profiles/filtered_mp/24300-ERSytoBleed/merged_24300-ERSytoBleed_m20.tif,s3://morphology_profiles/filtered_mp/24300-Ph_golgi/merged_24300-Ph_golgi_m20.tif,s3://morphology_profiles/filtered_mp/24300-Mito/merged_24300-Mito_m20.tif
CC(CCc1ccccc1)NC(C)C(O)c1ccc(O)cc1,24300,M21,s3://morphology_profiles/filtered_mp/24300-Hoechst/merged_24300-Hoechst_m21.tif,s3://morphology_profiles/filtered_mp/24300-ERSyto/merged_24300-ERSyto_m21.tif,s3://morphology_profiles/filtered_mp/24300-ERSytoBleed/merged_24300-ERSytoBleed_m21.tif,s3://morphology_profiles/filtered_mp/24300-Ph_golgi/merged_24300-Ph_golgi_m21.tif,s3://morphology_profiles/filtered_mp/24300-Mito/merged_24300-Mito_m21.tif
O=C(c1ccccc1)c1ccc2n1CCC2C(=O)O,24300,O8,s3://morphology_profiles/filtered_mp/24300-Hoechst/merged_24300-Hoechst_o08.tif,s3://morphology_profiles/filtered_mp/24300-ERSyto/merged_24300-ERSyto_o08.tif,s3://morphology_profiles/filtered_mp/24300-ERSytoBleed/merged_24300-ERSytoBleed_o08.tif,s3://morphology_profiles/filtered_mp/24300-Ph_golgi/merged_24300-Ph_golgi_o08.tif,s3://morphology_profiles/filtered_mp/24300-Mito/merged_24300-Mito_o08.tif
O=C(O)COCCN1CCN(C(c2ccccc2)c2ccc(Cl)cc2)CC1,24300,P3,s3://morphology_profiles/filtered_mp/24300-Hoechst/merged_24300-Hoechst_p03.tif,s3://morphology_profiles/filtered_mp/24300-ERSyto/merged_24300-ERSyto_p03.tif,s3://morphology_profiles/filtered_mp/24300-ERSytoBleed/merged_24300-ERSytoBleed_p03.tif,s3://morphology_profiles/filtered_mp/24300-Ph_golgi/merged_24300-Ph_golgi_p03.tif,s3://morphology_profiles/filtered_mp/24300-Mito/merged_24300-Mito_p03.tif
Cc1c(OCC(F)(F)F)ccnc1CS(=O)c1nc2ccccc2[nH]1,24301,A24,s3://morphology_profiles/filtered_mp/24301-Hoechst/merged_24301-Hoechst_a24.tif,s3://morphology_profiles/filtered_mp/24301-ERSyto/merged_24301-ERSyto_a24.tif,s3://morphology_profiles/filtered_mp/24301-ERSytoBleed/merged_24301-ERSytoBleed_a24.tif,s3://morphology_profiles/filtered_mp/24301-Ph_golgi/merged_24301-Ph_golgi_a24.tif,s3://morphology_profiles/filtered_mp/24301-Mito/merged_24301-Mito_a24.tif
COc1cc(NC(C)CCCN)c2ncccc2c1,24301,D5,s3://morphology_profiles/filtered_mp/24301-Hoechst/merged_24301-Hoechst_d05.tif,s3://morphology_profiles/filtered_mp/24301-ERSyto/merged_24301-ERSyto_d05.tif,s3://morphology_profiles/filtered_mp/24301-ERSytoBleed/merged_24301-ERSytoBleed_d05.tif,s3://morphology_profiles/filtered_mp/24301-Ph_golgi/merged_24301-Ph_golgi_d05.tif,s3://morphology_profiles/filtered_mp/24301-Mito/merged_24301-Mito_d05.tif
COc1ccc2nc(S(=O)Cc3ncc(C)c(OC)c3C)[nH]c2c1,24301,D6,s3://morphology_profiles/filtered_mp/24301-Hoechst/merged_24301-Hoechst_d06.tif,s3://morphology_profiles/filtered_mp/24301-ERSyto/merged_24301-ERSyto_d06.tif,s3://morphology_profiles/filtered_mp/24301-ERSytoBleed/merged_24301-ERSytoBleed_d06.tif,s3://morphology_profiles/filtered_mp/24301-Ph_golgi/merged_24301-Ph_golgi_d06.tif,s3://morphology_profiles/filtered_mp/24301-Mito/merged_24301-Mito_d06.tif
CC(NC(=NC#N)N=c1cc[nH]cc1)C(C)(C)C,24301,D21,s3://morphology_profiles/filtered_mp/24301-Hoechst/merged_24301-Hoechst_d21.tif,s3://morphology_profiles/filtered_mp/24301-ERSyto/merged_24301-ERSyto_d21.tif,s3://morphology_profiles/filtered_mp/24301-ERSytoBleed/merged_24301-ERSytoBleed_d21.tif,s3://morphology_profiles/filtered_mp/24301-Ph_golgi/merged_24301-Ph_golgi_d21.tif,s3://morphology_profiles/filtered_mp/24301-Mito/merged_24301-Mito_d21.tif
Cc1ccccc1N1C(=O)c2cc(S(N)(=O)=O)c(Cl)cc2NC1C,24301,E16,s3://morphology_profiles/filtered_mp/24301-Hoechst/merged_24301-Hoechst_e16.tif,s3://morphology_profiles/filtered_mp/24301-ERSyto/merged_24301-ERSyto_e16.tif,s3://morphology_profiles/filtered_mp/24301-ERSytoBleed/merged_24301-ERSytoBleed_e16.tif,s3://morphology_profiles/filtered_mp/24301-Ph_golgi/merged_24301-Ph_golgi_e16.tif,s3://morphology_profiles/filtered_mp/24301-Mito/merged_24301-Mito_e16.tif
CCc1cccc2c3c([nH]c12)C(CC)(CC(=O)O)OCC3,24301,J2,s3://morphology_profiles/filtered_mp/24301-Hoechst/merged_24301-Hoechst_j02.tif,s3://morphology_profiles/filtered_mp/24301-ERSyto/merged_24301-ERSyto_j02.tif,s3://morphology_profiles/filtered_mp/24301-ERSytoBleed/merged_24301-ERSytoBleed_j02.tif,s3://morphology_profiles/filtered_mp/24301-Ph_golgi/merged_24301-Ph_golgi_j02.tif,s3://morphology_profiles/filtered_mp/24301-Mito/merged_24301-Mito_j02.tif
NS(=O)(=O)c1cc2c(cc1C(F)(F)F)NC(Cc1ccccc1)NS2(=O)=O,24301,K19,s3://morphology_profiles/filtered_mp/24301-Hoechst/merged_24301-Hoechst_k19.tif,s3://morphology_profiles/filtered_mp/24301-ERSyto/merged_24301-ERSyto_k19.tif,s3://morphology_profiles/filtered_mp/24301-ERSytoBleed/merged_24301-ERSytoBleed_k19.tif,s3://morphology_profiles/filtered_mp/24301-Ph_golgi/merged_24301-Ph_golgi_k19.tif,s3://morphology_profiles/filtered_mp/24301-Mito/merged_24301-Mito_k19.tif
NCC(CC(=O)O)c1ccc(Cl)cc1,24301,M11,s3://morphology_profiles/filtered_mp/24301-Hoechst/merged_24301-Hoechst_m11.tif,s3://morphology_profiles/filtered_mp/24301-ERSyto/merged_24301-ERSyto_m11.tif,s3://morphology_profiles/filtered_mp/24301-ERSytoBleed/merged_24301-ERSytoBleed_m11.tif,s3://morphology_profiles/filtered_mp/24301-Ph_golgi/merged_24301-Ph_golgi_m11.tif,s3://morphology_profiles/filtered_mp/24301-Mito/merged_24301-Mito_m11.tif
CC(C(=O)O)c1ccc(-c2ccccc2)c(F)c1,24301,N1,s3://morphology_profiles/filtered_mp/24301-Hoechst/merged_24301-Hoechst_n01.tif,s3://morphology_profiles/filtered_mp/24301-ERSyto/merged_24301-ERSyto_n01.tif,s3://morphology_profiles/filtered_mp/24301-ERSytoBleed/merged_24301-ERSytoBleed_n01.tif,s3://morphology_profiles/filtered_mp/24301-Ph_golgi/merged_24301-Ph_golgi_n01.tif,s3://morphology_profiles/filtered_mp/24301-Mito/merged_24301-Mito_n01.tif
COC(=O)C1=C(C)NC(C)=C(C(=O)OC(C)C)C1c1cccc2nonc12,24301,O4,s3://morphology_profiles/filtered_mp/24301-Hoechst/merged_24301-Hoechst_o04.tif,s3://morphology_profiles/filtered_mp/24301-ERSyto/merged_24301-ERSyto_o04.tif,s3://morphology_profiles/filtered_mp/24301-ERSytoBleed/merged_24301-ERSytoBleed_o04.tif,s3://morphology_profiles/filtered_mp/24301-Ph_golgi/merged_24301-Ph_golgi_o04.tif,s3://morphology_profiles/filtered_mp/24301-Mito/merged_24301-Mito_o04.tif
CCN(CC)CCCC(C)Nc1ccnc2cc(Cl)ccc12,24301,O8,s3://morphology_profiles/filtered_mp/24301-Hoechst/merged_24301-Hoechst_o08.tif,s3://morphology_profiles/filtered_mp/24301-ERSyto/merged_24301-ERSyto_o08.tif,s3://morphology_profiles/filtered_mp/24301-ERSytoBleed/merged_24301-ERSytoBleed_o08.tif,s3://morphology_profiles/filtered_mp/24301-Ph_golgi/merged_24301-Ph_golgi_o08.tif,s3://morphology_profiles/filtered_mp/24301-Mito/merged_24301-Mito_o08.tif
CC1Cc2ccccc2N1N=C(O)c1ccc(Cl)c(S(N)(=O)=O)c1,24301,P18,s3://morphology_profiles/filtered_mp/24301-Hoechst/merged_24301-Hoechst_p18.tif,s3://morphology_profiles/filtered_mp/24301-ERSyto/merged_24301-ERSyto_p18.tif,s3://morphology_profiles/filtered_mp/24301-ERSytoBleed/merged_24301-ERSytoBleed_p18.tif,s3://morphology_profiles/filtered_mp/24301-Ph_golgi/merged_24301-Ph_golgi_p18.tif,s3://morphology_profiles/filtered_mp/24301-Mito/merged_24301-Mito_p18.tif
Cc1c(OCC(F)(F)F)ccnc1CS(=O)c1nc2ccccc2[nH]1,24302,A24,s3://morphology_profiles/filtered_mp/24302-Hoechst/merged_24302-Hoechst_a24.tif,s3://morphology_profiles/filtered_mp/24302-ERSyto/merged_24302-ERSyto_a24.tif,s3://morphology_profiles/filtered_mp/24302-ERSytoBleed/merged_24302-ERSytoBleed_a24.tif,s3://morphology_profiles/filtered_mp/24302-Ph_golgi/merged_24302-Ph_golgi_a24.tif,s3://morphology_profiles/filtered_mp/24302-Mito/merged_24302-Mito_a24.tif
COc1cc(NC(C)CCCN)c2ncccc2c1,24302,D5,s3://morphology_profiles/filtered_mp/24302-Hoechst/merged_24302-Hoechst_d05.tif,s3://morphology_profiles/filtered_mp/24302-ERSyto/merged_24302-ERSyto_d05.tif,s3://morphology_profiles/filtered_mp/24302-ERSytoBleed/merged_24302-ERSytoBleed_d05.tif,s3://morphology_profiles/filtered_mp/24302-Ph_golgi/merged_24302-Ph_golgi_d05.tif,s3://morphology_profiles/filtered_mp/24302-Mito/merged_24302-Mito_d05.tif
COc1ccc2nc(S(=O)Cc3ncc(C)c(OC)c3C)[nH]c2c1,24302,D6,s3://morphology_profiles/filtered_mp/24302-Hoechst/merged_24302-Hoechst_d06.tif,s3://morphology_profiles/filtered_mp/24302-ERSyto/merged_24302-ERSyto_d06.tif,s3://morphology_profiles/filtered_mp/24302-ERSytoBleed/merged_24302-ERSytoBleed_d06.tif,s3://morphology_profiles/filtered_mp/24302-Ph_golgi/merged_24302-Ph_golgi_d06.tif,s3://morphology_profiles/filtered_mp/24302-Mito/merged_24302-Mito_d06.tif
CC(NC(=NC#N)N=c1cc[nH]cc1)C(C)(C)C,24302,D21,s3://morphology_profiles/filtered_mp/24302-Hoechst/merged_24302-Hoechst_d21.tif,s3://morphology_profiles/filtered_mp/24302-ERSyto/merged_24302-ERSyto_d21.tif,s3://morphology_profiles/filtered_mp/24302-ERSytoBleed/merged_24302-ERSytoBleed_d21.tif,s3://morphology_profiles/filtered_mp/24302-Ph_golgi/merged_24302-Ph_golgi_d21.tif,s3://morphology_profiles/filtered_mp/24302-Mito/merged_24302-Mito_d21.tif
Cc1ccccc1N1C(=O)c2cc(S(N)(=O)=O)c(Cl)cc2NC1C,24302,E16,s3://morphology_profiles/filtered_mp/24302-Hoechst/merged_24302-Hoechst_e16.tif,s3://morphology_profiles/filtered_mp/24302-ERSyto/merged_24302-ERSyto_e16.tif,s3://morphology_profiles/filtered_mp/24302-ERSytoBleed/merged_24302-ERSytoBleed_e16.tif,s3://morphology_profiles/filtered_mp/24302-Ph_golgi/merged_24302-Ph_golgi_e16.tif,s3://morphology_profiles/filtered_mp/24302-Mito/merged_24302-Mito_e16.tif
CCc1cccc2c3c([nH]c12)C(CC)(CC(=O)O)OCC3,24302,J2,s3://morphology_profiles/filtered_mp/24302-Hoechst/merged_24302-Hoechst_j02.tif,s3://morphology_profiles/filtered_mp/24302-ERSyto/merged_24302-ERSyto_j02.tif,s3://morphology_profiles/filtered_mp/24302-ERSytoBleed/merged_24302-ERSytoBleed_j02.tif,s3://morphology_profiles/filtered_mp/24302-Ph_golgi/merged_24302-Ph_golgi_j02.tif,s3://morphology_profiles/filtered_mp/24302-Mito/merged_24302-Mito_j02.tif
NS(=O)(=O)c1cc2c(cc1C(F)(F)F)NC(Cc1ccccc1)NS2(=O)=O,24302,K19,s3://morphology_profiles/filtered_mp/24302-Hoechst/merged_24302-Hoechst_k19.tif,s3://morphology_profiles/filtered_mp/24302-ERSyto/merged_24302-ERSyto_k19.tif,s3://morphology_profiles/filtered_mp/24302-ERSytoBleed/merged_24302-ERSytoBleed_k19.tif,s3://morphology_profiles/filtered_mp/24302-Ph_golgi/merged_24302-Ph_golgi_k19.tif,s3://morphology_profiles/filtered_mp/24302-Mito/merged_24302-Mito_k19.tif
NCC(CC(=O)O)c1ccc(Cl)cc1,24302,M11,s3://morphology_profiles/filtered_mp/24302-Hoechst/merged_24302-Hoechst_m11.tif,s3://morphology_profiles/filtered_mp/24302-ERSyto/merged_24302-ERSyto_m11.tif,s3://morphology_profiles/filtered_mp/24302-ERSytoBleed/merged_24302-ERSytoBleed_m11.tif,s3://morphology_profiles/filtered_mp/24302-Ph_golgi/merged_24302-Ph_golgi_m11.tif,s3://morphology_profiles/filtered_mp/24302-Mito/merged_24302-Mito_m11.tif
CC(C(=O)O)c1ccc(-c2ccccc2)c(F)c1,24302,N1,s3://morphology_profiles/filtered_mp/24302-Hoechst/merged_24302-Hoechst_n01.tif,s3://morphology_profiles/filtered_mp/24302-ERSyto/merged_24302-ERSyto_n01.tif,s3://morphology_profiles/filtered_mp/24302-ERSytoBleed/merged_24302-ERSytoBleed_n01.tif,s3://morphology_profiles/filtered_mp/24302-Ph_golgi/merged_24302-Ph_golgi_n01.tif,s3://morphology_profiles/filtered_mp/24302-Mito/merged_24302-Mito_n01.tif
COC(=O)C1=C(C)NC(C)=C(C(=O)OC(C)C)C1c1cccc2nonc12,24302,O4,s3://morphology_profiles/filtered_mp/24302-Hoechst/merged_24302-Hoechst_o04.tif,s3://morphology_profiles/filtered_mp/24302-ERSyto/merged_24302-ERSyto_o04.tif,s3://morphology_profiles/filtered_mp/24302-ERSytoBleed/merged_24302-ERSytoBleed_o04.tif,s3://morphology_profiles/filtered_mp/24302-Ph_golgi/merged_24302-Ph_golgi_o04.tif,s3://morphology_profiles/filtered_mp/24302-Mito/merged_24302-Mito_o04.tif
CCN(CC)CCCC(C)Nc1ccnc2cc(Cl)ccc12,24302,O8,s3://morphology_profiles/filtered_mp/24302-Hoechst/merged_24302-Hoechst_o08.tif,s3://morphology_profiles/filtered_mp/24302-ERSyto/merged_24302-ERSyto_o08.tif,s3://morphology_profiles/filtered_mp/24302-ERSytoBleed/merged_24302-ERSytoBleed_o08.tif,s3://morphology_profiles/filtered_mp/24302-Ph_golgi/merged_24302-Ph_golgi_o08.tif,s3://morphology_profiles/filtered_mp/24302-Mito/merged_24302-Mito_o08.tif
CC1Cc2ccccc2N1N=C(O)c1ccc(Cl)c(S(N)(=O)=O)c1,24302,P18,s3://morphology_profiles/filtered_mp/24302-Hoechst/merged_24302-Hoechst_p18.tif,s3://morphology_profiles/filtered_mp/24302-ERSyto/merged_24302-ERSyto_p18.tif,s3://morphology_profiles/filtered_mp/24302-ERSytoBleed/merged_24302-ERSytoBleed_p18.tif,s3://morphology_profiles/filtered_mp/24302-Ph_golgi/merged_24302-Ph_golgi_p18.tif,s3://morphology_profiles/filtered_mp/24302-Mito/merged_24302-Mito_p18.tif
Cc1c(OCC(F)(F)F)ccnc1CS(=O)c1nc2ccccc2[nH]1,24303,A24,s3://morphology_profiles/filtered_mp/24303-Hoechst/merged_24303-Hoechst_a24.tif,s3://morphology_profiles/filtered_mp/24303-ERSyto/merged_24303-ERSyto_a24.tif,s3://morphology_profiles/filtered_mp/24303-ERSytoBleed/merged_24303-ERSytoBleed_a24.tif,s3://morphology_profiles/filtered_mp/24303-Ph_golgi/merged_24303-Ph_golgi_a24.tif,s3://morphology_profiles/filtered_mp/24303-Mito/merged_24303-Mito_a24.tif
COc1cc(NC(C)CCCN)c2ncccc2c1,24303,D5,s3://morphology_profiles/filtered_mp/24303-Hoechst/merged_24303-Hoechst_d05.tif,s3://morphology_profiles/filtered_mp/24303-ERSyto/merged_24303-ERSyto_d05.tif,s3://morphology_profiles/filtered_mp/24303-ERSytoBleed/merged_24303-ERSytoBleed_d05.tif,s3://morphology_profiles/filtered_mp/24303-Ph_golgi/merged_24303-Ph_golgi_d05.tif,s3://morphology_profiles/filtered_mp/24303-Mito/merged_24303-Mito_d05.tif
COc1ccc2nc(S(=O)Cc3ncc(C)c(OC)c3C)[nH]c2c1,24303,D6,s3://morphology_profiles/filtered_mp/24303-Hoechst/merged_24303-Hoechst_d06.tif,s3://morphology_profiles/filtered_mp/24303-ERSyto/merged_24303-ERSyto_d06.tif,s3://morphology_profiles/filtered_mp/24303-ERSytoBleed/merged_24303-ERSytoBleed_d06.tif,s3://morphology_profiles/filtered_mp/24303-Ph_golgi/merged_24303-Ph_golgi_d06.tif,s3://morphology_profiles/filtered_mp/24303-Mito/merged_24303-Mito_d06.tif
CC(NC(=NC#N)N=c1cc[nH]cc1)C(C)(C)C,24303,D21,s3://morphology_profiles/filtered_mp/24303-Hoechst/merged_24303-Hoechst_d21.tif,s3://morphology_profiles/filtered_mp/24303-ERSyto/merged_24303-ERSyto_d21.tif,s3://morphology_profiles/filtered_mp/24303-ERSytoBleed/merged_24303-ERSytoBleed_d21.tif,s3://morphology_profiles/filtered_mp/24303-Ph_golgi/merged_24303-Ph_golgi_d21.tif,s3://morphology_profiles/filtered_mp/24303-Mito/merged_24303-Mito_d21.tif
Cc1ccccc1N1C(=O)c2cc(S(N)(=O)=O)c(Cl)cc2NC1C,24303,E16,s3://morphology_profiles/filtered_mp/24303-Hoechst/merged_24303-Hoechst_e16.tif,s3://morphology_profiles/filtered_mp/24303-ERSyto/merged_24303-ERSyto_e16.tif,s3://morphology_profiles/filtered_mp/24303-ERSytoBleed/merged_24303-ERSytoBleed_e16.tif,s3://morphology_profiles/filtered_mp/24303-Ph_golgi/merged_24303-Ph_golgi_e16.tif,s3://morphology_profiles/filtered_mp/24303-Mito/merged_24303-Mito_e16.tif
CCc1cccc2c3c([nH]c12)C(CC)(CC(=O)O)OCC3,24303,J2,s3://morphology_profiles/filtered_mp/24303-Hoechst/merged_24303-Hoechst_j02.tif,s3://morphology_profiles/filtered_mp/24303-ERSyto/merged_24303-ERSyto_j02.tif,s3://morphology_profiles/filtered_mp/24303-ERSytoBleed/merged_24303-ERSytoBleed_j02.tif,s3://morphology_profiles/filtered_mp/24303-Ph_golgi/merged_24303-Ph_golgi_j02.tif,s3://morphology_profiles/filtered_mp/24303-Mito/merged_24303-Mito_j02.tif
NS(=O)(=O)c1cc2c(cc1C(F)(F)F)NC(Cc1ccccc1)NS2(=O)=O,24303,K19,s3://morphology_profiles/filtered_mp/24303-Hoechst/merged_24303-Hoechst_k19.tif,s3://morphology_profiles/filtered_mp/24303-ERSyto/merged_24303-ERSyto_k19.tif,s3://morphology_profiles/filtered_mp/24303-ERSytoBleed/merged_24303-ERSytoBleed_k19.tif,s3://morphology_profiles/filtered_mp/24303-Ph_golgi/merged_24303-Ph_golgi_k19.tif,s3://morphology_profiles/filtered_mp/24303-Mito/merged_24303-Mito_k19.tif
NCC(CC(=O)O)c1ccc(Cl)cc1,24303,M11,s3://morphology_profiles/filtered_mp/24303-Hoechst/merged_24303-Hoechst_m11.tif,s3://morphology_profiles/filtered_mp/24303-ERSyto/merged_24303-ERSyto_m11.tif,s3://morphology_profiles/filtered_mp/24303-ERSytoBleed/merged_24303-ERSytoBleed_m11.tif,s3://morphology_profiles/filtered_mp/24303-Ph_golgi/merged_24303-Ph_golgi_m11.tif,s3://morphology_profiles/filtered_mp/24303-Mito/merged_24303-Mito_m11.tif
CC(C(=O)O)c1ccc(-c2ccccc2)c(F)c1,24303,N1,s3://morphology_profiles/filtered_mp/24303-Hoechst/merged_24303-Hoechst_n01.tif,s3://morphology_profiles/filtered_mp/24303-ERSyto/merged_24303-ERSyto_n01.tif,s3://morphology_profiles/filtered_mp/24303-ERSytoBleed/merged_24303-ERSytoBleed_n01.tif,s3://morphology_profiles/filtered_mp/24303-Ph_golgi/merged_24303-Ph_golgi_n01.tif,s3://morphology_profiles/filtered_mp/24303-Mito/merged_24303-Mito_n01.tif
COC(=O)C1=C(C)NC(C)=C(C(=O)OC(C)C)C1c1cccc2nonc12,24303,O4,s3://morphology_profiles/filtered_mp/24303-Hoechst/merged_24303-Hoechst_o04.tif,s3://morphology_profiles/filtered_mp/24303-ERSyto/merged_24303-ERSyto_o04.tif,s3://morphology_profiles/filtered_mp/24303-ERSytoBleed/merged_24303-ERSytoBleed_o04.tif,s3://morphology_profiles/filtered_mp/24303-Ph_golgi/merged_24303-Ph_golgi_o04.tif,s3://morphology_profiles/filtered_mp/24303-Mito/merged_24303-Mito_o04.tif
CCN(CC)CCCC(C)Nc1ccnc2cc(Cl)ccc12,24303,O8,s3://morphology_profiles/filtered_mp/24303-Hoechst/merged_24303-Hoechst_o08.tif,s3://morphology_profiles/filtered_mp/24303-ERSyto/merged_24303-ERSyto_o08.tif,s3://morphology_profiles/filtered_mp/24303-ERSytoBleed/merged_24303-ERSytoBleed_o08.tif,s3://morphology_profiles/filtered_mp/24303-Ph_golgi/merged_24303-Ph_golgi_o08.tif,s3://morphology_profiles/filtered_mp/24303-Mito/merged_24303-Mito_o08.tif
CC1Cc2ccccc2N1N=C(O)c1ccc(Cl)c(S(N)(=O)=O)c1,24303,P18,s3://morphology_profiles/filtered_mp/24303-Hoechst/merged_24303-Hoechst_p18.tif,s3://morphology_profiles/filtered_mp/24303-ERSyto/merged_24303-ERSyto_p18.tif,s3://morphology_profiles/filtered_mp/24303-ERSytoBleed/merged_24303-ERSytoBleed_p18.tif,s3://morphology_profiles/filtered_mp/24303-Ph_golgi/merged_24303-Ph_golgi_p18.tif,s3://morphology_profiles/filtered_mp/24303-Mito/merged_24303-Mito_p18.tif
Cc1c(OCC(F)(F)F)ccnc1CS(=O)c1nc2ccccc2[nH]1,24304,A24,s3://morphology_profiles/filtered_mp/24304-Hoechst/merged_24304-Hoechst_a24.tif,s3://morphology_profiles/filtered_mp/24304-ERSyto/merged_24304-ERSyto_a24.tif,s3://morphology_profiles/filtered_mp/24304-ERSytoBleed/merged_24304-ERSytoBleed_a24.tif,s3://morphology_profiles/filtered_mp/24304-Ph_golgi/merged_24304-Ph_golgi_a24.tif,s3://morphology_profiles/filtered_mp/24304-Mito/merged_24304-Mito_a24.tif
COc1cc(NC(C)CCCN)c2ncccc2c1,24304,D5,s3://morphology_profiles/filtered_mp/24304-Hoechst/merged_24304-Hoechst_d05.tif,s3://morphology_profiles/filtered_mp/24304-ERSyto/merged_24304-ERSyto_d05.tif,s3://morphology_profiles/filtered_mp/24304-ERSytoBleed/merged_24304-ERSytoBleed_d05.tif,s3://morphology_profiles/filtered_mp/24304-Ph_golgi/merged_24304-Ph_golgi_d05.tif,s3://morphology_profiles/filtered_mp/24304-Mito/merged_24304-Mito_d05.tif
COc1ccc2nc(S(=O)Cc3ncc(C)c(OC)c3C)[nH]c2c1,24304,D6,s3://morphology_profiles/filtered_mp/24304-Hoechst/merged_24304-Hoechst_d06.tif,s3://morphology_profiles/filtered_mp/24304-ERSyto/merged_24304-ERSyto_d06.tif,s3://morphology_profiles/filtered_mp/24304-ERSytoBleed/merged_24304-ERSytoBleed_d06.tif,s3://morphology_profiles/filtered_mp/24304-Ph_golgi/merged_24304-Ph_golgi_d06.tif,s3://morphology_profiles/filtered_mp/24304-Mito/merged_24304-Mito_d06.tif
CC(NC(=NC#N)N=c1cc[nH]cc1)C(C)(C)C,24304,D21,s3://morphology_profiles/filtered_mp/24304-Hoechst/merged_24304-Hoechst_d21.tif,s3://morphology_profiles/filtered_mp/24304-ERSyto/merged_24304-ERSyto_d21.tif,s3://morphology_profiles/filtered_mp/24304-ERSytoBleed/merged_24304-ERSytoBleed_d21.tif,s3://morphology_profiles/filtered_mp/24304-Ph_golgi/merged_24304-Ph_golgi_d21.tif,s3://morphology_profiles/filtered_mp/24304-Mito/merged_24304-Mito_d21.tif
Cc1ccccc1N1C(=O)c2cc(S(N)(=O)=O)c(Cl)cc2NC1C,24304,E16,s3://morphology_profiles/filtered_mp/24304-Hoechst/merged_24304-Hoechst_e16.tif,s3://morphology_profiles/filtered_mp/24304-ERSyto/merged_24304-ERSyto_e16.tif,s3://morphology_profiles/filtered_mp/24304-ERSytoBleed/merged_24304-ERSytoBleed_e16.tif,s3://morphology_profiles/filtered_mp/24304-Ph_golgi/merged_24304-Ph_golgi_e16.tif,s3://morphology_profiles/filtered_mp/24304-Mito/merged_24304-Mito_e16.tif
CCc1cccc2c3c([nH]c12)C(CC)(CC(=O)O)OCC3,24304,J2,s3://morphology_profiles/filtered_mp/24304-Hoechst/merged_24304-Hoechst_j02.tif,s3://morphology_profiles/filtered_mp/24304-ERSyto/merged_24304-ERSyto_j02.tif,s3://morphology_profiles/filtered_mp/24304-ERSytoBleed/merged_24304-ERSytoBleed_j02.tif,s3://morphology_profiles/filtered_mp/24304-Ph_golgi/merged_24304-Ph_golgi_j02.tif,s3://morphology_profiles/filtered_mp/24304-Mito/merged_24304-Mito_j02.tif
NS(=O)(=O)c1cc2c(cc1C(F)(F)F)NC(Cc1ccccc1)NS2(=O)=O,24304,K19,s3://morphology_profiles/filtered_mp/24304-Hoechst/merged_24304-Hoechst_k19.tif,s3://morphology_profiles/filtered_mp/24304-ERSyto/merged_24304-ERSyto_k19.tif,s3://morphology_profiles/filtered_mp/24304-ERSytoBleed/merged_24304-ERSytoBleed_k19.tif,s3://morphology_profiles/filtered_mp/24304-Ph_golgi/merged_24304-Ph_golgi_k19.tif,s3://morphology_profiles/filtered_mp/24304-Mito/merged_24304-Mito_k19.tif
NCC(CC(=O)O)c1ccc(Cl)cc1,24304,M11,s3://morphology_profiles/filtered_mp/24304-Hoechst/merged_24304-Hoechst_m11.tif,s3://morphology_profiles/filtered_mp/24304-ERSyto/merged_24304-ERSyto_m11.tif,s3://morphology_profiles/filtered_mp/24304-ERSytoBleed/merged_24304-ERSytoBleed_m11.tif,s3://morphology_profiles/filtered_mp/24304-Ph_golgi/merged_24304-Ph_golgi_m11.tif,s3://morphology_profiles/filtered_mp/24304-Mito/merged_24304-Mito_m11.tif
CC(C(=O)O)c1ccc(-c2ccccc2)c(F)c1,24304,N1,s3://morphology_profiles/filtered_mp/24304-Hoechst/merged_24304-Hoechst_n01.tif,s3://morphology_profiles/filtered_mp/24304-ERSyto/merged_24304-ERSyto_n01.tif,s3://morphology_profiles/filtered_mp/24304-ERSytoBleed/merged_24304-ERSytoBleed_n01.tif,s3://morphology_profiles/filtered_mp/24304-Ph_golgi/merged_24304-Ph_golgi_n01.tif,s3://morphology_profiles/filtered_mp/24304-Mito/merged_24304-Mito_n01.tif
COC(=O)C1=C(C)NC(C)=C(C(=O)OC(C)C)C1c1cccc2nonc12,24304,O4,s3://morphology_profiles/filtered_mp/24304-Hoechst/merged_24304-Hoechst_o04.tif,s3://morphology_profiles/filtered_mp/24304-ERSyto/merged_24304-ERSyto_o04.tif,s3://morphology_profiles/filtered_mp/24304-ERSytoBleed/merged_24304-ERSytoBleed_o04.tif,s3://morphology_profiles/filtered_mp/24304-Ph_golgi/merged_24304-Ph_golgi_o04.tif,s3://morphology_profiles/filtered_mp/24304-Mito/merged_24304-Mito_o04.tif
CCN(CC)CCCC(C)Nc1ccnc2cc(Cl)ccc12,24304,O8,s3://morphology_profiles/filtered_mp/24304-Hoechst/merged_24304-Hoechst_o08.tif,s3://morphology_profiles/filtered_mp/24304-ERSyto/merged_24304-ERSyto_o08.tif,s3://morphology_profiles/filtered_mp/24304-ERSytoBleed/merged_24304-ERSytoBleed_o08.tif,s3://morphology_profiles/filtered_mp/24304-Ph_golgi/merged_24304-Ph_golgi_o08.tif,s3://morphology_profiles/filtered_mp/24304-Mito/merged_24304-Mito_o08.tif
CC1Cc2ccccc2N1N=C(O)c1ccc(Cl)c(S(N)(=O)=O)c1,24304,P18,s3://morphology_profiles/filtered_mp/24304-Hoechst/merged_24304-Hoechst_p18.tif,s3://morphology_profiles/filtered_mp/24304-ERSyto/merged_24304-ERSyto_p18.tif,s3://morphology_profiles/filtered_mp/24304-ERSytoBleed/merged_24304-ERSytoBleed_p18.tif,s3://morphology_profiles/filtered_mp/24304-Ph_golgi/merged_24304-Ph_golgi_p18.tif,s3://morphology_profiles/filtered_mp/24304-Mito/merged_24304-Mito_p18.tif
CCN1CCCC(OC(=O)C(c2ccccc2)c2ccccc2)C1,24305,A4,s3://morphology_profiles/filtered_mp/24305-Hoechst/merged_24305-Hoechst_a04.tif,s3://morphology_profiles/filtered_mp/24305-ERSyto/merged_24305-ERSyto_a04.tif,s3://morphology_profiles/filtered_mp/24305-ERSytoBleed/merged_24305-ERSytoBleed_a04.tif,s3://morphology_profiles/filtered_mp/24305-Ph_golgi/merged_24305-Ph_golgi_a04.tif,s3://morphology_profiles/filtered_mp/24305-Mito/merged_24305-Mito_a04.tif
CC(C)NCC(O)COc1cccc2[nH]ccc12,24305,A5,s3://morphology_profiles/filtered_mp/24305-Hoechst/merged_24305-Hoechst_a05.tif,s3://morphology_profiles/filtered_mp/24305-ERSyto/merged_24305-ERSyto_a05.tif,s3://morphology_profiles/filtered_mp/24305-ERSytoBleed/merged_24305-ERSytoBleed_a05.tif,s3://morphology_profiles/filtered_mp/24305-Ph_golgi/merged_24305-Ph_golgi_a05.tif,s3://morphology_profiles/filtered_mp/24305-Mito/merged_24305-Mito_a05.tif
CC(C(=O)O)c1cccc(C(=O)c2ccccc2)c1,24305,A7,s3://morphology_profiles/filtered_mp/24305-Hoechst/merged_24305-Hoechst_a07.tif,s3://morphology_profiles/filtered_mp/24305-ERSyto/merged_24305-ERSyto_a07.tif,s3://morphology_profiles/filtered_mp/24305-ERSytoBleed/merged_24305-ERSytoBleed_a07.tif,s3://morphology_profiles/filtered_mp/24305-Ph_golgi/merged_24305-Ph_golgi_a07.tif,s3://morphology_profiles/filtered_mp/24305-Mito/merged_24305-Mito_a07.tif
N=C(N)Nc1nc(CSCCC(=N)NS(N)(=O)=O)cs1,24305,B6,s3://morphology_profiles/filtered_mp/24305-Hoechst/merged_24305-Hoechst_b06.tif,s3://morphology_profiles/filtered_mp/24305-ERSyto/merged_24305-ERSyto_b06.tif,s3://morphology_profiles/filtered_mp/24305-ERSytoBleed/merged_24305-ERSytoBleed_b06.tif,s3://morphology_profiles/filtered_mp/24305-Ph_golgi/merged_24305-Ph_golgi_b06.tif,s3://morphology_profiles/filtered_mp/24305-Mito/merged_24305-Mito_b06.tif
COc1ccc(NS(=O)(=O)c2ccc(N)cc2)nn1,24305,B10,s3://morphology_profiles/filtered_mp/24305-Hoechst/merged_24305-Hoechst_b10.tif,s3://morphology_profiles/filtered_mp/24305-ERSyto/merged_24305-ERSyto_b10.tif,s3://morphology_profiles/filtered_mp/24305-ERSytoBleed/merged_24305-ERSytoBleed_b10.tif,s3://morphology_profiles/filtered_mp/24305-Ph_golgi/merged_24305-Ph_golgi_b10.tif,s3://morphology_profiles/filtered_mp/24305-Mito/merged_24305-Mito_b10.tif
Clc1ccc2c(c1)C(N1CCNCC1)=Nc1ccccc1O2,24305,C5,s3://morphology_profiles/filtered_mp/24305-Hoechst/merged_24305-Hoechst_c05.tif,s3://morphology_profiles/filtered_mp/24305-ERSyto/merged_24305-ERSyto_c05.tif,s3://morphology_profiles/filtered_mp/24305-ERSytoBleed/merged_24305-ERSytoBleed_c05.tif,s3://morphology_profiles/filtered_mp/24305-Ph_golgi/merged_24305-Ph_golgi_c05.tif,s3://morphology_profiles/filtered_mp/24305-Mito/merged_24305-Mito_c05.tif
CCN1CCN(C(O)=N[C@@H](C(O)=N[C@@H]2C(=O)N3C(C(=O)O)=C(CSc4nnnn4C)CS[C@H]23)c2ccc(O)cc2)C(=O)C1=O,24305,C8,s3://morphology_profiles/filtered_mp/24305-Hoechst/merged_24305-Hoechst_c08.tif,s3://morphology_profiles/filtered_mp/24305-ERSyto/merged_24305-ERSyto_c08.tif,s3://morphology_profiles/filtered_mp/24305-ERSytoBleed/merged_24305-ERSytoBleed_c08.tif,s3://morphology_profiles/filtered_mp/24305-Ph_golgi/merged_24305-Ph_golgi_c08.tif,s3://morphology_profiles/filtered_mp/24305-Mito/merged_24305-Mito_c08.tif
COc1cc(Cc2c[nH]c(=N)[nH]c2=N)cc(OC)c1OC,24305,G5,s3://morphology_profiles/filtered_mp/24305-Hoechst/merged_24305-Hoechst_g05.tif,s3://morphology_profiles/filtered_mp/24305-ERSyto/merged_24305-ERSyto_g05.tif,s3://morphology_profiles/filtered_mp/24305-ERSytoBleed/merged_24305-ERSytoBleed_g05.tif,s3://morphology_profiles/filtered_mp/24305-Ph_golgi/merged_24305-Ph_golgi_g05.tif,s3://morphology_profiles/filtered_mp/24305-Mito/merged_24305-Mito_g05.tif
O=C(O)Cc1ccccc1Nc1c(Cl)cccc1Cl,24305,G23,s3://morphology_profiles/filtered_mp/24305-Hoechst/merged_24305-Hoechst_g23.tif,s3://morphology_profiles/filtered_mp/24305-ERSyto/merged_24305-ERSyto_g23.tif,s3://morphology_profiles/filtered_mp/24305-ERSytoBleed/merged_24305-ERSytoBleed_g23.tif,s3://morphology_profiles/filtered_mp/24305-Ph_golgi/merged_24305-Ph_golgi_g23.tif,s3://morphology_profiles/filtered_mp/24305-Mito/merged_24305-Mito_g23.tif
C[C@H]1COc2c(N3CCN(C)CC3)c(F)cc3c(=O)c(C(=O)O)cn1c23,24305,I4,s3://morphology_profiles/filtered_mp/24305-Hoechst/merged_24305-Hoechst_i04.tif,s3://morphology_profiles/filtered_mp/24305-ERSyto/merged_24305-ERSyto_i04.tif,s3://morphology_profiles/filtered_mp/24305-ERSytoBleed/merged_24305-ERSytoBleed_i04.tif,s3://morphology_profiles/filtered_mp/24305-Ph_golgi/merged_24305-Ph_golgi_i04.tif,s3://morphology_profiles/filtered_mp/24305-Mito/merged_24305-Mito_i04.tif
S=P(N1CC1)(N1CC1)N1CC1,24305,I10,s3://morphology_profiles/filtered_mp/24305-Hoechst/merged_24305-Hoechst_i10.tif,s3://morphology_profiles/filtered_mp/24305-ERSyto/merged_24305-ERSyto_i10.tif,s3://morphology_profiles/filtered_mp/24305-ERSytoBleed/merged_24305-ERSytoBleed_i10.tif,s3://morphology_profiles/filtered_mp/24305-Ph_golgi/merged_24305-Ph_golgi_i10.tif,s3://morphology_profiles/filtered_mp/24305-Mito/merged_24305-Mito_i10.tif
CC(C)(C)N=C(O)[C@@H]1C[C@@H]2CCCC[C@@H]2CN1C[C@@H](O)[C@H](Cc1ccccc1)N=C(O)[C@H](CC(=N)O)NC(=O)c1ccc2ccccc2n1,24305,I17,s3://morphology_profiles/filtered_mp/24305-Hoechst/merged_24305-Hoechst_i17.tif,s3://morphology_profiles/filtered_mp/24305-ERSyto/merged_24305-ERSyto_i17.tif,s3://morphology_profiles/filtered_mp/24305-ERSytoBleed/merged_24305-ERSytoBleed_i17.tif,s3://morphology_profiles/filtered_mp/24305-Ph_golgi/merged_24305-Ph_golgi_i17.tif,s3://morphology_profiles/filtered_mp/24305-Mito/merged_24305-Mito_i17.tif
Nc1ccc(S(=O)(=O)Nc2ccnn2-c2ccccc2)cc1,24305,J8,s3://morphology_profiles/filtered_mp/24305-Hoechst/merged_24305-Hoechst_j08.tif,s3://morphology_profiles/filtered_mp/24305-ERSyto/merged_24305-ERSyto_j08.tif,s3://morphology_profiles/filtered_mp/24305-ERSytoBleed/merged_24305-ERSytoBleed_j08.tif,s3://morphology_profiles/filtered_mp/24305-Ph_golgi/merged_24305-Ph_golgi_j08.tif,s3://morphology_profiles/filtered_mp/24305-Mito/merged_24305-Mito_j08.tif
CCCCC1C(=O)N(c2ccccc2)N(c2ccccc2)C1=O,24305,J11,s3://morphology_profiles/filtered_mp/24305-Hoechst/merged_24305-Hoechst_j11.tif,s3://morphology_profiles/filtered_mp/24305-ERSyto/merged_24305-ERSyto_j11.tif,s3://morphology_profiles/filtered_mp/24305-ERSytoBleed/merged_24305-ERSytoBleed_j11.tif,s3://morphology_profiles/filtered_mp/24305-Ph_golgi/merged_24305-Ph_golgi_j11.tif,s3://morphology_profiles/filtered_mp/24305-Mito/merged_24305-Mito_j11.tif
Cc1ccc(C)c(OCCCC(C)(C)C(=O)O)c1,24305,J17,s3://morphology_profiles/filtered_mp/24305-Hoechst/merged_24305-Hoechst_j17.tif,s3://morphology_profiles/filtered_mp/24305-ERSyto/merged_24305-ERSyto_j17.tif,s3://morphology_profiles/filtered_mp/24305-ERSytoBleed/merged_24305-ERSytoBleed_j17.tif,s3://morphology_profiles/filtered_mp/24305-Ph_golgi/merged_24305-Ph_golgi_j17.tif,s3://morphology_profiles/filtered_mp/24305-Mito/merged_24305-Mito_j17.tif
CCn1cc(C(=O)O)c(=O)c2cc(F)c(N3CCNCC3)cc21,24305,J20,s3://morphology_profiles/filtered_mp/24305-Hoechst/merged_24305-Hoechst_j20.tif,s3://morphology_profiles/filtered_mp/24305-ERSyto/merged_24305-ERSyto_j20.tif,s3://morphology_profiles/filtered_mp/24305-ERSytoBleed/merged_24305-ERSytoBleed_j20.tif,s3://morphology_profiles/filtered_mp/24305-Ph_golgi/merged_24305-Ph_golgi_j20.tif,s3://morphology_profiles/filtered_mp/24305-Mito/merged_24305-Mito_j20.tif
Cc1c(N(C)C)c(=O)n(-c2ccccc2)n1C,24305,L6,s3://morphology_profiles/filtered_mp/24305-Hoechst/merged_24305-Hoechst_l06.tif,s3://morphology_profiles/filtered_mp/24305-ERSyto/merged_24305-ERSyto_l06.tif,s3://morphology_profiles/filtered_mp/24305-ERSytoBleed/merged_24305-ERSytoBleed_l06.tif,s3://morphology_profiles/filtered_mp/24305-Ph_golgi/merged_24305-Ph_golgi_l06.tif,s3://morphology_profiles/filtered_mp/24305-Mito/merged_24305-Mito_l06.tif
NS(=O)(=O)c1cc2c(cc1Cl)NCNS2(=O)=O,24305,L17,s3://morphology_profiles/filtered_mp/24305-Hoechst/merged_24305-Hoechst_l17.tif,s3://morphology_profiles/filtered_mp/24305-ERSyto/merged_24305-ERSyto_l17.tif,s3://morphology_profiles/filtered_mp/24305-ERSytoBleed/merged_24305-ERSytoBleed_l17.tif,s3://morphology_profiles/filtered_mp/24305-Ph_golgi/merged_24305-Ph_golgi_l17.tif,s3://morphology_profiles/filtered_mp/24305-Mito/merged_24305-Mito_l17.tif
CCn1nc(C(=O)O)c(=O)c2cc3c(cc21)OCO3,24305,M22,s3://morphology_profiles/filtered_mp/24305-Hoechst/merged_24305-Hoechst_m22.tif,s3://morphology_profiles/filtered_mp/24305-ERSyto/merged_24305-ERSyto_m22.tif,s3://morphology_profiles/filtered_mp/24305-ERSytoBleed/merged_24305-ERSytoBleed_m22.tif,s3://morphology_profiles/filtered_mp/24305-Ph_golgi/merged_24305-Ph_golgi_m22.tif,s3://morphology_profiles/filtered_mp/24305-Mito/merged_24305-Mito_m22.tif
Nc1ccc(S(=O)(=O)Nc2nccs2)cc1,24305,M23,s3://morphology_profiles/filtered_mp/24305-Hoechst/merged_24305-Hoechst_m23.tif,s3://morphology_profiles/filtered_mp/24305-ERSyto/merged_24305-ERSyto_m23.tif,s3://morphology_profiles/filtered_mp/24305-ERSytoBleed/merged_24305-ERSytoBleed_m23.tif,s3://morphology_profiles/filtered_mp/24305-Ph_golgi/merged_24305-Ph_golgi_m23.tif,s3://morphology_profiles/filtered_mp/24305-Mito/merged_24305-Mito_m23.tif
C=CC1=C(C(=O)O)N2C(=O)[C@@H](N=C(O)/C(=N\O)c3csc(=N)[nH]3)[C@H]2SC1,24305,O1,s3://morphology_profiles/filtered_mp/24305-Hoechst/merged_24305-Hoechst_o01.tif,s3://morphology_profiles/filtered_mp/24305-ERSyto/merged_24305-ERSyto_o01.tif,s3://morphology_profiles/filtered_mp/24305-ERSytoBleed/merged_24305-ERSytoBleed_o01.tif,s3://morphology_profiles/filtered_mp/24305-Ph_golgi/merged_24305-Ph_golgi_o01.tif,s3://morphology_profiles/filtered_mp/24305-Mito/merged_24305-Mito_o01.tif
CCN1CCCC(OC(=O)C(c2ccccc2)c2ccccc2)C1,24306,A4,s3://morphology_profiles/filtered_mp/24306-Hoechst/merged_24306-Hoechst_a04.tif,s3://morphology_profiles/filtered_mp/24306-ERSyto/merged_24306-ERSyto_a04.tif,s3://morphology_profiles/filtered_mp/24306-ERSytoBleed/merged_24306-ERSytoBleed_a04.tif,s3://morphology_profiles/filtered_mp/24306-Ph_golgi/merged_24306-Ph_golgi_a04.tif,s3://morphology_profiles/filtered_mp/24306-Mito/merged_24306-Mito_a04.tif
CC(C)NCC(O)COc1cccc2[nH]ccc12,24306,A5,s3://morphology_profiles/filtered_mp/24306-Hoechst/merged_24306-Hoechst_a05.tif,s3://morphology_profiles/filtered_mp/24306-ERSyto/merged_24306-ERSyto_a05.tif,s3://morphology_profiles/filtered_mp/24306-ERSytoBleed/merged_24306-ERSytoBleed_a05.tif,s3://morphology_profiles/filtered_mp/24306-Ph_golgi/merged_24306-Ph_golgi_a05.tif,s3://morphology_profiles/filtered_mp/24306-Mito/merged_24306-Mito_a05.tif
CC(C(=O)O)c1cccc(C(=O)c2ccccc2)c1,24306,A7,s3://morphology_profiles/filtered_mp/24306-Hoechst/merged_24306-Hoechst_a07.tif,s3://morphology_profiles/filtered_mp/24306-ERSyto/merged_24306-ERSyto_a07.tif,s3://morphology_profiles/filtered_mp/24306-ERSytoBleed/merged_24306-ERSytoBleed_a07.tif,s3://morphology_profiles/filtered_mp/24306-Ph_golgi/merged_24306-Ph_golgi_a07.tif,s3://morphology_profiles/filtered_mp/24306-Mito/merged_24306-Mito_a07.tif
N=C(N)Nc1nc(CSCCC(=N)NS(N)(=O)=O)cs1,24306,B6,s3://morphology_profiles/filtered_mp/24306-Hoechst/merged_24306-Hoechst_b06.tif,s3://morphology_profiles/filtered_mp/24306-ERSyto/merged_24306-ERSyto_b06.tif,s3://morphology_profiles/filtered_mp/24306-ERSytoBleed/merged_24306-ERSytoBleed_b06.tif,s3://morphology_profiles/filtered_mp/24306-Ph_golgi/merged_24306-Ph_golgi_b06.tif,s3://morphology_profiles/filtered_mp/24306-Mito/merged_24306-Mito_b06.tif
COc1ccc(NS(=O)(=O)c2ccc(N)cc2)nn1,24306,B10,s3://morphology_profiles/filtered_mp/24306-Hoechst/merged_24306-Hoechst_b10.tif,s3://morphology_profiles/filtered_mp/24306-ERSyto/merged_24306-ERSyto_b10.tif,s3://morphology_profiles/filtered_mp/24306-ERSytoBleed/merged_24306-ERSytoBleed_b10.tif,s3://morphology_profiles/filtered_mp/24306-Ph_golgi/merged_24306-Ph_golgi_b10.tif,s3://morphology_profiles/filtered_mp/24306-Mito/merged_24306-Mito_b10.tif
Clc1ccc2c(c1)C(N1CCNCC1)=Nc1ccccc1O2,24306,C5,s3://morphology_profiles/filtered_mp/24306-Hoechst/merged_24306-Hoechst_c05.tif,s3://morphology_profiles/filtered_mp/24306-ERSyto/merged_24306-ERSyto_c05.tif,s3://morphology_profiles/filtered_mp/24306-ERSytoBleed/merged_24306-ERSytoBleed_c05.tif,s3://morphology_profiles/filtered_mp/24306-Ph_golgi/merged_24306-Ph_golgi_c05.tif,s3://morphology_profiles/filtered_mp/24306-Mito/merged_24306-Mito_c05.tif
CCN1CCN(C(O)=N[C@@H](C(O)=N[C@@H]2C(=O)N3C(C(=O)O)=C(CSc4nnnn4C)CS[C@H]23)c2ccc(O)cc2)C(=O)C1=O,24306,C8,s3://morphology_profiles/filtered_mp/24306-Hoechst/merged_24306-Hoechst_c08.tif,s3://morphology_profiles/filtered_mp/24306-ERSyto/merged_24306-ERSyto_c08.tif,s3://morphology_profiles/filtered_mp/24306-ERSytoBleed/merged_24306-ERSytoBleed_c08.tif,s3://morphology_profiles/filtered_mp/24306-Ph_golgi/merged_24306-Ph_golgi_c08.tif,s3://morphology_profiles/filtered_mp/24306-Mito/merged_24306-Mito_c08.tif
COc1cc(Cc2c[nH]c(=N)[nH]c2=N)cc(OC)c1OC,24306,G5,s3://morphology_profiles/filtered_mp/24306-Hoechst/merged_24306-Hoechst_g05.tif,s3://morphology_profiles/filtered_mp/24306-ERSyto/merged_24306-ERSyto_g05.tif,s3://morphology_profiles/filtered_mp/24306-ERSytoBleed/merged_24306-ERSytoBleed_g05.tif,s3://morphology_profiles/filtered_mp/24306-Ph_golgi/merged_24306-Ph_golgi_g05.tif,s3://morphology_profiles/filtered_mp/24306-Mito/merged_24306-Mito_g05.tif
O=C(O)Cc1ccccc1Nc1c(Cl)cccc1Cl,24306,G23,s3://morphology_profiles/filtered_mp/24306-Hoechst/merged_24306-Hoechst_g23.tif,s3://morphology_profiles/filtered_mp/24306-ERSyto/merged_24306-ERSyto_g23.tif,s3://morphology_profiles/filtered_mp/24306-ERSytoBleed/merged_24306-ERSytoBleed_g23.tif,s3://morphology_profiles/filtered_mp/24306-Ph_golgi/merged_24306-Ph_golgi_g23.tif,s3://morphology_profiles/filtered_mp/24306-Mito/merged_24306-Mito_g23.tif
C[C@H]1COc2c(N3CCN(C)CC3)c(F)cc3c(=O)c(C(=O)O)cn1c23,24306,I4,s3://morphology_profiles/filtered_mp/24306-Hoechst/merged_24306-Hoechst_i04.tif,s3://morphology_profiles/filtered_mp/24306-ERSyto/merged_24306-ERSyto_i04.tif,s3://morphology_profiles/filtered_mp/24306-ERSytoBleed/merged_24306-ERSytoBleed_i04.tif,s3://morphology_profiles/filtered_mp/24306-Ph_golgi/merged_24306-Ph_golgi_i04.tif,s3://morphology_profiles/filtered_mp/24306-Mito/merged_24306-Mito_i04.tif
S=P(N1CC1)(N1CC1)N1CC1,24306,I10,s3://morphology_profiles/filtered_mp/24306-Hoechst/merged_24306-Hoechst_i10.tif,s3://morphology_profiles/filtered_mp/24306-ERSyto/merged_24306-ERSyto_i10.tif,s3://morphology_profiles/filtered_mp/24306-ERSytoBleed/merged_24306-ERSytoBleed_i10.tif,s3://morphology_profiles/filtered_mp/24306-Ph_golgi/merged_24306-Ph_golgi_i10.tif,s3://morphology_profiles/filtered_mp/24306-Mito/merged_24306-Mito_i10.tif
CC(C)(C)N=C(O)[C@@H]1C[C@@H]2CCCC[C@@H]2CN1C[C@@H](O)[C@H](Cc1ccccc1)N=C(O)[C@H](CC(=N)O)NC(=O)c1ccc2ccccc2n1,24306,I17,s3://morphology_profiles/filtered_mp/24306-Hoechst/merged_24306-Hoechst_i17.tif,s3://morphology_profiles/filtered_mp/24306-ERSyto/merged_24306-ERSyto_i17.tif,s3://morphology_profiles/filtered_mp/24306-ERSytoBleed/merged_24306-ERSytoBleed_i17.tif,s3://morphology_profiles/filtered_mp/24306-Ph_golgi/merged_24306-Ph_golgi_i17.tif,s3://morphology_profiles/filtered_mp/24306-Mito/merged_24306-Mito_i17.tif
Nc1ccc(S(=O)(=O)Nc2ccnn2-c2ccccc2)cc1,24306,J8,s3://morphology_profiles/filtered_mp/24306-Hoechst/merged_24306-Hoechst_j08.tif,s3://morphology_profiles/filtered_mp/24306-ERSyto/merged_24306-ERSyto_j08.tif,s3://morphology_profiles/filtered_mp/24306-ERSytoBleed/merged_24306-ERSytoBleed_j08.tif,s3://morphology_profiles/filtered_mp/24306-Ph_golgi/merged_24306-Ph_golgi_j08.tif,s3://morphology_profiles/filtered_mp/24306-Mito/merged_24306-Mito_j08.tif
CCCCC1C(=O)N(c2ccccc2)N(c2ccccc2)C1=O,24306,J11,s3://morphology_profiles/filtered_mp/24306-Hoechst/merged_24306-Hoechst_j11.tif,s3://morphology_profiles/filtered_mp/24306-ERSyto/merged_24306-ERSyto_j11.tif,s3://morphology_profiles/filtered_mp/24306-ERSytoBleed/merged_24306-ERSytoBleed_j11.tif,s3://morphology_profiles/filtered_mp/24306-Ph_golgi/merged_24306-Ph_golgi_j11.tif,s3://morphology_profiles/filtered_mp/24306-Mito/merged_24306-Mito_j11.tif
Cc1ccc(C)c(OCCCC(C)(C)C(=O)O)c1,24306,J17,s3://morphology_profiles/filtered_mp/24306-Hoechst/merged_24306-Hoechst_j17.tif,s3://morphology_profiles/filtered_mp/24306-ERSyto/merged_24306-ERSyto_j17.tif,s3://morphology_profiles/filtered_mp/24306-ERSytoBleed/merged_24306-ERSytoBleed_j17.tif,s3://morphology_profiles/filtered_mp/24306-Ph_golgi/merged_24306-Ph_golgi_j17.tif,s3://morphology_profiles/filtered_mp/24306-Mito/merged_24306-Mito_j17.tif
CCn1cc(C(=O)O)c(=O)c2cc(F)c(N3CCNCC3)cc21,24306,J20,s3://morphology_profiles/filtered_mp/24306-Hoechst/merged_24306-Hoechst_j20.tif,s3://morphology_profiles/filtered_mp/24306-ERSyto/merged_24306-ERSyto_j20.tif,s3://morphology_profiles/filtered_mp/24306-ERSytoBleed/merged_24306-ERSytoBleed_j20.tif,s3://morphology_profiles/filtered_mp/24306-Ph_golgi/merged_24306-Ph_golgi_j20.tif,s3://morphology_profiles/filtered_mp/24306-Mito/merged_24306-Mito_j20.tif
Cc1c(N(C)C)c(=O)n(-c2ccccc2)n1C,24306,L6,s3://morphology_profiles/filtered_mp/24306-Hoechst/merged_24306-Hoechst_l06.tif,s3://morphology_profiles/filtered_mp/24306-ERSyto/merged_24306-ERSyto_l06.tif,s3://morphology_profiles/filtered_mp/24306-ERSytoBleed/merged_24306-ERSytoBleed_l06.tif,s3://morphology_profiles/filtered_mp/24306-Ph_golgi/merged_24306-Ph_golgi_l06.tif,s3://morphology_profiles/filtered_mp/24306-Mito/merged_24306-Mito_l06.tif
NS(=O)(=O)c1cc2c(cc1Cl)NCNS2(=O)=O,24306,L17,s3://morphology_profiles/filtered_mp/24306-Hoechst/merged_24306-Hoechst_l17.tif,s3://morphology_profiles/filtered_mp/24306-ERSyto/merged_24306-ERSyto_l17.tif,s3://morphology_profiles/filtered_mp/24306-ERSytoBleed/merged_24306-ERSytoBleed_l17.tif,s3://morphology_profiles/filtered_mp/24306-Ph_golgi/merged_24306-Ph_golgi_l17.tif,s3://morphology_profiles/filtered_mp/24306-Mito/merged_24306-Mito_l17.tif
CCn1nc(C(=O)O)c(=O)c2cc3c(cc21)OCO3,24306,M22,s3://morphology_profiles/filtered_mp/24306-Hoechst/merged_24306-Hoechst_m22.tif,s3://morphology_profiles/filtered_mp/24306-ERSyto/merged_24306-ERSyto_m22.tif,s3://morphology_profiles/filtered_mp/24306-ERSytoBleed/merged_24306-ERSytoBleed_m22.tif,s3://morphology_profiles/filtered_mp/24306-Ph_golgi/merged_24306-Ph_golgi_m22.tif,s3://morphology_profiles/filtered_mp/24306-Mito/merged_24306-Mito_m22.tif
Nc1ccc(S(=O)(=O)Nc2nccs2)cc1,24306,M23,s3://morphology_profiles/filtered_mp/24306-Hoechst/merged_24306-Hoechst_m23.tif,s3://morphology_profiles/filtered_mp/24306-ERSyto/merged_24306-ERSyto_m23.tif,s3://morphology_profiles/filtered_mp/24306-ERSytoBleed/merged_24306-ERSytoBleed_m23.tif,s3://morphology_profiles/filtered_mp/24306-Ph_golgi/merged_24306-Ph_golgi_m23.tif,s3://morphology_profiles/filtered_mp/24306-Mito/merged_24306-Mito_m23.tif
C=CC1=C(C(=O)O)N2C(=O)[C@@H](N=C(O)/C(=N\O)c3csc(=N)[nH]3)[C@H]2SC1,24306,O1,s3://morphology_profiles/filtered_mp/24306-Hoechst/merged_24306-Hoechst_o01.tif,s3://morphology_profiles/filtered_mp/24306-ERSyto/merged_24306-ERSyto_o01.tif,s3://morphology_profiles/filtered_mp/24306-ERSytoBleed/merged_24306-ERSytoBleed_o01.tif,s3://morphology_profiles/filtered_mp/24306-Ph_golgi/merged_24306-Ph_golgi_o01.tif,s3://morphology_profiles/filtered_mp/24306-Mito/merged_24306-Mito_o01.tif
CCN1CCCC(OC(=O)C(c2ccccc2)c2ccccc2)C1,24307,A4,s3://morphology_profiles/filtered_mp/24307-Hoechst/merged_24307-Hoechst_a04.tif,s3://morphology_profiles/filtered_mp/24307-ERSyto/merged_24307-ERSyto_a04.tif,s3://morphology_profiles/filtered_mp/24307-ERSytoBleed/merged_24307-ERSytoBleed_a04.tif,s3://morphology_profiles/filtered_mp/24307-Ph_golgi/merged_24307-Ph_golgi_a04.tif,s3://morphology_profiles/filtered_mp/24307-Mito/merged_24307-Mito_a04.tif
CC(C)NCC(O)COc1cccc2[nH]ccc12,24307,A5,s3://morphology_profiles/filtered_mp/24307-Hoechst/merged_24307-Hoechst_a05.tif,s3://morphology_profiles/filtered_mp/24307-ERSyto/merged_24307-ERSyto_a05.tif,s3://morphology_profiles/filtered_mp/24307-ERSytoBleed/merged_24307-ERSytoBleed_a05.tif,s3://morphology_profiles/filtered_mp/24307-Ph_golgi/merged_24307-Ph_golgi_a05.tif,s3://morphology_profiles/filtered_mp/24307-Mito/merged_24307-Mito_a05.tif
CC(C(=O)O)c1cccc(C(=O)c2ccccc2)c1,24307,A7,s3://morphology_profiles/filtered_mp/24307-Hoechst/merged_24307-Hoechst_a07.tif,s3://morphology_profiles/filtered_mp/24307-ERSyto/merged_24307-ERSyto_a07.tif,s3://morphology_profiles/filtered_mp/24307-ERSytoBleed/merged_24307-ERSytoBleed_a07.tif,s3://morphology_profiles/filtered_mp/24307-Ph_golgi/merged_24307-Ph_golgi_a07.tif,s3://morphology_profiles/filtered_mp/24307-Mito/merged_24307-Mito_a07.tif
N=C(N)Nc1nc(CSCCC(=N)NS(N)(=O)=O)cs1,24307,B6,s3://morphology_profiles/filtered_mp/24307-Hoechst/merged_24307-Hoechst_b06.tif,s3://morphology_profiles/filtered_mp/24307-ERSyto/merged_24307-ERSyto_b06.tif,s3://morphology_profiles/filtered_mp/24307-ERSytoBleed/merged_24307-ERSytoBleed_b06.tif,s3://morphology_profiles/filtered_mp/24307-Ph_golgi/merged_24307-Ph_golgi_b06.tif,s3://morphology_profiles/filtered_mp/24307-Mito/merged_24307-Mito_b06.tif
COc1ccc(NS(=O)(=O)c2ccc(N)cc2)nn1,24307,B10,s3://morphology_profiles/filtered_mp/24307-Hoechst/merged_24307-Hoechst_b10.tif,s3://morphology_profiles/filtered_mp/24307-ERSyto/merged_24307-ERSyto_b10.tif,s3://morphology_profiles/filtered_mp/24307-ERSytoBleed/merged_24307-ERSytoBleed_b10.tif,s3://morphology_profiles/filtered_mp/24307-Ph_golgi/merged_24307-Ph_golgi_b10.tif,s3://morphology_profiles/filtered_mp/24307-Mito/merged_24307-Mito_b10.tif
Clc1ccc2c(c1)C(N1CCNCC1)=Nc1ccccc1O2,24307,C5,s3://morphology_profiles/filtered_mp/24307-Hoechst/merged_24307-Hoechst_c05.tif,s3://morphology_profiles/filtered_mp/24307-ERSyto/merged_24307-ERSyto_c05.tif,s3://morphology_profiles/filtered_mp/24307-ERSytoBleed/merged_24307-ERSytoBleed_c05.tif,s3://morphology_profiles/filtered_mp/24307-Ph_golgi/merged_24307-Ph_golgi_c05.tif,s3://morphology_profiles/filtered_mp/24307-Mito/merged_24307-Mito_c05.tif
CCN1CCN(C(O)=N[C@@H](C(O)=N[C@@H]2C(=O)N3C(C(=O)O)=C(CSc4nnnn4C)CS[C@H]23)c2ccc(O)cc2)C(=O)C1=O,24307,C8,s3://morphology_profiles/filtered_mp/24307-Hoechst/merged_24307-Hoechst_c08.tif,s3://morphology_profiles/filtered_mp/24307-ERSyto/merged_24307-ERSyto_c08.tif,s3://morphology_profiles/filtered_mp/24307-ERSytoBleed/merged_24307-ERSytoBleed_c08.tif,s3://morphology_profiles/filtered_mp/24307-Ph_golgi/merged_24307-Ph_golgi_c08.tif,s3://morphology_profiles/filtered_mp/24307-Mito/merged_24307-Mito_c08.tif
COc1cc(Cc2c[nH]c(=N)[nH]c2=N)cc(OC)c1OC,24307,G5,s3://morphology_profiles/filtered_mp/24307-Hoechst/merged_24307-Hoechst_g05.tif,s3://morphology_profiles/filtered_mp/24307-ERSyto/merged_24307-ERSyto_g05.tif,s3://morphology_profiles/filtered_mp/24307-ERSytoBleed/merged_24307-ERSytoBleed_g05.tif,s3://morphology_profiles/filtered_mp/24307-Ph_golgi/merged_24307-Ph_golgi_g05.tif,s3://morphology_profiles/filtered_mp/24307-Mito/merged_24307-Mito_g05.tif
O=C(O)Cc1ccccc1Nc1c(Cl)cccc1Cl,24307,G23,s3://morphology_profiles/filtered_mp/24307-Hoechst/merged_24307-Hoechst_g23.tif,s3://morphology_profiles/filtered_mp/24307-ERSyto/merged_24307-ERSyto_g23.tif,s3://morphology_profiles/filtered_mp/24307-ERSytoBleed/merged_24307-ERSytoBleed_g23.tif,s3://morphology_profiles/filtered_mp/24307-Ph_golgi/merged_24307-Ph_golgi_g23.tif,s3://morphology_profiles/filtered_mp/24307-Mito/merged_24307-Mito_g23.tif
C[C@H]1COc2c(N3CCN(C)CC3)c(F)cc3c(=O)c(C(=O)O)cn1c23,24307,I4,s3://morphology_profiles/filtered_mp/24307-Hoechst/merged_24307-Hoechst_i04.tif,s3://morphology_profiles/filtered_mp/24307-ERSyto/merged_24307-ERSyto_i04.tif,s3://morphology_profiles/filtered_mp/24307-ERSytoBleed/merged_24307-ERSytoBleed_i04.tif,s3://morphology_profiles/filtered_mp/24307-Ph_golgi/merged_24307-Ph_golgi_i04.tif,s3://morphology_profiles/filtered_mp/24307-Mito/merged_24307-Mito_i04.tif
S=P(N1CC1)(N1CC1)N1CC1,24307,I10,s3://morphology_profiles/filtered_mp/24307-Hoechst/merged_24307-Hoechst_i10.tif,s3://morphology_profiles/filtered_mp/24307-ERSyto/merged_24307-ERSyto_i10.tif,s3://morphology_profiles/filtered_mp/24307-ERSytoBleed/merged_24307-ERSytoBleed_i10.tif,s3://morphology_profiles/filtered_mp/24307-Ph_golgi/merged_24307-Ph_golgi_i10.tif,s3://morphology_profiles/filtered_mp/24307-Mito/merged_24307-Mito_i10.tif
CC(C)(C)N=C(O)[C@@H]1C[C@@H]2CCCC[C@@H]2CN1C[C@@H](O)[C@H](Cc1ccccc1)N=C(O)[C@H](CC(=N)O)NC(=O)c1ccc2ccccc2n1,24307,I17,s3://morphology_profiles/filtered_mp/24307-Hoechst/merged_24307-Hoechst_i17.tif,s3://morphology_profiles/filtered_mp/24307-ERSyto/merged_24307-ERSyto_i17.tif,s3://morphology_profiles/filtered_mp/24307-ERSytoBleed/merged_24307-ERSytoBleed_i17.tif,s3://morphology_profiles/filtered_mp/24307-Ph_golgi/merged_24307-Ph_golgi_i17.tif,s3://morphology_profiles/filtered_mp/24307-Mito/merged_24307-Mito_i17.tif
Nc1ccc(S(=O)(=O)Nc2ccnn2-c2ccccc2)cc1,24307,J8,s3://morphology_profiles/filtered_mp/24307-Hoechst/merged_24307-Hoechst_j08.tif,s3://morphology_profiles/filtered_mp/24307-ERSyto/merged_24307-ERSyto_j08.tif,s3://morphology_profiles/filtered_mp/24307-ERSytoBleed/merged_24307-ERSytoBleed_j08.tif,s3://morphology_profiles/filtered_mp/24307-Ph_golgi/merged_24307-Ph_golgi_j08.tif,s3://morphology_profiles/filtered_mp/24307-Mito/merged_24307-Mito_j08.tif
CCCCC1C(=O)N(c2ccccc2)N(c2ccccc2)C1=O,24307,J11,s3://morphology_profiles/filtered_mp/24307-Hoechst/merged_24307-Hoechst_j11.tif,s3://morphology_profiles/filtered_mp/24307-ERSyto/merged_24307-ERSyto_j11.tif,s3://morphology_profiles/filtered_mp/24307-ERSytoBleed/merged_24307-ERSytoBleed_j11.tif,s3://morphology_profiles/filtered_mp/24307-Ph_golgi/merged_24307-Ph_golgi_j11.tif,s3://morphology_profiles/filtered_mp/24307-Mito/merged_24307-Mito_j11.tif
Cc1ccc(C)c(OCCCC(C)(C)C(=O)O)c1,24307,J17,s3://morphology_profiles/filtered_mp/24307-Hoechst/merged_24307-Hoechst_j17.tif,s3://morphology_profiles/filtered_mp/24307-ERSyto/merged_24307-ERSyto_j17.tif,s3://morphology_profiles/filtered_mp/24307-ERSytoBleed/merged_24307-ERSytoBleed_j17.tif,s3://morphology_profiles/filtered_mp/24307-Ph_golgi/merged_24307-Ph_golgi_j17.tif,s3://morphology_profiles/filtered_mp/24307-Mito/merged_24307-Mito_j17.tif
CCn1cc(C(=O)O)c(=O)c2cc(F)c(N3CCNCC3)cc21,24307,J20,s3://morphology_profiles/filtered_mp/24307-Hoechst/merged_24307-Hoechst_j20.tif,s3://morphology_profiles/filtered_mp/24307-ERSyto/merged_24307-ERSyto_j20.tif,s3://morphology_profiles/filtered_mp/24307-ERSytoBleed/merged_24307-ERSytoBleed_j20.tif,s3://morphology_profiles/filtered_mp/24307-Ph_golgi/merged_24307-Ph_golgi_j20.tif,s3://morphology_profiles/filtered_mp/24307-Mito/merged_24307-Mito_j20.tif
Cc1c(N(C)C)c(=O)n(-c2ccccc2)n1C,24307,L6,s3://morphology_profiles/filtered_mp/24307-Hoechst/merged_24307-Hoechst_l06.tif,s3://morphology_profiles/filtered_mp/24307-ERSyto/merged_24307-ERSyto_l06.tif,s3://morphology_profiles/filtered_mp/24307-ERSytoBleed/merged_24307-ERSytoBleed_l06.tif,s3://morphology_profiles/filtered_mp/24307-Ph_golgi/merged_24307-Ph_golgi_l06.tif,s3://morphology_profiles/filtered_mp/24307-Mito/merged_24307-Mito_l06.tif
NS(=O)(=O)c1cc2c(cc1Cl)NCNS2(=O)=O,24307,L17,s3://morphology_profiles/filtered_mp/24307-Hoechst/merged_24307-Hoechst_l17.tif,s3://morphology_profiles/filtered_mp/24307-ERSyto/merged_24307-ERSyto_l17.tif,s3://morphology_profiles/filtered_mp/24307-ERSytoBleed/merged_24307-ERSytoBleed_l17.tif,s3://morphology_profiles/filtered_mp/24307-Ph_golgi/merged_24307-Ph_golgi_l17.tif,s3://morphology_profiles/filtered_mp/24307-Mito/merged_24307-Mito_l17.tif
CCn1nc(C(=O)O)c(=O)c2cc3c(cc21)OCO3,24307,M22,s3://morphology_profiles/filtered_mp/24307-Hoechst/merged_24307-Hoechst_m22.tif,s3://morphology_profiles/filtered_mp/24307-ERSyto/merged_24307-ERSyto_m22.tif,s3://morphology_profiles/filtered_mp/24307-ERSytoBleed/merged_24307-ERSytoBleed_m22.tif,s3://morphology_profiles/filtered_mp/24307-Ph_golgi/merged_24307-Ph_golgi_m22.tif,s3://morphology_profiles/filtered_mp/24307-Mito/merged_24307-Mito_m22.tif
Nc1ccc(S(=O)(=O)Nc2nccs2)cc1,24307,M23,s3://morphology_profiles/filtered_mp/24307-Hoechst/merged_24307-Hoechst_m23.tif,s3://morphology_profiles/filtered_mp/24307-ERSyto/merged_24307-ERSyto_m23.tif,s3://morphology_profiles/filtered_mp/24307-ERSytoBleed/merged_24307-ERSytoBleed_m23.tif,s3://morphology_profiles/filtered_mp/24307-Ph_golgi/merged_24307-Ph_golgi_m23.tif,s3://morphology_profiles/filtered_mp/24307-Mito/merged_24307-Mito_m23.tif
C=CC1=C(C(=O)O)N2C(=O)[C@@H](N=C(O)/C(=N\O)c3csc(=N)[nH]3)[C@H]2SC1,24307,O1,s3://morphology_profiles/filtered_mp/24307-Hoechst/merged_24307-Hoechst_o01.tif,s3://morphology_profiles/filtered_mp/24307-ERSyto/merged_24307-ERSyto_o01.tif,s3://morphology_profiles/filtered_mp/24307-ERSytoBleed/merged_24307-ERSytoBleed_o01.tif,s3://morphology_profiles/filtered_mp/24307-Ph_golgi/merged_24307-Ph_golgi_o01.tif,s3://morphology_profiles/filtered_mp/24307-Mito/merged_24307-Mito_o01.tif
CC(C)(Oc1ccc(Cl)cc1)C(=O)O,24308,A19,s3://morphology_profiles/filtered_mp/24308-Hoechst/merged_24308-Hoechst_a19.tif,s3://morphology_profiles/filtered_mp/24308-ERSyto/merged_24308-ERSyto_a19.tif,s3://morphology_profiles/filtered_mp/24308-ERSytoBleed/merged_24308-ERSytoBleed_a19.tif,s3://morphology_profiles/filtered_mp/24308-Ph_golgi/merged_24308-Ph_golgi_a19.tif,s3://morphology_profiles/filtered_mp/24308-Mito/merged_24308-Mito_a19.tif
NS(=O)(=O)c1cc2c(cc1Cl)N=C(CSCc1ccccc1)NS2(=O)=O,24308,B21,s3://morphology_profiles/filtered_mp/24308-Hoechst/merged_24308-Hoechst_b21.tif,s3://morphology_profiles/filtered_mp/24308-ERSyto/merged_24308-ERSyto_b21.tif,s3://morphology_profiles/filtered_mp/24308-ERSytoBleed/merged_24308-ERSytoBleed_b21.tif,s3://morphology_profiles/filtered_mp/24308-Ph_golgi/merged_24308-Ph_golgi_b21.tif,s3://morphology_profiles/filtered_mp/24308-Mito/merged_24308-Mito_b21.tif
CC(O)=NS(=O)(=O)c1ccc(N)cc1,24308,B22,s3://morphology_profiles/filtered_mp/24308-Hoechst/merged_24308-Hoechst_b22.tif,s3://morphology_profiles/filtered_mp/24308-ERSyto/merged_24308-ERSyto_b22.tif,s3://morphology_profiles/filtered_mp/24308-ERSytoBleed/merged_24308-ERSytoBleed_b22.tif,s3://morphology_profiles/filtered_mp/24308-Ph_golgi/merged_24308-Ph_golgi_b22.tif,s3://morphology_profiles/filtered_mp/24308-Mito/merged_24308-Mito_b22.tif
O=C(O)c1cc(-c2ccc(F)cc2F)ccc1O,24308,C7,s3://morphology_profiles/filtered_mp/24308-Hoechst/merged_24308-Hoechst_c07.tif,s3://morphology_profiles/filtered_mp/24308-ERSyto/merged_24308-ERSyto_c07.tif,s3://morphology_profiles/filtered_mp/24308-ERSytoBleed/merged_24308-ERSytoBleed_c07.tif,s3://morphology_profiles/filtered_mp/24308-Ph_golgi/merged_24308-Ph_golgi_c07.tif,s3://morphology_profiles/filtered_mp/24308-Mito/merged_24308-Mito_c07.tif
CCC(C)(C)C(=O)O[C@H]1C[C@@H](C)C=C2C=C[C@H](C)[C@H](CC[C@@H]3C[C@@H](O)CC(=O)O3)[C@H]21,24308,C8,s3://morphology_profiles/filtered_mp/24308-Hoechst/merged_24308-Hoechst_c08.tif,s3://morphology_profiles/filtered_mp/24308-ERSyto/merged_24308-ERSyto_c08.tif,s3://morphology_profiles/filtered_mp/24308-ERSytoBleed/merged_24308-ERSytoBleed_c08.tif,s3://morphology_profiles/filtered_mp/24308-Ph_golgi/merged_24308-Ph_golgi_c08.tif,s3://morphology_profiles/filtered_mp/24308-Mito/merged_24308-Mito_c08.tif
CN1CCC(OC(c2ccccc2)c2ccccc2)CC1,24308,C18,s3://morphology_profiles/filtered_mp/24308-Hoechst/merged_24308-Hoechst_c18.tif,s3://morphology_profiles/filtered_mp/24308-ERSyto/merged_24308-ERSyto_c18.tif,s3://morphology_profiles/filtered_mp/24308-ERSytoBleed/merged_24308-ERSytoBleed_c18.tif,s3://morphology_profiles/filtered_mp/24308-Ph_golgi/merged_24308-Ph_golgi_c18.tif,s3://morphology_profiles/filtered_mp/24308-Mito/merged_24308-Mito_c18.tif
CC1(C)N=C(O)N(c2ccc([N+](=O)[O-])c(C(F)(F)F)c2)C1=O,24308,D4,s3://morphology_profiles/filtered_mp/24308-Hoechst/merged_24308-Hoechst_d04.tif,s3://morphology_profiles/filtered_mp/24308-ERSyto/merged_24308-ERSyto_d04.tif,s3://morphology_profiles/filtered_mp/24308-ERSytoBleed/merged_24308-ERSytoBleed_d04.tif,s3://morphology_profiles/filtered_mp/24308-Ph_golgi/merged_24308-Ph_golgi_d04.tif,s3://morphology_profiles/filtered_mp/24308-Mito/merged_24308-Mito_d04.tif
O=C(O)CCc1nc(-c2ccccc2)c(-c2ccccc2)o1,24308,E7,s3://morphology_profiles/filtered_mp/24308-Hoechst/merged_24308-Hoechst_e07.tif,s3://morphology_profiles/filtered_mp/24308-ERSyto/merged_24308-ERSyto_e07.tif,s3://morphology_profiles/filtered_mp/24308-ERSytoBleed/merged_24308-ERSytoBleed_e07.tif,s3://morphology_profiles/filtered_mp/24308-Ph_golgi/merged_24308-Ph_golgi_e07.tif,s3://morphology_profiles/filtered_mp/24308-Mito/merged_24308-Mito_e07.tif
COc1ccc(C(Cl)=C(c2ccc(OC)cc2)c2ccc(OC)cc2)cc1,24308,F14,s3://morphology_profiles/filtered_mp/24308-Hoechst/merged_24308-Hoechst_f14.tif,s3://morphology_profiles/filtered_mp/24308-ERSyto/merged_24308-ERSyto_f14.tif,s3://morphology_profiles/filtered_mp/24308-ERSytoBleed/merged_24308-ERSytoBleed_f14.tif,s3://morphology_profiles/filtered_mp/24308-Ph_golgi/merged_24308-Ph_golgi_f14.tif,s3://morphology_profiles/filtered_mp/24308-Mito/merged_24308-Mito_f14.tif
C=C1/C(=C\C=C2/CCC[C@]3(C)[C@@H]([C@H](C)CCCC(C)(C)O)CC[C@@H]23)C[C@@H](O)C[C@@H]1O,24308,F21,s3://morphology_profiles/filtered_mp/24308-Hoechst/merged_24308-Hoechst_f21.tif,s3://morphology_profiles/filtered_mp/24308-ERSyto/merged_24308-ERSyto_f21.tif,s3://morphology_profiles/filtered_mp/24308-ERSytoBleed/merged_24308-ERSytoBleed_f21.tif,s3://morphology_profiles/filtered_mp/24308-Ph_golgi/merged_24308-Ph_golgi_f21.tif,s3://morphology_profiles/filtered_mp/24308-Mito/merged_24308-Mito_f21.tif
CC(=O)OCC1=C(C(=O)O)N2C(=O)[C@@H](N=C(O)Cc3cccs3)[C@H]2SC1,24308,G16,s3://morphology_profiles/filtered_mp/24308-Hoechst/merged_24308-Hoechst_g16.tif,s3://morphology_profiles/filtered_mp/24308-ERSyto/merged_24308-ERSyto_g16.tif,s3://morphology_profiles/filtered_mp/24308-ERSytoBleed/merged_24308-ERSytoBleed_g16.tif,s3://morphology_profiles/filtered_mp/24308-Ph_golgi/merged_24308-Ph_golgi_g16.tif,s3://morphology_profiles/filtered_mp/24308-Mito/merged_24308-Mito_g16.tif
CC(C)C(O)=Nc1ccc([N+](=O)[O-])c(C(F)(F)F)c1,24308,G17,s3://morphology_profiles/filtered_mp/24308-Hoechst/merged_24308-Hoechst_g17.tif,s3://morphology_profiles/filtered_mp/24308-ERSyto/merged_24308-ERSyto_g17.tif,s3://morphology_profiles/filtered_mp/24308-ERSytoBleed/merged_24308-ERSytoBleed_g17.tif,s3://morphology_profiles/filtered_mp/24308-Ph_golgi/merged_24308-Ph_golgi_g17.tif,s3://morphology_profiles/filtered_mp/24308-Mito/merged_24308-Mito_g17.tif
Cc1cc(NS(=O)(=O)c2ccc(N)cc2)no1,24308,G21,s3://morphology_profiles/filtered_mp/24308-Hoechst/merged_24308-Hoechst_g21.tif,s3://morphology_profiles/filtered_mp/24308-ERSyto/merged_24308-ERSyto_g21.tif,s3://morphology_profiles/filtered_mp/24308-ERSytoBleed/merged_24308-ERSytoBleed_g21.tif,s3://morphology_profiles/filtered_mp/24308-Ph_golgi/merged_24308-Ph_golgi_g21.tif,s3://morphology_profiles/filtered_mp/24308-Mito/merged_24308-Mito_g21.tif
CC(=O)N1CCN(c2ccc(OC[C@H]3CO[C@](Cn4ccnc4)(c4ccc(Cl)cc4Cl)O3)cc2)CC1,24308,H10,s3://morphology_profiles/filtered_mp/24308-Hoechst/merged_24308-Hoechst_h10.tif,s3://morphology_profiles/filtered_mp/24308-ERSyto/merged_24308-ERSyto_h10.tif,s3://morphology_profiles/filtered_mp/24308-ERSytoBleed/merged_24308-ERSytoBleed_h10.tif,s3://morphology_profiles/filtered_mp/24308-Ph_golgi/merged_24308-Ph_golgi_h10.tif,s3://morphology_profiles/filtered_mp/24308-Mito/merged_24308-Mito_h10.tif
Cc1cccc(N=c2cc[nH]cc2S(=O)(=O)NC(O)=NC(C)C)c1,24308,I3,s3://morphology_profiles/filtered_mp/24308-Hoechst/merged_24308-Hoechst_i03.tif,s3://morphology_profiles/filtered_mp/24308-ERSyto/merged_24308-ERSyto_i03.tif,s3://morphology_profiles/filtered_mp/24308-ERSytoBleed/merged_24308-ERSytoBleed_i03.tif,s3://morphology_profiles/filtered_mp/24308-Ph_golgi/merged_24308-Ph_golgi_i03.tif,s3://morphology_profiles/filtered_mp/24308-Mito/merged_24308-Mito_i03.tif
Cc1nnc(NS(=O)(=O)c2ccc(N)cc2)s1,24308,J2,s3://morphology_profiles/filtered_mp/24308-Hoechst/merged_24308-Hoechst_j02.tif,s3://morphology_profiles/filtered_mp/24308-ERSyto/merged_24308-ERSyto_j02.tif,s3://morphology_profiles/filtered_mp/24308-ERSytoBleed/merged_24308-ERSytoBleed_j02.tif,s3://morphology_profiles/filtered_mp/24308-Ph_golgi/merged_24308-Ph_golgi_j02.tif,s3://morphology_profiles/filtered_mp/24308-Mito/merged_24308-Mito_j02.tif
Nc1ccc(S(=O)(=O)Nc2ccc(Cl)nn2)cc1,24308,J13,s3://morphology_profiles/filtered_mp/24308-Hoechst/merged_24308-Hoechst_j13.tif,s3://morphology_profiles/filtered_mp/24308-ERSyto/merged_24308-ERSyto_j13.tif,s3://morphology_profiles/filtered_mp/24308-ERSytoBleed/merged_24308-ERSytoBleed_j13.tif,s3://morphology_profiles/filtered_mp/24308-Ph_golgi/merged_24308-Ph_golgi_j13.tif,s3://morphology_profiles/filtered_mp/24308-Mito/merged_24308-Mito_j13.tif
Nc1ccc(S(=O)(=O)Nc2ncccn2)cc1,24308,J18,s3://morphology_profiles/filtered_mp/24308-Hoechst/merged_24308-Hoechst_j18.tif,s3://morphology_profiles/filtered_mp/24308-ERSyto/merged_24308-ERSyto_j18.tif,s3://morphology_profiles/filtered_mp/24308-ERSytoBleed/merged_24308-ERSytoBleed_j18.tif,s3://morphology_profiles/filtered_mp/24308-Ph_golgi/merged_24308-Ph_golgi_j18.tif,s3://morphology_profiles/filtered_mp/24308-Mito/merged_24308-Mito_j18.tif
CCN(CC)C(=S)SSC(=S)N(CC)CC,24308,K6,s3://morphology_profiles/filtered_mp/24308-Hoechst/merged_24308-Hoechst_k06.tif,s3://morphology_profiles/filtered_mp/24308-ERSyto/merged_24308-ERSyto_k06.tif,s3://morphology_profiles/filtered_mp/24308-ERSytoBleed/merged_24308-ERSytoBleed_k06.tif,s3://morphology_profiles/filtered_mp/24308-Ph_golgi/merged_24308-Ph_golgi_k06.tif,s3://morphology_profiles/filtered_mp/24308-Mito/merged_24308-Mito_k06.tif
Cn1cnc([N+](=O)[O-])c1Sc1ncnc2[nH]cnc12,24308,K10,s3://morphology_profiles/filtered_mp/24308-Hoechst/merged_24308-Hoechst_k10.tif,s3://morphology_profiles/filtered_mp/24308-ERSyto/merged_24308-ERSyto_k10.tif,s3://morphology_profiles/filtered_mp/24308-ERSytoBleed/merged_24308-ERSytoBleed_k10.tif,s3://morphology_profiles/filtered_mp/24308-Ph_golgi/merged_24308-Ph_golgi_k10.tif,s3://morphology_profiles/filtered_mp/24308-Mito/merged_24308-Mito_k10.tif
CN=C(NC#N)NCCSCc1[nH]cnc1C,24308,L14,s3://morphology_profiles/filtered_mp/24308-Hoechst/merged_24308-Hoechst_l14.tif,s3://morphology_profiles/filtered_mp/24308-ERSyto/merged_24308-ERSyto_l14.tif,s3://morphology_profiles/filtered_mp/24308-ERSytoBleed/merged_24308-ERSytoBleed_l14.tif,s3://morphology_profiles/filtered_mp/24308-Ph_golgi/merged_24308-Ph_golgi_l14.tif,s3://morphology_profiles/filtered_mp/24308-Mito/merged_24308-Mito_l14.tif
COc1cc(C(O)=NCc2ccc(OCCN(C)C)cc2)cc(OC)c1OC,24308,L20,s3://morphology_profiles/filtered_mp/24308-Hoechst/merged_24308-Hoechst_l20.tif,s3://morphology_profiles/filtered_mp/24308-ERSyto/merged_24308-ERSyto_l20.tif,s3://morphology_profiles/filtered_mp/24308-ERSytoBleed/merged_24308-ERSytoBleed_l20.tif,s3://morphology_profiles/filtered_mp/24308-Ph_golgi/merged_24308-Ph_golgi_l20.tif,s3://morphology_profiles/filtered_mp/24308-Mito/merged_24308-Mito_l20.tif
NS(=O)(=O)c1cc2c(cc1C(F)(F)F)NCNS2(=O)=O,24308,N11,s3://morphology_profiles/filtered_mp/24308-Hoechst/merged_24308-Hoechst_n11.tif,s3://morphology_profiles/filtered_mp/24308-ERSyto/merged_24308-ERSyto_n11.tif,s3://morphology_profiles/filtered_mp/24308-ERSytoBleed/merged_24308-ERSytoBleed_n11.tif,s3://morphology_profiles/filtered_mp/24308-Ph_golgi/merged_24308-Ph_golgi_n11.tif,s3://morphology_profiles/filtered_mp/24308-Mito/merged_24308-Mito_n11.tif
COc1ccc(CCN2CCC(N=c3[nH]c4ccccc4n3Cc3ccc(F)cc3)CC2)cc1,24308,N18,s3://morphology_profiles/filtered_mp/24308-Hoechst/merged_24308-Hoechst_n18.tif,s3://morphology_profiles/filtered_mp/24308-ERSyto/merged_24308-ERSyto_n18.tif,s3://morphology_profiles/filtered_mp/24308-ERSytoBleed/merged_24308-ERSytoBleed_n18.tif,s3://morphology_profiles/filtered_mp/24308-Ph_golgi/merged_24308-Ph_golgi_n18.tif,s3://morphology_profiles/filtered_mp/24308-Mito/merged_24308-Mito_n18.tif
CC#C[C@]1(O)CC[C@H]2[C@@H]3CCC4=CC(=O)CCC4=C3[C@@H](c3ccc(N(C)C)cc3)C[C@@]21C,24308,N19,s3://morphology_profiles/filtered_mp/24308-Hoechst/merged_24308-Hoechst_n19.tif,s3://morphology_profiles/filtered_mp/24308-ERSyto/merged_24308-ERSyto_n19.tif,s3://morphology_profiles/filtered_mp/24308-ERSytoBleed/merged_24308-ERSytoBleed_n19.tif,s3://morphology_profiles/filtered_mp/24308-Ph_golgi/merged_24308-Ph_golgi_n19.tif,s3://morphology_profiles/filtered_mp/24308-Mito/merged_24308-Mito_n19.tif
CN1CCN(C2=Nc3cc(Cl)ccc3Nc3ccccc32)CC1,24308,N21,s3://morphology_profiles/filtered_mp/24308-Hoechst/merged_24308-Hoechst_n21.tif,s3://morphology_profiles/filtered_mp/24308-ERSyto/merged_24308-ERSyto_n21.tif,s3://morphology_profiles/filtered_mp/24308-ERSytoBleed/merged_24308-ERSytoBleed_n21.tif,s3://morphology_profiles/filtered_mp/24308-Ph_golgi/merged_24308-Ph_golgi_n21.tif,s3://morphology_profiles/filtered_mp/24308-Mito/merged_24308-Mito_n21.tif
Oc1c(Cl)cc(Cl)cc1Sc1cc(Cl)cc(Cl)c1O,24308,P5,s3://morphology_profiles/filtered_mp/24308-Hoechst/merged_24308-Hoechst_p05.tif,s3://morphology_profiles/filtered_mp/24308-ERSyto/merged_24308-ERSyto_p05.tif,s3://morphology_profiles/filtered_mp/24308-ERSytoBleed/merged_24308-ERSytoBleed_p05.tif,s3://morphology_profiles/filtered_mp/24308-Ph_golgi/merged_24308-Ph_golgi_p05.tif,s3://morphology_profiles/filtered_mp/24308-Mito/merged_24308-Mito_p05.tif
CC(=O)Oc1ccc(C(c2ccc(OC(C)=O)cc2)c2ccccn2)cc1,24308,P19,s3://morphology_profiles/filtered_mp/24308-Hoechst/merged_24308-Hoechst_p19.tif,s3://morphology_profiles/filtered_mp/24308-ERSyto/merged_24308-ERSyto_p19.tif,s3://morphology_profiles/filtered_mp/24308-ERSytoBleed/merged_24308-ERSytoBleed_p19.tif,s3://morphology_profiles/filtered_mp/24308-Ph_golgi/merged_24308-Ph_golgi_p19.tif,s3://morphology_profiles/filtered_mp/24308-Mito/merged_24308-Mito_p19.tif
CC(C)(Oc1ccc(Cl)cc1)C(=O)O,24309,A19,s3://morphology_profiles/filtered_mp/24309-Hoechst/merged_24309-Hoechst_a19.tif,s3://morphology_profiles/filtered_mp/24309-ERSyto/merged_24309-ERSyto_a19.tif,s3://morphology_profiles/filtered_mp/24309-ERSytoBleed/merged_24309-ERSytoBleed_a19.tif,s3://morphology_profiles/filtered_mp/24309-Ph_golgi/merged_24309-Ph_golgi_a19.tif,s3://morphology_profiles/filtered_mp/24309-Mito/merged_24309-Mito_a19.tif
NS(=O)(=O)c1cc2c(cc1Cl)N=C(CSCc1ccccc1)NS2(=O)=O,24309,B21,s3://morphology_profiles/filtered_mp/24309-Hoechst/merged_24309-Hoechst_b21.tif,s3://morphology_profiles/filtered_mp/24309-ERSyto/merged_24309-ERSyto_b21.tif,s3://morphology_profiles/filtered_mp/24309-ERSytoBleed/merged_24309-ERSytoBleed_b21.tif,s3://morphology_profiles/filtered_mp/24309-Ph_golgi/merged_24309-Ph_golgi_b21.tif,s3://morphology_profiles/filtered_mp/24309-Mito/merged_24309-Mito_b21.tif
CC(O)=NS(=O)(=O)c1ccc(N)cc1,24309,B22,s3://morphology_profiles/filtered_mp/24309-Hoechst/merged_24309-Hoechst_b22.tif,s3://morphology_profiles/filtered_mp/24309-ERSyto/merged_24309-ERSyto_b22.tif,s3://morphology_profiles/filtered_mp/24309-ERSytoBleed/merged_24309-ERSytoBleed_b22.tif,s3://morphology_profiles/filtered_mp/24309-Ph_golgi/merged_24309-Ph_golgi_b22.tif,s3://morphology_profiles/filtered_mp/24309-Mito/merged_24309-Mito_b22.tif
O=C(O)c1cc(-c2ccc(F)cc2F)ccc1O,24309,C7,s3://morphology_profiles/filtered_mp/24309-Hoechst/merged_24309-Hoechst_c07.tif,s3://morphology_profiles/filtered_mp/24309-ERSyto/merged_24309-ERSyto_c07.tif,s3://morphology_profiles/filtered_mp/24309-ERSytoBleed/merged_24309-ERSytoBleed_c07.tif,s3://morphology_profiles/filtered_mp/24309-Ph_golgi/merged_24309-Ph_golgi_c07.tif,s3://morphology_profiles/filtered_mp/24309-Mito/merged_24309-Mito_c07.tif
CCC(C)(C)C(=O)O[C@H]1C[C@@H](C)C=C2C=C[C@H](C)[C@H](CC[C@@H]3C[C@@H](O)CC(=O)O3)[C@H]21,24309,C8,s3://morphology_profiles/filtered_mp/24309-Hoechst/merged_24309-Hoechst_c08.tif,s3://morphology_profiles/filtered_mp/24309-ERSyto/merged_24309-ERSyto_c08.tif,s3://morphology_profiles/filtered_mp/24309-ERSytoBleed/merged_24309-ERSytoBleed_c08.tif,s3://morphology_profiles/filtered_mp/24309-Ph_golgi/merged_24309-Ph_golgi_c08.tif,s3://morphology_profiles/filtered_mp/24309-Mito/merged_24309-Mito_c08.tif
CN1CCC(OC(c2ccccc2)c2ccccc2)CC1,24309,C18,s3://morphology_profiles/filtered_mp/24309-Hoechst/merged_24309-Hoechst_c18.tif,s3://morphology_profiles/filtered_mp/24309-ERSyto/merged_24309-ERSyto_c18.tif,s3://morphology_profiles/filtered_mp/24309-ERSytoBleed/merged_24309-ERSytoBleed_c18.tif,s3://morphology_profiles/filtered_mp/24309-Ph_golgi/merged_24309-Ph_golgi_c18.tif,s3://morphology_profiles/filtered_mp/24309-Mito/merged_24309-Mito_c18.tif
CC1(C)N=C(O)N(c2ccc([N+](=O)[O-])c(C(F)(F)F)c2)C1=O,24309,D4,s3://morphology_profiles/filtered_mp/24309-Hoechst/merged_24309-Hoechst_d04.tif,s3://morphology_profiles/filtered_mp/24309-ERSyto/merged_24309-ERSyto_d04.tif,s3://morphology_profiles/filtered_mp/24309-ERSytoBleed/merged_24309-ERSytoBleed_d04.tif,s3://morphology_profiles/filtered_mp/24309-Ph_golgi/merged_24309-Ph_golgi_d04.tif,s3://morphology_profiles/filtered_mp/24309-Mito/merged_24309-Mito_d04.tif
O=C(O)CCc1nc(-c2ccccc2)c(-c2ccccc2)o1,24309,E7,s3://morphology_profiles/filtered_mp/24309-Hoechst/merged_24309-Hoechst_e07.tif,s3://morphology_profiles/filtered_mp/24309-ERSyto/merged_24309-ERSyto_e07.tif,s3://morphology_profiles/filtered_mp/24309-ERSytoBleed/merged_24309-ERSytoBleed_e07.tif,s3://morphology_profiles/filtered_mp/24309-Ph_golgi/merged_24309-Ph_golgi_e07.tif,s3://morphology_profiles/filtered_mp/24309-Mito/merged_24309-Mito_e07.tif
COc1ccc(C(Cl)=C(c2ccc(OC)cc2)c2ccc(OC)cc2)cc1,24309,F14,s3://morphology_profiles/filtered_mp/24309-Hoechst/merged_24309-Hoechst_f14.tif,s3://morphology_profiles/filtered_mp/24309-ERSyto/merged_24309-ERSyto_f14.tif,s3://morphology_profiles/filtered_mp/24309-ERSytoBleed/merged_24309-ERSytoBleed_f14.tif,s3://morphology_profiles/filtered_mp/24309-Ph_golgi/merged_24309-Ph_golgi_f14.tif,s3://morphology_profiles/filtered_mp/24309-Mito/merged_24309-Mito_f14.tif
C=C1/C(=C\C=C2/CCC[C@]3(C)[C@@H]([C@H](C)CCCC(C)(C)O)CC[C@@H]23)C[C@@H](O)C[C@@H]1O,24309,F21,s3://morphology_profiles/filtered_mp/24309-Hoechst/merged_24309-Hoechst_f21.tif,s3://morphology_profiles/filtered_mp/24309-ERSyto/merged_24309-ERSyto_f21.tif,s3://morphology_profiles/filtered_mp/24309-ERSytoBleed/merged_24309-ERSytoBleed_f21.tif,s3://morphology_profiles/filtered_mp/24309-Ph_golgi/merged_24309-Ph_golgi_f21.tif,s3://morphology_profiles/filtered_mp/24309-Mito/merged_24309-Mito_f21.tif
CC(=O)OCC1=C(C(=O)O)N2C(=O)[C@@H](N=C(O)Cc3cccs3)[C@H]2SC1,24309,G16,s3://morphology_profiles/filtered_mp/24309-Hoechst/merged_24309-Hoechst_g16.tif,s3://morphology_profiles/filtered_mp/24309-ERSyto/merged_24309-ERSyto_g16.tif,s3://morphology_profiles/filtered_mp/24309-ERSytoBleed/merged_24309-ERSytoBleed_g16.tif,s3://morphology_profiles/filtered_mp/24309-Ph_golgi/merged_24309-Ph_golgi_g16.tif,s3://morphology_profiles/filtered_mp/24309-Mito/merged_24309-Mito_g16.tif
CC(C)C(O)=Nc1ccc([N+](=O)[O-])c(C(F)(F)F)c1,24309,G17,s3://morphology_profiles/filtered_mp/24309-Hoechst/merged_24309-Hoechst_g17.tif,s3://morphology_profiles/filtered_mp/24309-ERSyto/merged_24309-ERSyto_g17.tif,s3://morphology_profiles/filtered_mp/24309-ERSytoBleed/merged_24309-ERSytoBleed_g17.tif,s3://morphology_profiles/filtered_mp/24309-Ph_golgi/merged_24309-Ph_golgi_g17.tif,s3://morphology_profiles/filtered_mp/24309-Mito/merged_24309-Mito_g17.tif
Cc1cc(NS(=O)(=O)c2ccc(N)cc2)no1,24309,G21,s3://morphology_profiles/filtered_mp/24309-Hoechst/merged_24309-Hoechst_g21.tif,s3://morphology_profiles/filtered_mp/24309-ERSyto/merged_24309-ERSyto_g21.tif,s3://morphology_profiles/filtered_mp/24309-ERSytoBleed/merged_24309-ERSytoBleed_g21.tif,s3://morphology_profiles/filtered_mp/24309-Ph_golgi/merged_24309-Ph_golgi_g21.tif,s3://morphology_profiles/filtered_mp/24309-Mito/merged_24309-Mito_g21.tif
CC(=O)N1CCN(c2ccc(OC[C@H]3CO[C@](Cn4ccnc4)(c4ccc(Cl)cc4Cl)O3)cc2)CC1,24309,H10,s3://morphology_profiles/filtered_mp/24309-Hoechst/merged_24309-Hoechst_h10.tif,s3://morphology_profiles/filtered_mp/24309-ERSyto/merged_24309-ERSyto_h10.tif,s3://morphology_profiles/filtered_mp/24309-ERSytoBleed/merged_24309-ERSytoBleed_h10.tif,s3://morphology_profiles/filtered_mp/24309-Ph_golgi/merged_24309-Ph_golgi_h10.tif,s3://morphology_profiles/filtered_mp/24309-Mito/merged_24309-Mito_h10.tif
Cc1cccc(N=c2cc[nH]cc2S(=O)(=O)NC(O)=NC(C)C)c1,24309,I3,s3://morphology_profiles/filtered_mp/24309-Hoechst/merged_24309-Hoechst_i03.tif,s3://morphology_profiles/filtered_mp/24309-ERSyto/merged_24309-ERSyto_i03.tif,s3://morphology_profiles/filtered_mp/24309-ERSytoBleed/merged_24309-ERSytoBleed_i03.tif,s3://morphology_profiles/filtered_mp/24309-Ph_golgi/merged_24309-Ph_golgi_i03.tif,s3://morphology_profiles/filtered_mp/24309-Mito/merged_24309-Mito_i03.tif
Cc1nnc(NS(=O)(=O)c2ccc(N)cc2)s1,24309,J2,s3://morphology_profiles/filtered_mp/24309-Hoechst/merged_24309-Hoechst_j02.tif,s3://morphology_profiles/filtered_mp/24309-ERSyto/merged_24309-ERSyto_j02.tif,s3://morphology_profiles/filtered_mp/24309-ERSytoBleed/merged_24309-ERSytoBleed_j02.tif,s3://morphology_profiles/filtered_mp/24309-Ph_golgi/merged_24309-Ph_golgi_j02.tif,s3://morphology_profiles/filtered_mp/24309-Mito/merged_24309-Mito_j02.tif
Nc1ccc(S(=O)(=O)Nc2ccc(Cl)nn2)cc1,24309,J13,s3://morphology_profiles/filtered_mp/24309-Hoechst/merged_24309-Hoechst_j13.tif,s3://morphology_profiles/filtered_mp/24309-ERSyto/merged_24309-ERSyto_j13.tif,s3://morphology_profiles/filtered_mp/24309-ERSytoBleed/merged_24309-ERSytoBleed_j13.tif,s3://morphology_profiles/filtered_mp/24309-Ph_golgi/merged_24309-Ph_golgi_j13.tif,s3://morphology_profiles/filtered_mp/24309-Mito/merged_24309-Mito_j13.tif
Nc1ccc(S(=O)(=O)Nc2ncccn2)cc1,24309,J18,s3://morphology_profiles/filtered_mp/24309-Hoechst/merged_24309-Hoechst_j18.tif,s3://morphology_profiles/filtered_mp/24309-ERSyto/merged_24309-ERSyto_j18.tif,s3://morphology_profiles/filtered_mp/24309-ERSytoBleed/merged_24309-ERSytoBleed_j18.tif,s3://morphology_profiles/filtered_mp/24309-Ph_golgi/merged_24309-Ph_golgi_j18.tif,s3://morphology_profiles/filtered_mp/24309-Mito/merged_24309-Mito_j18.tif
CCN(CC)C(=S)SSC(=S)N(CC)CC,24309,K6,s3://morphology_profiles/filtered_mp/24309-Hoechst/merged_24309-Hoechst_k06.tif,s3://morphology_profiles/filtered_mp/24309-ERSyto/merged_24309-ERSyto_k06.tif,s3://morphology_profiles/filtered_mp/24309-ERSytoBleed/merged_24309-ERSytoBleed_k06.tif,s3://morphology_profiles/filtered_mp/24309-Ph_golgi/merged_24309-Ph_golgi_k06.tif,s3://morphology_profiles/filtered_mp/24309-Mito/merged_24309-Mito_k06.tif
Cn1cnc([N+](=O)[O-])c1Sc1ncnc2[nH]cnc12,24309,K10,s3://morphology_profiles/filtered_mp/24309-Hoechst/merged_24309-Hoechst_k10.tif,s3://morphology_profiles/filtered_mp/24309-ERSyto/merged_24309-ERSyto_k10.tif,s3://morphology_profiles/filtered_mp/24309-ERSytoBleed/merged_24309-ERSytoBleed_k10.tif,s3://morphology_profiles/filtered_mp/24309-Ph_golgi/merged_24309-Ph_golgi_k10.tif,s3://morphology_profiles/filtered_mp/24309-Mito/merged_24309-Mito_k10.tif
CN=C(NC#N)NCCSCc1[nH]cnc1C,24309,L14,s3://morphology_profiles/filtered_mp/24309-Hoechst/merged_24309-Hoechst_l14.tif,s3://morphology_profiles/filtered_mp/24309-ERSyto/merged_24309-ERSyto_l14.tif,s3://morphology_profiles/filtered_mp/24309-ERSytoBleed/merged_24309-ERSytoBleed_l14.tif,s3://morphology_profiles/filtered_mp/24309-Ph_golgi/merged_24309-Ph_golgi_l14.tif,s3://morphology_profiles/filtered_mp/24309-Mito/merged_24309-Mito_l14.tif
COc1cc(C(O)=NCc2ccc(OCCN(C)C)cc2)cc(OC)c1OC,24309,L20,s3://morphology_profiles/filtered_mp/24309-Hoechst/merged_24309-Hoechst_l20.tif,s3://morphology_profiles/filtered_mp/24309-ERSyto/merged_24309-ERSyto_l20.tif,s3://morphology_profiles/filtered_mp/24309-ERSytoBleed/merged_24309-ERSytoBleed_l20.tif,s3://morphology_profiles/filtered_mp/24309-Ph_golgi/merged_24309-Ph_golgi_l20.tif,s3://morphology_profiles/filtered_mp/24309-Mito/merged_24309-Mito_l20.tif
NS(=O)(=O)c1cc2c(cc1C(F)(F)F)NCNS2(=O)=O,24309,N11,s3://morphology_profiles/filtered_mp/24309-Hoechst/merged_24309-Hoechst_n11.tif,s3://morphology_profiles/filtered_mp/24309-ERSyto/merged_24309-ERSyto_n11.tif,s3://morphology_profiles/filtered_mp/24309-ERSytoBleed/merged_24309-ERSytoBleed_n11.tif,s3://morphology_profiles/filtered_mp/24309-Ph_golgi/merged_24309-Ph_golgi_n11.tif,s3://morphology_profiles/filtered_mp/24309-Mito/merged_24309-Mito_n11.tif
COc1ccc(CCN2CCC(N=c3[nH]c4ccccc4n3Cc3ccc(F)cc3)CC2)cc1,24309,N18,s3://morphology_profiles/filtered_mp/24309-Hoechst/merged_24309-Hoechst_n18.tif,s3://morphology_profiles/filtered_mp/24309-ERSyto/merged_24309-ERSyto_n18.tif,s3://morphology_profiles/filtered_mp/24309-ERSytoBleed/merged_24309-ERSytoBleed_n18.tif,s3://morphology_profiles/filtered_mp/24309-Ph_golgi/merged_24309-Ph_golgi_n18.tif,s3://morphology_profiles/filtered_mp/24309-Mito/merged_24309-Mito_n18.tif
CC#C[C@]1(O)CC[C@H]2[C@@H]3CCC4=CC(=O)CCC4=C3[C@@H](c3ccc(N(C)C)cc3)C[C@@]21C,24309,N19,s3://morphology_profiles/filtered_mp/24309-Hoechst/merged_24309-Hoechst_n19.tif,s3://morphology_profiles/filtered_mp/24309-ERSyto/merged_24309-ERSyto_n19.tif,s3://morphology_profiles/filtered_mp/24309-ERSytoBleed/merged_24309-ERSytoBleed_n19.tif,s3://morphology_profiles/filtered_mp/24309-Ph_golgi/merged_24309-Ph_golgi_n19.tif,s3://morphology_profiles/filtered_mp/24309-Mito/merged_24309-Mito_n19.tif
CN1CCN(C2=Nc3cc(Cl)ccc3Nc3ccccc32)CC1,24309,N21,s3://morphology_profiles/filtered_mp/24309-Hoechst/merged_24309-Hoechst_n21.tif,s3://morphology_profiles/filtered_mp/24309-ERSyto/merged_24309-ERSyto_n21.tif,s3://morphology_profiles/filtered_mp/24309-ERSytoBleed/merged_24309-ERSytoBleed_n21.tif,s3://morphology_profiles/filtered_mp/24309-Ph_golgi/merged_24309-Ph_golgi_n21.tif,s3://morphology_profiles/filtered_mp/24309-Mito/merged_24309-Mito_n21.tif
Oc1c(Cl)cc(Cl)cc1Sc1cc(Cl)cc(Cl)c1O,24309,P5,s3://morphology_profiles/filtered_mp/24309-Hoechst/merged_24309-Hoechst_p05.tif,s3://morphology_profiles/filtered_mp/24309-ERSyto/merged_24309-ERSyto_p05.tif,s3://morphology_profiles/filtered_mp/24309-ERSytoBleed/merged_24309-ERSytoBleed_p05.tif,s3://morphology_profiles/filtered_mp/24309-Ph_golgi/merged_24309-Ph_golgi_p05.tif,s3://morphology_profiles/filtered_mp/24309-Mito/merged_24309-Mito_p05.tif
CC(=O)Oc1ccc(C(c2ccc(OC(C)=O)cc2)c2ccccn2)cc1,24309,P19,s3://morphology_profiles/filtered_mp/24309-Hoechst/merged_24309-Hoechst_p19.tif,s3://morphology_profiles/filtered_mp/24309-ERSyto/merged_24309-ERSyto_p19.tif,s3://morphology_profiles/filtered_mp/24309-ERSytoBleed/merged_24309-ERSytoBleed_p19.tif,s3://morphology_profiles/filtered_mp/24309-Ph_golgi/merged_24309-Ph_golgi_p19.tif,s3://morphology_profiles/filtered_mp/24309-Mito/merged_24309-Mito_p19.tif
Nc1ccc(S(=O)(=O)Nc2ccccn2)cc1,24310,A9,s3://morphology_profiles/filtered_mp/24310-Hoechst/merged_24310-Hoechst_a09.tif,s3://morphology_profiles/filtered_mp/24310-ERSyto/merged_24310-ERSyto_a09.tif,s3://morphology_profiles/filtered_mp/24310-ERSytoBleed/merged_24310-ERSytoBleed_a09.tif,s3://morphology_profiles/filtered_mp/24310-Ph_golgi/merged_24310-Ph_golgi_a09.tif,s3://morphology_profiles/filtered_mp/24310-Mito/merged_24310-Mito_a09.tif
CC(O)=Nc1ccc(O)cc1,24310,A12,s3://morphology_profiles/filtered_mp/24310-Hoechst/merged_24310-Hoechst_a12.tif,s3://morphology_profiles/filtered_mp/24310-ERSyto/merged_24310-ERSyto_a12.tif,s3://morphology_profiles/filtered_mp/24310-ERSytoBleed/merged_24310-ERSytoBleed_a12.tif,s3://morphology_profiles/filtered_mp/24310-Ph_golgi/merged_24310-Ph_golgi_a12.tif,s3://morphology_profiles/filtered_mp/24310-Mito/merged_24310-Mito_a12.tif
CC(O)=Nc1nnc(S(N)(=O)=O)s1,24310,C2,s3://morphology_profiles/filtered_mp/24310-Hoechst/merged_24310-Hoechst_c02.tif,s3://morphology_profiles/filtered_mp/24310-ERSyto/merged_24310-ERSyto_c02.tif,s3://morphology_profiles/filtered_mp/24310-ERSytoBleed/merged_24310-ERSytoBleed_c02.tif,s3://morphology_profiles/filtered_mp/24310-Ph_golgi/merged_24310-Ph_golgi_c02.tif,s3://morphology_profiles/filtered_mp/24310-Mito/merged_24310-Mito_c02.tif
CC/C(=C(/CC)c1ccc(O)cc1)c1ccc(O)cc1,24310,D5,s3://morphology_profiles/filtered_mp/24310-Hoechst/merged_24310-Hoechst_d05.tif,s3://morphology_profiles/filtered_mp/24310-ERSyto/merged_24310-ERSyto_d05.tif,s3://morphology_profiles/filtered_mp/24310-ERSytoBleed/merged_24310-ERSytoBleed_d05.tif,s3://morphology_profiles/filtered_mp/24310-Ph_golgi/merged_24310-Ph_golgi_d05.tif,s3://morphology_profiles/filtered_mp/24310-Mito/merged_24310-Mito_d05.tif
CCN(CC)C(=O)N1CCN(C)CC1,24310,D13,s3://morphology_profiles/filtered_mp/24310-Hoechst/merged_24310-Hoechst_d13.tif,s3://morphology_profiles/filtered_mp/24310-ERSyto/merged_24310-ERSyto_d13.tif,s3://morphology_profiles/filtered_mp/24310-ERSytoBleed/merged_24310-ERSytoBleed_d13.tif,s3://morphology_profiles/filtered_mp/24310-Ph_golgi/merged_24310-Ph_golgi_d13.tif,s3://morphology_profiles/filtered_mp/24310-Mito/merged_24310-Mito_d13.tif
CCOC(=O)O[C@]1(C(=O)COC(=O)CC)CC[C@H]2[C@@H]3CCC4=CC(=O)C=C[C@]4(C)[C@H]3[C@@H](O)C[C@@]21C,24310,D20,s3://morphology_profiles/filtered_mp/24310-Hoechst/merged_24310-Hoechst_d20.tif,s3://morphology_profiles/filtered_mp/24310-ERSyto/merged_24310-ERSyto_d20.tif,s3://morphology_profiles/filtered_mp/24310-ERSytoBleed/merged_24310-ERSytoBleed_d20.tif,s3://morphology_profiles/filtered_mp/24310-Ph_golgi/merged_24310-Ph_golgi_d20.tif,s3://morphology_profiles/filtered_mp/24310-Mito/merged_24310-Mito_d20.tif
CC(C)OC(=O)C(C)(C)Oc1ccc(C(=O)c2ccc(Cl)cc2)cc1,24310,H22,s3://morphology_profiles/filtered_mp/24310-Hoechst/merged_24310-Hoechst_h22.tif,s3://morphology_profiles/filtered_mp/24310-ERSyto/merged_24310-ERSyto_h22.tif,s3://morphology_profiles/filtered_mp/24310-ERSytoBleed/merged_24310-ERSytoBleed_h22.tif,s3://morphology_profiles/filtered_mp/24310-Ph_golgi/merged_24310-Ph_golgi_h22.tif,s3://morphology_profiles/filtered_mp/24310-Mito/merged_24310-Mito_h22.tif
Cc1noc(NS(=O)(=O)c2ccc(N)cc2)c1C,24310,I10,s3://morphology_profiles/filtered_mp/24310-Hoechst/merged_24310-Hoechst_i10.tif,s3://morphology_profiles/filtered_mp/24310-ERSyto/merged_24310-ERSyto_i10.tif,s3://morphology_profiles/filtered_mp/24310-ERSytoBleed/merged_24310-ERSytoBleed_i10.tif,s3://morphology_profiles/filtered_mp/24310-Ph_golgi/merged_24310-Ph_golgi_i10.tif,s3://morphology_profiles/filtered_mp/24310-Mito/merged_24310-Mito_i10.tif
Cc1ncc([N+](=O)[O-])n1CCO,24310,J7,s3://morphology_profiles/filtered_mp/24310-Hoechst/merged_24310-Hoechst_j07.tif,s3://morphology_profiles/filtered_mp/24310-ERSyto/merged_24310-ERSyto_j07.tif,s3://morphology_profiles/filtered_mp/24310-ERSytoBleed/merged_24310-ERSytoBleed_j07.tif,s3://morphology_profiles/filtered_mp/24310-Ph_golgi/merged_24310-Ph_golgi_j07.tif,s3://morphology_profiles/filtered_mp/24310-Mito/merged_24310-Mito_j07.tif
Cc1cc2cc3c(C)cc(=O)oc3c(C)c2o1,24310,L17,s3://morphology_profiles/filtered_mp/24310-Hoechst/merged_24310-Hoechst_l17.tif,s3://morphology_profiles/filtered_mp/24310-ERSyto/merged_24310-ERSyto_l17.tif,s3://morphology_profiles/filtered_mp/24310-ERSytoBleed/merged_24310-ERSytoBleed_l17.tif,s3://morphology_profiles/filtered_mp/24310-Ph_golgi/merged_24310-Ph_golgi_l17.tif,s3://morphology_profiles/filtered_mp/24310-Mito/merged_24310-Mito_l17.tif
CN(C(=O)CN(CCO)CC(=O)N(C)C(C)(C)Cc1ccccc1)C(C)(C)Cc1ccccc1,24310,N7,s3://morphology_profiles/filtered_mp/24310-Hoechst/merged_24310-Hoechst_n07.tif,s3://morphology_profiles/filtered_mp/24310-ERSyto/merged_24310-ERSyto_n07.tif,s3://morphology_profiles/filtered_mp/24310-ERSytoBleed/merged_24310-ERSytoBleed_n07.tif,s3://morphology_profiles/filtered_mp/24310-Ph_golgi/merged_24310-Ph_golgi_n07.tif,s3://morphology_profiles/filtered_mp/24310-Mito/merged_24310-Mito_n07.tif
CC(=O)CCCCn1c(=O)c2c(ncn2C)n(C)c1=O,24310,N19,s3://morphology_profiles/filtered_mp/24310-Hoechst/merged_24310-Hoechst_n19.tif,s3://morphology_profiles/filtered_mp/24310-ERSyto/merged_24310-ERSyto_n19.tif,s3://morphology_profiles/filtered_mp/24310-ERSytoBleed/merged_24310-ERSytoBleed_n19.tif,s3://morphology_profiles/filtered_mp/24310-Ph_golgi/merged_24310-Ph_golgi_n19.tif,s3://morphology_profiles/filtered_mp/24310-Mito/merged_24310-Mito_n19.tif
C1CCc2nnnn2CC1,24310,N21,s3://morphology_profiles/filtered_mp/24310-Hoechst/merged_24310-Hoechst_n21.tif,s3://morphology_profiles/filtered_mp/24310-ERSyto/merged_24310-ERSyto_n21.tif,s3://morphology_profiles/filtered_mp/24310-ERSytoBleed/merged_24310-ERSytoBleed_n21.tif,s3://morphology_profiles/filtered_mp/24310-Ph_golgi/merged_24310-Ph_golgi_n21.tif,s3://morphology_profiles/filtered_mp/24310-Mito/merged_24310-Mito_n21.tif
CC1=C2[C@H]3OC(=O)[C@@H](C)[C@@H]3CC[C@@]2(C)C=CC1=O,24310,O7,s3://morphology_profiles/filtered_mp/24310-Hoechst/merged_24310-Hoechst_o07.tif,s3://morphology_profiles/filtered_mp/24310-ERSyto/merged_24310-ERSyto_o07.tif,s3://morphology_profiles/filtered_mp/24310-ERSytoBleed/merged_24310-ERSytoBleed_o07.tif,s3://morphology_profiles/filtered_mp/24310-Ph_golgi/merged_24310-Ph_golgi_o07.tif,s3://morphology_profiles/filtered_mp/24310-Mito/merged_24310-Mito_o07.tif
COc1ccc2cc([C@H](C)C(=O)O)ccc2c1,24310,O16,s3://morphology_profiles/filtered_mp/24310-Hoechst/merged_24310-Hoechst_o16.tif,s3://morphology_profiles/filtered_mp/24310-ERSyto/merged_24310-ERSyto_o16.tif,s3://morphology_profiles/filtered_mp/24310-ERSytoBleed/merged_24310-ERSytoBleed_o16.tif,s3://morphology_profiles/filtered_mp/24310-Ph_golgi/merged_24310-Ph_golgi_o16.tif,s3://morphology_profiles/filtered_mp/24310-Mito/merged_24310-Mito_o16.tif
Nc1ccc(S(=O)(=O)Nc2ccccn2)cc1,24311,A9,s3://morphology_profiles/filtered_mp/24311-Hoechst/merged_24311-Hoechst_a09.tif,s3://morphology_profiles/filtered_mp/24311-ERSyto/merged_24311-ERSyto_a09.tif,s3://morphology_profiles/filtered_mp/24311-ERSytoBleed/merged_24311-ERSytoBleed_a09.tif,s3://morphology_profiles/filtered_mp/24311-Ph_golgi/merged_24311-Ph_golgi_a09.tif,s3://morphology_profiles/filtered_mp/24311-Mito/merged_24311-Mito_a09.tif
CC(O)=Nc1ccc(O)cc1,24311,A12,s3://morphology_profiles/filtered_mp/24311-Hoechst/merged_24311-Hoechst_a12.tif,s3://morphology_profiles/filtered_mp/24311-ERSyto/merged_24311-ERSyto_a12.tif,s3://morphology_profiles/filtered_mp/24311-ERSytoBleed/merged_24311-ERSytoBleed_a12.tif,s3://morphology_profiles/filtered_mp/24311-Ph_golgi/merged_24311-Ph_golgi_a12.tif,s3://morphology_profiles/filtered_mp/24311-Mito/merged_24311-Mito_a12.tif
CC(O)=Nc1nnc(S(N)(=O)=O)s1,24311,C2,s3://morphology_profiles/filtered_mp/24311-Hoechst/merged_24311-Hoechst_c02.tif,s3://morphology_profiles/filtered_mp/24311-ERSyto/merged_24311-ERSyto_c02.tif,s3://morphology_profiles/filtered_mp/24311-ERSytoBleed/merged_24311-ERSytoBleed_c02.tif,s3://morphology_profiles/filtered_mp/24311-Ph_golgi/merged_24311-Ph_golgi_c02.tif,s3://morphology_profiles/filtered_mp/24311-Mito/merged_24311-Mito_c02.tif
CC/C(=C(/CC)c1ccc(O)cc1)c1ccc(O)cc1,24311,D5,s3://morphology_profiles/filtered_mp/24311-Hoechst/merged_24311-Hoechst_d05.tif,s3://morphology_profiles/filtered_mp/24311-ERSyto/merged_24311-ERSyto_d05.tif,s3://morphology_profiles/filtered_mp/24311-ERSytoBleed/merged_24311-ERSytoBleed_d05.tif,s3://morphology_profiles/filtered_mp/24311-Ph_golgi/merged_24311-Ph_golgi_d05.tif,s3://morphology_profiles/filtered_mp/24311-Mito/merged_24311-Mito_d05.tif
CCN(CC)C(=O)N1CCN(C)CC1,24311,D13,s3://morphology_profiles/filtered_mp/24311-Hoechst/merged_24311-Hoechst_d13.tif,s3://morphology_profiles/filtered_mp/24311-ERSyto/merged_24311-ERSyto_d13.tif,s3://morphology_profiles/filtered_mp/24311-ERSytoBleed/merged_24311-ERSytoBleed_d13.tif,s3://morphology_profiles/filtered_mp/24311-Ph_golgi/merged_24311-Ph_golgi_d13.tif,s3://morphology_profiles/filtered_mp/24311-Mito/merged_24311-Mito_d13.tif
CCOC(=O)O[C@]1(C(=O)COC(=O)CC)CC[C@H]2[C@@H]3CCC4=CC(=O)C=C[C@]4(C)[C@H]3[C@@H](O)C[C@@]21C,24311,D20,s3://morphology_profiles/filtered_mp/24311-Hoechst/merged_24311-Hoechst_d20.tif,s3://morphology_profiles/filtered_mp/24311-ERSyto/merged_24311-ERSyto_d20.tif,s3://morphology_profiles/filtered_mp/24311-ERSytoBleed/merged_24311-ERSytoBleed_d20.tif,s3://morphology_profiles/filtered_mp/24311-Ph_golgi/merged_24311-Ph_golgi_d20.tif,s3://morphology_profiles/filtered_mp/24311-Mito/merged_24311-Mito_d20.tif
CC(C)OC(=O)C(C)(C)Oc1ccc(C(=O)c2ccc(Cl)cc2)cc1,24311,H22,s3://morphology_profiles/filtered_mp/24311-Hoechst/merged_24311-Hoechst_h22.tif,s3://morphology_profiles/filtered_mp/24311-ERSyto/merged_24311-ERSyto_h22.tif,s3://morphology_profiles/filtered_mp/24311-ERSytoBleed/merged_24311-ERSytoBleed_h22.tif,s3://morphology_profiles/filtered_mp/24311-Ph_golgi/merged_24311-Ph_golgi_h22.tif,s3://morphology_profiles/filtered_mp/24311-Mito/merged_24311-Mito_h22.tif
Cc1noc(NS(=O)(=O)c2ccc(N)cc2)c1C,24311,I10,s3://morphology_profiles/filtered_mp/24311-Hoechst/merged_24311-Hoechst_i10.tif,s3://morphology_profiles/filtered_mp/24311-ERSyto/merged_24311-ERSyto_i10.tif,s3://morphology_profiles/filtered_mp/24311-ERSytoBleed/merged_24311-ERSytoBleed_i10.tif,s3://morphology_profiles/filtered_mp/24311-Ph_golgi/merged_24311-Ph_golgi_i10.tif,s3://morphology_profiles/filtered_mp/24311-Mito/merged_24311-Mito_i10.tif
Cc1ncc([N+](=O)[O-])n1CCO,24311,J7,s3://morphology_profiles/filtered_mp/24311-Hoechst/merged_24311-Hoechst_j07.tif,s3://morphology_profiles/filtered_mp/24311-ERSyto/merged_24311-ERSyto_j07.tif,s3://morphology_profiles/filtered_mp/24311-ERSytoBleed/merged_24311-ERSytoBleed_j07.tif,s3://morphology_profiles/filtered_mp/24311-Ph_golgi/merged_24311-Ph_golgi_j07.tif,s3://morphology_profiles/filtered_mp/24311-Mito/merged_24311-Mito_j07.tif
Cc1cc2cc3c(C)cc(=O)oc3c(C)c2o1,24311,L17,s3://morphology_profiles/filtered_mp/24311-Hoechst/merged_24311-Hoechst_l17.tif,s3://morphology_profiles/filtered_mp/24311-ERSyto/merged_24311-ERSyto_l17.tif,s3://morphology_profiles/filtered_mp/24311-ERSytoBleed/merged_24311-ERSytoBleed_l17.tif,s3://morphology_profiles/filtered_mp/24311-Ph_golgi/merged_24311-Ph_golgi_l17.tif,s3://morphology_profiles/filtered_mp/24311-Mito/merged_24311-Mito_l17.tif
CN(C(=O)CN(CCO)CC(=O)N(C)C(C)(C)Cc1ccccc1)C(C)(C)Cc1ccccc1,24311,N7,s3://morphology_profiles/filtered_mp/24311-Hoechst/merged_24311-Hoechst_n07.tif,s3://morphology_profiles/filtered_mp/24311-ERSyto/merged_24311-ERSyto_n07.tif,s3://morphology_profiles/filtered_mp/24311-ERSytoBleed/merged_24311-ERSytoBleed_n07.tif,s3://morphology_profiles/filtered_mp/24311-Ph_golgi/merged_24311-Ph_golgi_n07.tif,s3://morphology_profiles/filtered_mp/24311-Mito/merged_24311-Mito_n07.tif
CC(=O)CCCCn1c(=O)c2c(ncn2C)n(C)c1=O,24311,N19,s3://morphology_profiles/filtered_mp/24311-Hoechst/merged_24311-Hoechst_n19.tif,s3://morphology_profiles/filtered_mp/24311-ERSyto/merged_24311-ERSyto_n19.tif,s3://morphology_profiles/filtered_mp/24311-ERSytoBleed/merged_24311-ERSytoBleed_n19.tif,s3://morphology_profiles/filtered_mp/24311-Ph_golgi/merged_24311-Ph_golgi_n19.tif,s3://morphology_profiles/filtered_mp/24311-Mito/merged_24311-Mito_n19.tif
C1CCc2nnnn2CC1,24311,N21,s3://morphology_profiles/filtered_mp/24311-Hoechst/merged_24311-Hoechst_n21.tif,s3://morphology_profiles/filtered_mp/24311-ERSyto/merged_24311-ERSyto_n21.tif,s3://morphology_profiles/filtered_mp/24311-ERSytoBleed/merged_24311-ERSytoBleed_n21.tif,s3://morphology_profiles/filtered_mp/24311-Ph_golgi/merged_24311-Ph_golgi_n21.tif,s3://morphology_profiles/filtered_mp/24311-Mito/merged_24311-Mito_n21.tif
CC1=C2[C@H]3OC(=O)[C@@H](C)[C@@H]3CC[C@@]2(C)C=CC1=O,24311,O7,s3://morphology_profiles/filtered_mp/24311-Hoechst/merged_24311-Hoechst_o07.tif,s3://morphology_profiles/filtered_mp/24311-ERSyto/merged_24311-ERSyto_o07.tif,s3://morphology_profiles/filtered_mp/24311-ERSytoBleed/merged_24311-ERSytoBleed_o07.tif,s3://morphology_profiles/filtered_mp/24311-Ph_golgi/merged_24311-Ph_golgi_o07.tif,s3://morphology_profiles/filtered_mp/24311-Mito/merged_24311-Mito_o07.tif
COc1ccc2cc([C@H](C)C(=O)O)ccc2c1,24311,O16,s3://morphology_profiles/filtered_mp/24311-Hoechst/merged_24311-Hoechst_o16.tif,s3://morphology_profiles/filtered_mp/24311-ERSyto/merged_24311-ERSyto_o16.tif,s3://morphology_profiles/filtered_mp/24311-ERSytoBleed/merged_24311-ERSytoBleed_o16.tif,s3://morphology_profiles/filtered_mp/24311-Ph_golgi/merged_24311-Ph_golgi_o16.tif,s3://morphology_profiles/filtered_mp/24311-Mito/merged_24311-Mito_o16.tif
Nc1ccc(S(=O)(=O)Nc2ccccn2)cc1,24312,A9,s3://morphology_profiles/filtered_mp/24312-Hoechst/merged_24312-Hoechst_a09.tif,s3://morphology_profiles/filtered_mp/24312-ERSyto/merged_24312-ERSyto_a09.tif,s3://morphology_profiles/filtered_mp/24312-ERSytoBleed/merged_24312-ERSytoBleed_a09.tif,s3://morphology_profiles/filtered_mp/24312-Ph_golgi/merged_24312-Ph_golgi_a09.tif,s3://morphology_profiles/filtered_mp/24312-Mito/merged_24312-Mito_a09.tif
CC(O)=Nc1ccc(O)cc1,24312,A12,s3://morphology_profiles/filtered_mp/24312-Hoechst/merged_24312-Hoechst_a12.tif,s3://morphology_profiles/filtered_mp/24312-ERSyto/merged_24312-ERSyto_a12.tif,s3://morphology_profiles/filtered_mp/24312-ERSytoBleed/merged_24312-ERSytoBleed_a12.tif,s3://morphology_profiles/filtered_mp/24312-Ph_golgi/merged_24312-Ph_golgi_a12.tif,s3://morphology_profiles/filtered_mp/24312-Mito/merged_24312-Mito_a12.tif
CC(O)=Nc1nnc(S(N)(=O)=O)s1,24312,C2,s3://morphology_profiles/filtered_mp/24312-Hoechst/merged_24312-Hoechst_c02.tif,s3://morphology_profiles/filtered_mp/24312-ERSyto/merged_24312-ERSyto_c02.tif,s3://morphology_profiles/filtered_mp/24312-ERSytoBleed/merged_24312-ERSytoBleed_c02.tif,s3://morphology_profiles/filtered_mp/24312-Ph_golgi/merged_24312-Ph_golgi_c02.tif,s3://morphology_profiles/filtered_mp/24312-Mito/merged_24312-Mito_c02.tif
CC/C(=C(/CC)c1ccc(O)cc1)c1ccc(O)cc1,24312,D5,s3://morphology_profiles/filtered_mp/24312-Hoechst/merged_24312-Hoechst_d05.tif,s3://morphology_profiles/filtered_mp/24312-ERSyto/merged_24312-ERSyto_d05.tif,s3://morphology_profiles/filtered_mp/24312-ERSytoBleed/merged_24312-ERSytoBleed_d05.tif,s3://morphology_profiles/filtered_mp/24312-Ph_golgi/merged_24312-Ph_golgi_d05.tif,s3://morphology_profiles/filtered_mp/24312-Mito/merged_24312-Mito_d05.tif
CCN(CC)C(=O)N1CCN(C)CC1,24312,D13,s3://morphology_profiles/filtered_mp/24312-Hoechst/merged_24312-Hoechst_d13.tif,s3://morphology_profiles/filtered_mp/24312-ERSyto/merged_24312-ERSyto_d13.tif,s3://morphology_profiles/filtered_mp/24312-ERSytoBleed/merged_24312-ERSytoBleed_d13.tif,s3://morphology_profiles/filtered_mp/24312-Ph_golgi/merged_24312-Ph_golgi_d13.tif,s3://morphology_profiles/filtered_mp/24312-Mito/merged_24312-Mito_d13.tif
CCOC(=O)O[C@]1(C(=O)COC(=O)CC)CC[C@H]2[C@@H]3CCC4=CC(=O)C=C[C@]4(C)[C@H]3[C@@H](O)C[C@@]21C,24312,D20,s3://morphology_profiles/filtered_mp/24312-Hoechst/merged_24312-Hoechst_d20.tif,s3://morphology_profiles/filtered_mp/24312-ERSyto/merged_24312-ERSyto_d20.tif,s3://morphology_profiles/filtered_mp/24312-ERSytoBleed/merged_24312-ERSytoBleed_d20.tif,s3://morphology_profiles/filtered_mp/24312-Ph_golgi/merged_24312-Ph_golgi_d20.tif,s3://morphology_profiles/filtered_mp/24312-Mito/merged_24312-Mito_d20.tif
CC(C)OC(=O)C(C)(C)Oc1ccc(C(=O)c2ccc(Cl)cc2)cc1,24312,H22,s3://morphology_profiles/filtered_mp/24312-Hoechst/merged_24312-Hoechst_h22.tif,s3://morphology_profiles/filtered_mp/24312-ERSyto/merged_24312-ERSyto_h22.tif,s3://morphology_profiles/filtered_mp/24312-ERSytoBleed/merged_24312-ERSytoBleed_h22.tif,s3://morphology_profiles/filtered_mp/24312-Ph_golgi/merged_24312-Ph_golgi_h22.tif,s3://morphology_profiles/filtered_mp/24312-Mito/merged_24312-Mito_h22.tif
Cc1noc(NS(=O)(=O)c2ccc(N)cc2)c1C,24312,I10,s3://morphology_profiles/filtered_mp/24312-Hoechst/merged_24312-Hoechst_i10.tif,s3://morphology_profiles/filtered_mp/24312-ERSyto/merged_24312-ERSyto_i10.tif,s3://morphology_profiles/filtered_mp/24312-ERSytoBleed/merged_24312-ERSytoBleed_i10.tif,s3://morphology_profiles/filtered_mp/24312-Ph_golgi/merged_24312-Ph_golgi_i10.tif,s3://morphology_profiles/filtered_mp/24312-Mito/merged_24312-Mito_i10.tif
Cc1ncc([N+](=O)[O-])n1CCO,24312,J7,s3://morphology_profiles/filtered_mp/24312-Hoechst/merged_24312-Hoechst_j07.tif,s3://morphology_profiles/filtered_mp/24312-ERSyto/merged_24312-ERSyto_j07.tif,s3://morphology_profiles/filtered_mp/24312-ERSytoBleed/merged_24312-ERSytoBleed_j07.tif,s3://morphology_profiles/filtered_mp/24312-Ph_golgi/merged_24312-Ph_golgi_j07.tif,s3://morphology_profiles/filtered_mp/24312-Mito/merged_24312-Mito_j07.tif
Cc1cc2cc3c(C)cc(=O)oc3c(C)c2o1,24312,L17,s3://morphology_profiles/filtered_mp/24312-Hoechst/merged_24312-Hoechst_l17.tif,s3://morphology_profiles/filtered_mp/24312-ERSyto/merged_24312-ERSyto_l17.tif,s3://morphology_profiles/filtered_mp/24312-ERSytoBleed/merged_24312-ERSytoBleed_l17.tif,s3://morphology_profiles/filtered_mp/24312-Ph_golgi/merged_24312-Ph_golgi_l17.tif,s3://morphology_profiles/filtered_mp/24312-Mito/merged_24312-Mito_l17.tif
CN(C(=O)CN(CCO)CC(=O)N(C)C(C)(C)Cc1ccccc1)C(C)(C)Cc1ccccc1,24312,N7,s3://morphology_profiles/filtered_mp/24312-Hoechst/merged_24312-Hoechst_n07.tif,s3://morphology_profiles/filtered_mp/24312-ERSyto/merged_24312-ERSyto_n07.tif,s3://morphology_profiles/filtered_mp/24312-ERSytoBleed/merged_24312-ERSytoBleed_n07.tif,s3://morphology_profiles/filtered_mp/24312-Ph_golgi/merged_24312-Ph_golgi_n07.tif,s3://morphology_profiles/filtered_mp/24312-Mito/merged_24312-Mito_n07.tif
CC(=O)CCCCn1c(=O)c2c(ncn2C)n(C)c1=O,24312,N19,s3://morphology_profiles/filtered_mp/24312-Hoechst/merged_24312-Hoechst_n19.tif,s3://morphology_profiles/filtered_mp/24312-ERSyto/merged_24312-ERSyto_n19.tif,s3://morphology_profiles/filtered_mp/24312-ERSytoBleed/merged_24312-ERSytoBleed_n19.tif,s3://morphology_profiles/filtered_mp/24312-Ph_golgi/merged_24312-Ph_golgi_n19.tif,s3://morphology_profiles/filtered_mp/24312-Mito/merged_24312-Mito_n19.tif
C1CCc2nnnn2CC1,24312,N21,s3://morphology_profiles/filtered_mp/24312-Hoechst/merged_24312-Hoechst_n21.tif,s3://morphology_profiles/filtered_mp/24312-ERSyto/merged_24312-ERSyto_n21.tif,s3://morphology_profiles/filtered_mp/24312-ERSytoBleed/merged_24312-ERSytoBleed_n21.tif,s3://morphology_profiles/filtered_mp/24312-Ph_golgi/merged_24312-Ph_golgi_n21.tif,s3://morphology_profiles/filtered_mp/24312-Mito/merged_24312-Mito_n21.tif
CC1=C2[C@H]3OC(=O)[C@@H](C)[C@@H]3CC[C@@]2(C)C=CC1=O,24312,O7,s3://morphology_profiles/filtered_mp/24312-Hoechst/merged_24312-Hoechst_o07.tif,s3://morphology_profiles/filtered_mp/24312-ERSyto/merged_24312-ERSyto_o07.tif,s3://morphology_profiles/filtered_mp/24312-ERSytoBleed/merged_24312-ERSytoBleed_o07.tif,s3://morphology_profiles/filtered_mp/24312-Ph_golgi/merged_24312-Ph_golgi_o07.tif,s3://morphology_profiles/filtered_mp/24312-Mito/merged_24312-Mito_o07.tif
COc1ccc2cc([C@H](C)C(=O)O)ccc2c1,24312,O16,s3://morphology_profiles/filtered_mp/24312-Hoechst/merged_24312-Hoechst_o16.tif,s3://morphology_profiles/filtered_mp/24312-ERSyto/merged_24312-ERSyto_o16.tif,s3://morphology_profiles/filtered_mp/24312-ERSytoBleed/merged_24312-ERSytoBleed_o16.tif,s3://morphology_profiles/filtered_mp/24312-Ph_golgi/merged_24312-Ph_golgi_o16.tif,s3://morphology_profiles/filtered_mp/24312-Mito/merged_24312-Mito_o16.tif
Nc1ccc(S(=O)(=O)Nc2ccccn2)cc1,24313,A9,s3://morphology_profiles/filtered_mp/24313-Hoechst/merged_24313-Hoechst_a09.tif,s3://morphology_profiles/filtered_mp/24313-ERSyto/merged_24313-ERSyto_a09.tif,s3://morphology_profiles/filtered_mp/24313-ERSytoBleed/merged_24313-ERSytoBleed_a09.tif,s3://morphology_profiles/filtered_mp/24313-Ph_golgi/merged_24313-Ph_golgi_a09.tif,s3://morphology_profiles/filtered_mp/24313-Mito/merged_24313-Mito_a09.tif
CC(O)=Nc1ccc(O)cc1,24313,A12,s3://morphology_profiles/filtered_mp/24313-Hoechst/merged_24313-Hoechst_a12.tif,s3://morphology_profiles/filtered_mp/24313-ERSyto/merged_24313-ERSyto_a12.tif,s3://morphology_profiles/filtered_mp/24313-ERSytoBleed/merged_24313-ERSytoBleed_a12.tif,s3://morphology_profiles/filtered_mp/24313-Ph_golgi/merged_24313-Ph_golgi_a12.tif,s3://morphology_profiles/filtered_mp/24313-Mito/merged_24313-Mito_a12.tif
CC(O)=Nc1nnc(S(N)(=O)=O)s1,24313,C2,s3://morphology_profiles/filtered_mp/24313-Hoechst/merged_24313-Hoechst_c02.tif,s3://morphology_profiles/filtered_mp/24313-ERSyto/merged_24313-ERSyto_c02.tif,s3://morphology_profiles/filtered_mp/24313-ERSytoBleed/merged_24313-ERSytoBleed_c02.tif,s3://morphology_profiles/filtered_mp/24313-Ph_golgi/merged_24313-Ph_golgi_c02.tif,s3://morphology_profiles/filtered_mp/24313-Mito/merged_24313-Mito_c02.tif
CC/C(=C(/CC)c1ccc(O)cc1)c1ccc(O)cc1,24313,D5,s3://morphology_profiles/filtered_mp/24313-Hoechst/merged_24313-Hoechst_d05.tif,s3://morphology_profiles/filtered_mp/24313-ERSyto/merged_24313-ERSyto_d05.tif,s3://morphology_profiles/filtered_mp/24313-ERSytoBleed/merged_24313-ERSytoBleed_d05.tif,s3://morphology_profiles/filtered_mp/24313-Ph_golgi/merged_24313-Ph_golgi_d05.tif,s3://morphology_profiles/filtered_mp/24313-Mito/merged_24313-Mito_d05.tif
CCN(CC)C(=O)N1CCN(C)CC1,24313,D13,s3://morphology_profiles/filtered_mp/24313-Hoechst/merged_24313-Hoechst_d13.tif,s3://morphology_profiles/filtered_mp/24313-ERSyto/merged_24313-ERSyto_d13.tif,s3://morphology_profiles/filtered_mp/24313-ERSytoBleed/merged_24313-ERSytoBleed_d13.tif,s3://morphology_profiles/filtered_mp/24313-Ph_golgi/merged_24313-Ph_golgi_d13.tif,s3://morphology_profiles/filtered_mp/24313-Mito/merged_24313-Mito_d13.tif
CCOC(=O)O[C@]1(C(=O)COC(=O)CC)CC[C@H]2[C@@H]3CCC4=CC(=O)C=C[C@]4(C)[C@H]3[C@@H](O)C[C@@]21C,24313,D20,s3://morphology_profiles/filtered_mp/24313-Hoechst/merged_24313-Hoechst_d20.tif,s3://morphology_profiles/filtered_mp/24313-ERSyto/merged_24313-ERSyto_d20.tif,s3://morphology_profiles/filtered_mp/24313-ERSytoBleed/merged_24313-ERSytoBleed_d20.tif,s3://morphology_profiles/filtered_mp/24313-Ph_golgi/merged_24313-Ph_golgi_d20.tif,s3://morphology_profiles/filtered_mp/24313-Mito/merged_24313-Mito_d20.tif
CC(C)OC(=O)C(C)(C)Oc1ccc(C(=O)c2ccc(Cl)cc2)cc1,24313,H22,s3://morphology_profiles/filtered_mp/24313-Hoechst/merged_24313-Hoechst_h22.tif,s3://morphology_profiles/filtered_mp/24313-ERSyto/merged_24313-ERSyto_h22.tif,s3://morphology_profiles/filtered_mp/24313-ERSytoBleed/merged_24313-ERSytoBleed_h22.tif,s3://morphology_profiles/filtered_mp/24313-Ph_golgi/merged_24313-Ph_golgi_h22.tif,s3://morphology_profiles/filtered_mp/24313-Mito/merged_24313-Mito_h22.tif
Cc1noc(NS(=O)(=O)c2ccc(N)cc2)c1C,24313,I10,s3://morphology_profiles/filtered_mp/24313-Hoechst/merged_24313-Hoechst_i10.tif,s3://morphology_profiles/filtered_mp/24313-ERSyto/merged_24313-ERSyto_i10.tif,s3://morphology_profiles/filtered_mp/24313-ERSytoBleed/merged_24313-ERSytoBleed_i10.tif,s3://morphology_profiles/filtered_mp/24313-Ph_golgi/merged_24313-Ph_golgi_i10.tif,s3://morphology_profiles/filtered_mp/24313-Mito/merged_24313-Mito_i10.tif
Cc1ncc([N+](=O)[O-])n1CCO,24313,J7,s3://morphology_profiles/filtered_mp/24313-Hoechst/merged_24313-Hoechst_j07.tif,s3://morphology_profiles/filtered_mp/24313-ERSyto/merged_24313-ERSyto_j07.tif,s3://morphology_profiles/filtered_mp/24313-ERSytoBleed/merged_24313-ERSytoBleed_j07.tif,s3://morphology_profiles/filtered_mp/24313-Ph_golgi/merged_24313-Ph_golgi_j07.tif,s3://morphology_profiles/filtered_mp/24313-Mito/merged_24313-Mito_j07.tif
Cc1cc2cc3c(C)cc(=O)oc3c(C)c2o1,24313,L17,s3://morphology_profiles/filtered_mp/24313-Hoechst/merged_24313-Hoechst_l17.tif,s3://morphology_profiles/filtered_mp/24313-ERSyto/merged_24313-ERSyto_l17.tif,s3://morphology_profiles/filtered_mp/24313-ERSytoBleed/merged_24313-ERSytoBleed_l17.tif,s3://morphology_profiles/filtered_mp/24313-Ph_golgi/merged_24313-Ph_golgi_l17.tif,s3://morphology_profiles/filtered_mp/24313-Mito/merged_24313-Mito_l17.tif
CN(C(=O)CN(CCO)CC(=O)N(C)C(C)(C)Cc1ccccc1)C(C)(C)Cc1ccccc1,24313,N7,s3://morphology_profiles/filtered_mp/24313-Hoechst/merged_24313-Hoechst_n07.tif,s3://morphology_profiles/filtered_mp/24313-ERSyto/merged_24313-ERSyto_n07.tif,s3://morphology_profiles/filtered_mp/24313-ERSytoBleed/merged_24313-ERSytoBleed_n07.tif,s3://morphology_profiles/filtered_mp/24313-Ph_golgi/merged_24313-Ph_golgi_n07.tif,s3://morphology_profiles/filtered_mp/24313-Mito/merged_24313-Mito_n07.tif
CC(=O)CCCCn1c(=O)c2c(ncn2C)n(C)c1=O,24313,N19,s3://morphology_profiles/filtered_mp/24313-Hoechst/merged_24313-Hoechst_n19.tif,s3://morphology_profiles/filtered_mp/24313-ERSyto/merged_24313-ERSyto_n19.tif,s3://morphology_profiles/filtered_mp/24313-ERSytoBleed/merged_24313-ERSytoBleed_n19.tif,s3://morphology_profiles/filtered_mp/24313-Ph_golgi/merged_24313-Ph_golgi_n19.tif,s3://morphology_profiles/filtered_mp/24313-Mito/merged_24313-Mito_n19.tif
C1CCc2nnnn2CC1,24313,N21,s3://morphology_profiles/filtered_mp/24313-Hoechst/merged_24313-Hoechst_n21.tif,s3://morphology_profiles/filtered_mp/24313-ERSyto/merged_24313-ERSyto_n21.tif,s3://morphology_profiles/filtered_mp/24313-ERSytoBleed/merged_24313-ERSytoBleed_n21.tif,s3://morphology_profiles/filtered_mp/24313-Ph_golgi/merged_24313-Ph_golgi_n21.tif,s3://morphology_profiles/filtered_mp/24313-Mito/merged_24313-Mito_n21.tif
CC1=C2[C@H]3OC(=O)[C@@H](C)[C@@H]3CC[C@@]2(C)C=CC1=O,24313,O7,s3://morphology_profiles/filtered_mp/24313-Hoechst/merged_24313-Hoechst_o07.tif,s3://morphology_profiles/filtered_mp/24313-ERSyto/merged_24313-ERSyto_o07.tif,s3://morphology_profiles/filtered_mp/24313-ERSytoBleed/merged_24313-ERSytoBleed_o07.tif,s3://morphology_profiles/filtered_mp/24313-Ph_golgi/merged_24313-Ph_golgi_o07.tif,s3://morphology_profiles/filtered_mp/24313-Mito/merged_24313-Mito_o07.tif
COc1ccc2cc([C@H](C)C(=O)O)ccc2c1,24313,O16,s3://morphology_profiles/filtered_mp/24313-Hoechst/merged_24313-Hoechst_o16.tif,s3://morphology_profiles/filtered_mp/24313-ERSyto/merged_24313-ERSyto_o16.tif,s3://morphology_profiles/filtered_mp/24313-ERSytoBleed/merged_24313-ERSytoBleed_o16.tif,s3://morphology_profiles/filtered_mp/24313-Ph_golgi/merged_24313-Ph_golgi_o16.tif,s3://morphology_profiles/filtered_mp/24313-Mito/merged_24313-Mito_o16.tif
Oc1ccc(Cl)cc1Cc1cc(Cl)ccc1O,24319,C14,s3://morphology_profiles/filtered_mp/24319-Hoechst/merged_24319-Hoechst_c14.tif,s3://morphology_profiles/filtered_mp/24319-ERSyto/merged_24319-ERSyto_c14.tif,s3://morphology_profiles/filtered_mp/24319-ERSytoBleed/merged_24319-ERSytoBleed_c14.tif,s3://morphology_profiles/filtered_mp/24319-Ph_golgi/merged_24319-Ph_golgi_c14.tif,s3://morphology_profiles/filtered_mp/24319-Mito/merged_24319-Mito_c14.tif
Nc1ccc(S(=O)(=O)c2ccc(N)cc2)cc1,24319,C18,s3://morphology_profiles/filtered_mp/24319-Hoechst/merged_24319-Hoechst_c18.tif,s3://morphology_profiles/filtered_mp/24319-ERSyto/merged_24319-ERSyto_c18.tif,s3://morphology_profiles/filtered_mp/24319-ERSytoBleed/merged_24319-ERSytoBleed_c18.tif,s3://morphology_profiles/filtered_mp/24319-Ph_golgi/merged_24319-Ph_golgi_c18.tif,s3://morphology_profiles/filtered_mp/24319-Mito/merged_24319-Mito_c18.tif
C=C(CC)C(=O)c1ccc(OCC(=O)O)c(Cl)c1Cl,24319,D18,s3://morphology_profiles/filtered_mp/24319-Hoechst/merged_24319-Hoechst_d18.tif,s3://morphology_profiles/filtered_mp/24319-ERSyto/merged_24319-ERSyto_d18.tif,s3://morphology_profiles/filtered_mp/24319-ERSytoBleed/merged_24319-ERSytoBleed_d18.tif,s3://morphology_profiles/filtered_mp/24319-Ph_golgi/merged_24319-Ph_golgi_d18.tif,s3://morphology_profiles/filtered_mp/24319-Mito/merged_24319-Mito_d18.tif
Cc1nc(O)c(C#N)cc1-c1ccncc1,24319,G18,s3://morphology_profiles/filtered_mp/24319-Hoechst/merged_24319-Hoechst_g18.tif,s3://morphology_profiles/filtered_mp/24319-ERSyto/merged_24319-ERSyto_g18.tif,s3://morphology_profiles/filtered_mp/24319-ERSytoBleed/merged_24319-ERSytoBleed_g18.tif,s3://morphology_profiles/filtered_mp/24319-Ph_golgi/merged_24319-Ph_golgi_g18.tif,s3://morphology_profiles/filtered_mp/24319-Mito/merged_24319-Mito_g18.tif
Brc1c(NC2=NCCN2)ccc2nccnc12,24319,I2,s3://morphology_profiles/filtered_mp/24319-Hoechst/merged_24319-Hoechst_i02.tif,s3://morphology_profiles/filtered_mp/24319-ERSyto/merged_24319-ERSyto_i02.tif,s3://morphology_profiles/filtered_mp/24319-ERSytoBleed/merged_24319-ERSytoBleed_i02.tif,s3://morphology_profiles/filtered_mp/24319-Ph_golgi/merged_24319-Ph_golgi_i02.tif,s3://morphology_profiles/filtered_mp/24319-Mito/merged_24319-Mito_i02.tif
CC(=O)N=c1sc(S(N)(=O)=O)nn1C,24319,J19,s3://morphology_profiles/filtered_mp/24319-Hoechst/merged_24319-Hoechst_j19.tif,s3://morphology_profiles/filtered_mp/24319-ERSyto/merged_24319-ERSyto_j19.tif,s3://morphology_profiles/filtered_mp/24319-ERSytoBleed/merged_24319-ERSytoBleed_j19.tif,s3://morphology_profiles/filtered_mp/24319-Ph_golgi/merged_24319-Ph_golgi_j19.tif,s3://morphology_profiles/filtered_mp/24319-Mito/merged_24319-Mito_j19.tif
N=C(O)N1c2ccccc2C=Cc2ccccc21,24319,K14,s3://morphology_profiles/filtered_mp/24319-Hoechst/merged_24319-Hoechst_k14.tif,s3://morphology_profiles/filtered_mp/24319-ERSyto/merged_24319-ERSyto_k14.tif,s3://morphology_profiles/filtered_mp/24319-ERSytoBleed/merged_24319-ERSytoBleed_k14.tif,s3://morphology_profiles/filtered_mp/24319-Ph_golgi/merged_24319-Ph_golgi_k14.tif,s3://morphology_profiles/filtered_mp/24319-Mito/merged_24319-Mito_k14.tif
Cc1cn([C@H]2C[C@H](N=[N+]=[N-])[C@@H](CO)O2)c(=O)nc1O,24319,L10,s3://morphology_profiles/filtered_mp/24319-Hoechst/merged_24319-Hoechst_l10.tif,s3://morphology_profiles/filtered_mp/24319-ERSyto/merged_24319-ERSyto_l10.tif,s3://morphology_profiles/filtered_mp/24319-ERSytoBleed/merged_24319-ERSytoBleed_l10.tif,s3://morphology_profiles/filtered_mp/24319-Ph_golgi/merged_24319-Ph_golgi_l10.tif,s3://morphology_profiles/filtered_mp/24319-Mito/merged_24319-Mito_l10.tif
CCn1cc(C(=O)O)c(=O)c2cc3c(cc21)OCO3,24319,M3,s3://morphology_profiles/filtered_mp/24319-Hoechst/merged_24319-Hoechst_m03.tif,s3://morphology_profiles/filtered_mp/24319-ERSyto/merged_24319-ERSyto_m03.tif,s3://morphology_profiles/filtered_mp/24319-ERSytoBleed/merged_24319-ERSytoBleed_m03.tif,s3://morphology_profiles/filtered_mp/24319-Ph_golgi/merged_24319-Ph_golgi_m03.tif,s3://morphology_profiles/filtered_mp/24319-Mito/merged_24319-Mito_m03.tif
O=c1nc(O)c(I)cn1[C@H]1C[C@H](O)[C@@H](CO)O1,24319,O10,s3://morphology_profiles/filtered_mp/24319-Hoechst/merged_24319-Hoechst_o10.tif,s3://morphology_profiles/filtered_mp/24319-ERSyto/merged_24319-ERSyto_o10.tif,s3://morphology_profiles/filtered_mp/24319-ERSytoBleed/merged_24319-ERSytoBleed_o10.tif,s3://morphology_profiles/filtered_mp/24319-Ph_golgi/merged_24319-Ph_golgi_o10.tif,s3://morphology_profiles/filtered_mp/24319-Mito/merged_24319-Mito_o10.tif
c1ccc2[nH]c(-c3cscn3)nc2c1,24319,P9,s3://morphology_profiles/filtered_mp/24319-Hoechst/merged_24319-Hoechst_p09.tif,s3://morphology_profiles/filtered_mp/24319-ERSyto/merged_24319-ERSyto_p09.tif,s3://morphology_profiles/filtered_mp/24319-ERSytoBleed/merged_24319-ERSytoBleed_p09.tif,s3://morphology_profiles/filtered_mp/24319-Ph_golgi/merged_24319-Ph_golgi_p09.tif,s3://morphology_profiles/filtered_mp/24319-Mito/merged_24319-Mito_p09.tif
NS(=O)(=O)c1cc(C(=O)O)c(NCc2ccco2)cc1Cl,24319,P18,s3://morphology_profiles/filtered_mp/24319-Hoechst/merged_24319-Hoechst_p18.tif,s3://morphology_profiles/filtered_mp/24319-ERSyto/merged_24319-ERSyto_p18.tif,s3://morphology_profiles/filtered_mp/24319-ERSytoBleed/merged_24319-ERSytoBleed_p18.tif,s3://morphology_profiles/filtered_mp/24319-Ph_golgi/merged_24319-Ph_golgi_p18.tif,s3://morphology_profiles/filtered_mp/24319-Mito/merged_24319-Mito_p18.tif
CCn1cc(C(=O)O)c(=O)c2cc(F)c(N3CCNCC3)nc21,24319,P21,s3://morphology_profiles/filtered_mp/24319-Hoechst/merged_24319-Hoechst_p21.tif,s3://morphology_profiles/filtered_mp/24319-ERSyto/merged_24319-ERSyto_p21.tif,s3://morphology_profiles/filtered_mp/24319-ERSytoBleed/merged_24319-ERSytoBleed_p21.tif,s3://morphology_profiles/filtered_mp/24319-Ph_golgi/merged_24319-Ph_golgi_p21.tif,s3://morphology_profiles/filtered_mp/24319-Mito/merged_24319-Mito_p21.tif
Oc1ccc(Cl)cc1Cc1cc(Cl)ccc1O,24320,C14,s3://morphology_profiles/filtered_mp/24320-Hoechst/merged_24320-Hoechst_c14.tif,s3://morphology_profiles/filtered_mp/24320-ERSyto/merged_24320-ERSyto_c14.tif,s3://morphology_profiles/filtered_mp/24320-ERSytoBleed/merged_24320-ERSytoBleed_c14.tif,s3://morphology_profiles/filtered_mp/24320-Ph_golgi/merged_24320-Ph_golgi_c14.tif,s3://morphology_profiles/filtered_mp/24320-Mito/merged_24320-Mito_c14.tif
Nc1ccc(S(=O)(=O)c2ccc(N)cc2)cc1,24320,C18,s3://morphology_profiles/filtered_mp/24320-Hoechst/merged_24320-Hoechst_c18.tif,s3://morphology_profiles/filtered_mp/24320-ERSyto/merged_24320-ERSyto_c18.tif,s3://morphology_profiles/filtered_mp/24320-ERSytoBleed/merged_24320-ERSytoBleed_c18.tif,s3://morphology_profiles/filtered_mp/24320-Ph_golgi/merged_24320-Ph_golgi_c18.tif,s3://morphology_profiles/filtered_mp/24320-Mito/merged_24320-Mito_c18.tif
C=C(CC)C(=O)c1ccc(OCC(=O)O)c(Cl)c1Cl,24320,D18,s3://morphology_profiles/filtered_mp/24320-Hoechst/merged_24320-Hoechst_d18.tif,s3://morphology_profiles/filtered_mp/24320-ERSyto/merged_24320-ERSyto_d18.tif,s3://morphology_profiles/filtered_mp/24320-ERSytoBleed/merged_24320-ERSytoBleed_d18.tif,s3://morphology_profiles/filtered_mp/24320-Ph_golgi/merged_24320-Ph_golgi_d18.tif,s3://morphology_profiles/filtered_mp/24320-Mito/merged_24320-Mito_d18.tif
Cc1nc(O)c(C#N)cc1-c1ccncc1,24320,G18,s3://morphology_profiles/filtered_mp/24320-Hoechst/merged_24320-Hoechst_g18.tif,s3://morphology_profiles/filtered_mp/24320-ERSyto/merged_24320-ERSyto_g18.tif,s3://morphology_profiles/filtered_mp/24320-ERSytoBleed/merged_24320-ERSytoBleed_g18.tif,s3://morphology_profiles/filtered_mp/24320-Ph_golgi/merged_24320-Ph_golgi_g18.tif,s3://morphology_profiles/filtered_mp/24320-Mito/merged_24320-Mito_g18.tif
Brc1c(NC2=NCCN2)ccc2nccnc12,24320,I2,s3://morphology_profiles/filtered_mp/24320-Hoechst/merged_24320-Hoechst_i02.tif,s3://morphology_profiles/filtered_mp/24320-ERSyto/merged_24320-ERSyto_i02.tif,s3://morphology_profiles/filtered_mp/24320-ERSytoBleed/merged_24320-ERSytoBleed_i02.tif,s3://morphology_profiles/filtered_mp/24320-Ph_golgi/merged_24320-Ph_golgi_i02.tif,s3://morphology_profiles/filtered_mp/24320-Mito/merged_24320-Mito_i02.tif
CC(=O)N=c1sc(S(N)(=O)=O)nn1C,24320,J19,s3://morphology_profiles/filtered_mp/24320-Hoechst/merged_24320-Hoechst_j19.tif,s3://morphology_profiles/filtered_mp/24320-ERSyto/merged_24320-ERSyto_j19.tif,s3://morphology_profiles/filtered_mp/24320-ERSytoBleed/merged_24320-ERSytoBleed_j19.tif,s3://morphology_profiles/filtered_mp/24320-Ph_golgi/merged_24320-Ph_golgi_j19.tif,s3://morphology_profiles/filtered_mp/24320-Mito/merged_24320-Mito_j19.tif
N=C(O)N1c2ccccc2C=Cc2ccccc21,24320,K14,s3://morphology_profiles/filtered_mp/24320-Hoechst/merged_24320-Hoechst_k14.tif,s3://morphology_profiles/filtered_mp/24320-ERSyto/merged_24320-ERSyto_k14.tif,s3://morphology_profiles/filtered_mp/24320-ERSytoBleed/merged_24320-ERSytoBleed_k14.tif,s3://morphology_profiles/filtered_mp/24320-Ph_golgi/merged_24320-Ph_golgi_k14.tif,s3://morphology_profiles/filtered_mp/24320-Mito/merged_24320-Mito_k14.tif
Cc1cn([C@H]2C[C@H](N=[N+]=[N-])[C@@H](CO)O2)c(=O)nc1O,24320,L10,s3://morphology_profiles/filtered_mp/24320-Hoechst/merged_24320-Hoechst_l10.tif,s3://morphology_profiles/filtered_mp/24320-ERSyto/merged_24320-ERSyto_l10.tif,s3://morphology_profiles/filtered_mp/24320-ERSytoBleed/merged_24320-ERSytoBleed_l10.tif,s3://morphology_profiles/filtered_mp/24320-Ph_golgi/merged_24320-Ph_golgi_l10.tif,s3://morphology_profiles/filtered_mp/24320-Mito/merged_24320-Mito_l10.tif
CCn1cc(C(=O)O)c(=O)c2cc3c(cc21)OCO3,24320,M3,s3://morphology_profiles/filtered_mp/24320-Hoechst/merged_24320-Hoechst_m03.tif,s3://morphology_profiles/filtered_mp/24320-ERSyto/merged_24320-ERSyto_m03.tif,s3://morphology_profiles/filtered_mp/24320-ERSytoBleed/merged_24320-ERSytoBleed_m03.tif,s3://morphology_profiles/filtered_mp/24320-Ph_golgi/merged_24320-Ph_golgi_m03.tif,s3://morphology_profiles/filtered_mp/24320-Mito/merged_24320-Mito_m03.tif
O=c1nc(O)c(I)cn1[C@H]1C[C@H](O)[C@@H](CO)O1,24320,O10,s3://morphology_profiles/filtered_mp/24320-Hoechst/merged_24320-Hoechst_o10.tif,s3://morphology_profiles/filtered_mp/24320-ERSyto/merged_24320-ERSyto_o10.tif,s3://morphology_profiles/filtered_mp/24320-ERSytoBleed/merged_24320-ERSytoBleed_o10.tif,s3://morphology_profiles/filtered_mp/24320-Ph_golgi/merged_24320-Ph_golgi_o10.tif,s3://morphology_profiles/filtered_mp/24320-Mito/merged_24320-Mito_o10.tif
c1ccc2[nH]c(-c3cscn3)nc2c1,24320,P9,s3://morphology_profiles/filtered_mp/24320-Hoechst/merged_24320-Hoechst_p09.tif,s3://morphology_profiles/filtered_mp/24320-ERSyto/merged_24320-ERSyto_p09.tif,s3://morphology_profiles/filtered_mp/24320-ERSytoBleed/merged_24320-ERSytoBleed_p09.tif,s3://morphology_profiles/filtered_mp/24320-Ph_golgi/merged_24320-Ph_golgi_p09.tif,s3://morphology_profiles/filtered_mp/24320-Mito/merged_24320-Mito_p09.tif
NS(=O)(=O)c1cc(C(=O)O)c(NCc2ccco2)cc1Cl,24320,P18,s3://morphology_profiles/filtered_mp/24320-Hoechst/merged_24320-Hoechst_p18.tif,s3://morphology_profiles/filtered_mp/24320-ERSyto/merged_24320-ERSyto_p18.tif,s3://morphology_profiles/filtered_mp/24320-ERSytoBleed/merged_24320-ERSytoBleed_p18.tif,s3://morphology_profiles/filtered_mp/24320-Ph_golgi/merged_24320-Ph_golgi_p18.tif,s3://morphology_profiles/filtered_mp/24320-Mito/merged_24320-Mito_p18.tif
CCn1cc(C(=O)O)c(=O)c2cc(F)c(N3CCNCC3)nc21,24320,P21,s3://morphology_profiles/filtered_mp/24320-Hoechst/merged_24320-Hoechst_p21.tif,s3://morphology_profiles/filtered_mp/24320-ERSyto/merged_24320-ERSyto_p21.tif,s3://morphology_profiles/filtered_mp/24320-ERSytoBleed/merged_24320-ERSytoBleed_p21.tif,s3://morphology_profiles/filtered_mp/24320-Ph_golgi/merged_24320-Ph_golgi_p21.tif,s3://morphology_profiles/filtered_mp/24320-Mito/merged_24320-Mito_p21.tif
Oc1ccc(Cl)cc1Cc1cc(Cl)ccc1O,24321,C14,s3://morphology_profiles/filtered_mp/24321-Hoechst/merged_24321-Hoechst_c14.tif,s3://morphology_profiles/filtered_mp/24321-ERSyto/merged_24321-ERSyto_c14.tif,s3://morphology_profiles/filtered_mp/24321-ERSytoBleed/merged_24321-ERSytoBleed_c14.tif,s3://morphology_profiles/filtered_mp/24321-Ph_golgi/merged_24321-Ph_golgi_c14.tif,s3://morphology_profiles/filtered_mp/24321-Mito/merged_24321-Mito_c14.tif
Nc1ccc(S(=O)(=O)c2ccc(N)cc2)cc1,24321,C18,s3://morphology_profiles/filtered_mp/24321-Hoechst/merged_24321-Hoechst_c18.tif,s3://morphology_profiles/filtered_mp/24321-ERSyto/merged_24321-ERSyto_c18.tif,s3://morphology_profiles/filtered_mp/24321-ERSytoBleed/merged_24321-ERSytoBleed_c18.tif,s3://morphology_profiles/filtered_mp/24321-Ph_golgi/merged_24321-Ph_golgi_c18.tif,s3://morphology_profiles/filtered_mp/24321-Mito/merged_24321-Mito_c18.tif
C=C(CC)C(=O)c1ccc(OCC(=O)O)c(Cl)c1Cl,24321,D18,s3://morphology_profiles/filtered_mp/24321-Hoechst/merged_24321-Hoechst_d18.tif,s3://morphology_profiles/filtered_mp/24321-ERSyto/merged_24321-ERSyto_d18.tif,s3://morphology_profiles/filtered_mp/24321-ERSytoBleed/merged_24321-ERSytoBleed_d18.tif,s3://morphology_profiles/filtered_mp/24321-Ph_golgi/merged_24321-Ph_golgi_d18.tif,s3://morphology_profiles/filtered_mp/24321-Mito/merged_24321-Mito_d18.tif
Cc1nc(O)c(C#N)cc1-c1ccncc1,24321,G18,s3://morphology_profiles/filtered_mp/24321-Hoechst/merged_24321-Hoechst_g18.tif,s3://morphology_profiles/filtered_mp/24321-ERSyto/merged_24321-ERSyto_g18.tif,s3://morphology_profiles/filtered_mp/24321-ERSytoBleed/merged_24321-ERSytoBleed_g18.tif,s3://morphology_profiles/filtered_mp/24321-Ph_golgi/merged_24321-Ph_golgi_g18.tif,s3://morphology_profiles/filtered_mp/24321-Mito/merged_24321-Mito_g18.tif
Brc1c(NC2=NCCN2)ccc2nccnc12,24321,I2,s3://morphology_profiles/filtered_mp/24321-Hoechst/merged_24321-Hoechst_i02.tif,s3://morphology_profiles/filtered_mp/24321-ERSyto/merged_24321-ERSyto_i02.tif,s3://morphology_profiles/filtered_mp/24321-ERSytoBleed/merged_24321-ERSytoBleed_i02.tif,s3://morphology_profiles/filtered_mp/24321-Ph_golgi/merged_24321-Ph_golgi_i02.tif,s3://morphology_profiles/filtered_mp/24321-Mito/merged_24321-Mito_i02.tif
CC(=O)N=c1sc(S(N)(=O)=O)nn1C,24321,J19,s3://morphology_profiles/filtered_mp/24321-Hoechst/merged_24321-Hoechst_j19.tif,s3://morphology_profiles/filtered_mp/24321-ERSyto/merged_24321-ERSyto_j19.tif,s3://morphology_profiles/filtered_mp/24321-ERSytoBleed/merged_24321-ERSytoBleed_j19.tif,s3://morphology_profiles/filtered_mp/24321-Ph_golgi/merged_24321-Ph_golgi_j19.tif,s3://morphology_profiles/filtered_mp/24321-Mito/merged_24321-Mito_j19.tif
N=C(O)N1c2ccccc2C=Cc2ccccc21,24321,K14,s3://morphology_profiles/filtered_mp/24321-Hoechst/merged_24321-Hoechst_k14.tif,s3://morphology_profiles/filtered_mp/24321-ERSyto/merged_24321-ERSyto_k14.tif,s3://morphology_profiles/filtered_mp/24321-ERSytoBleed/merged_24321-ERSytoBleed_k14.tif,s3://morphology_profiles/filtered_mp/24321-Ph_golgi/merged_24321-Ph_golgi_k14.tif,s3://morphology_profiles/filtered_mp/24321-Mito/merged_24321-Mito_k14.tif
Cc1cn([C@H]2C[C@H](N=[N+]=[N-])[C@@H](CO)O2)c(=O)nc1O,24321,L10,s3://morphology_profiles/filtered_mp/24321-Hoechst/merged_24321-Hoechst_l10.tif,s3://morphology_profiles/filtered_mp/24321-ERSyto/merged_24321-ERSyto_l10.tif,s3://morphology_profiles/filtered_mp/24321-ERSytoBleed/merged_24321-ERSytoBleed_l10.tif,s3://morphology_profiles/filtered_mp/24321-Ph_golgi/merged_24321-Ph_golgi_l10.tif,s3://morphology_profiles/filtered_mp/24321-Mito/merged_24321-Mito_l10.tif
CCn1cc(C(=O)O)c(=O)c2cc3c(cc21)OCO3,24321,M3,s3://morphology_profiles/filtered_mp/24321-Hoechst/merged_24321-Hoechst_m03.tif,s3://morphology_profiles/filtered_mp/24321-ERSyto/merged_24321-ERSyto_m03.tif,s3://morphology_profiles/filtered_mp/24321-ERSytoBleed/merged_24321-ERSytoBleed_m03.tif,s3://morphology_profiles/filtered_mp/24321-Ph_golgi/merged_24321-Ph_golgi_m03.tif,s3://morphology_profiles/filtered_mp/24321-Mito/merged_24321-Mito_m03.tif
O=c1nc(O)c(I)cn1[C@H]1C[C@H](O)[C@@H](CO)O1,24321,O10,s3://morphology_profiles/filtered_mp/24321-Hoechst/merged_24321-Hoechst_o10.tif,s3://morphology_profiles/filtered_mp/24321-ERSyto/merged_24321-ERSyto_o10.tif,s3://morphology_profiles/filtered_mp/24321-ERSytoBleed/merged_24321-ERSytoBleed_o10.tif,s3://morphology_profiles/filtered_mp/24321-Ph_golgi/merged_24321-Ph_golgi_o10.tif,s3://morphology_profiles/filtered_mp/24321-Mito/merged_24321-Mito_o10.tif
c1ccc2[nH]c(-c3cscn3)nc2c1,24321,P9,s3://morphology_profiles/filtered_mp/24321-Hoechst/merged_24321-Hoechst_p09.tif,s3://morphology_profiles/filtered_mp/24321-ERSyto/merged_24321-ERSyto_p09.tif,s3://morphology_profiles/filtered_mp/24321-ERSytoBleed/merged_24321-ERSytoBleed_p09.tif,s3://morphology_profiles/filtered_mp/24321-Ph_golgi/merged_24321-Ph_golgi_p09.tif,s3://morphology_profiles/filtered_mp/24321-Mito/merged_24321-Mito_p09.tif
NS(=O)(=O)c1cc(C(=O)O)c(NCc2ccco2)cc1Cl,24321,P18,s3://morphology_profiles/filtered_mp/24321-Hoechst/merged_24321-Hoechst_p18.tif,s3://morphology_profiles/filtered_mp/24321-ERSyto/merged_24321-ERSyto_p18.tif,s3://morphology_profiles/filtered_mp/24321-ERSytoBleed/merged_24321-ERSytoBleed_p18.tif,s3://morphology_profiles/filtered_mp/24321-Ph_golgi/merged_24321-Ph_golgi_p18.tif,s3://morphology_profiles/filtered_mp/24321-Mito/merged_24321-Mito_p18.tif
CCn1cc(C(=O)O)c(=O)c2cc(F)c(N3CCNCC3)nc21,24321,P21,s3://morphology_profiles/filtered_mp/24321-Hoechst/merged_24321-Hoechst_p21.tif,s3://morphology_profiles/filtered_mp/24321-ERSyto/merged_24321-ERSyto_p21.tif,s3://morphology_profiles/filtered_mp/24321-ERSytoBleed/merged_24321-ERSytoBleed_p21.tif,s3://morphology_profiles/filtered_mp/24321-Ph_golgi/merged_24321-Ph_golgi_p21.tif,s3://morphology_profiles/filtered_mp/24321-Mito/merged_24321-Mito_p21.tif
CCN1CCCC(OC(=O)C(c2ccccc2)c2ccccc2)C1,24352,A4,s3://morphology_profiles/filtered_mp/24352-Hoechst/merged_24352-Hoechst_a04.tif,s3://morphology_profiles/filtered_mp/24352-ERSyto/merged_24352-ERSyto_a04.tif,s3://morphology_profiles/filtered_mp/24352-ERSytoBleed/merged_24352-ERSytoBleed_a04.tif,s3://morphology_profiles/filtered_mp/24352-Ph_golgi/merged_24352-Ph_golgi_a04.tif,s3://morphology_profiles/filtered_mp/24352-Mito/merged_24352-Mito_a04.tif
CC(C)NCC(O)COc1cccc2[nH]ccc12,24352,A5,s3://morphology_profiles/filtered_mp/24352-Hoechst/merged_24352-Hoechst_a05.tif,s3://morphology_profiles/filtered_mp/24352-ERSyto/merged_24352-ERSyto_a05.tif,s3://morphology_profiles/filtered_mp/24352-ERSytoBleed/merged_24352-ERSytoBleed_a05.tif,s3://morphology_profiles/filtered_mp/24352-Ph_golgi/merged_24352-Ph_golgi_a05.tif,s3://morphology_profiles/filtered_mp/24352-Mito/merged_24352-Mito_a05.tif
CC(C(=O)O)c1cccc(C(=O)c2ccccc2)c1,24352,A7,s3://morphology_profiles/filtered_mp/24352-Hoechst/merged_24352-Hoechst_a07.tif,s3://morphology_profiles/filtered_mp/24352-ERSyto/merged_24352-ERSyto_a07.tif,s3://morphology_profiles/filtered_mp/24352-ERSytoBleed/merged_24352-ERSytoBleed_a07.tif,s3://morphology_profiles/filtered_mp/24352-Ph_golgi/merged_24352-Ph_golgi_a07.tif,s3://morphology_profiles/filtered_mp/24352-Mito/merged_24352-Mito_a07.tif
N=C(N)Nc1nc(CSCCC(=N)NS(N)(=O)=O)cs1,24352,B6,s3://morphology_profiles/filtered_mp/24352-Hoechst/merged_24352-Hoechst_b06.tif,s3://morphology_profiles/filtered_mp/24352-ERSyto/merged_24352-ERSyto_b06.tif,s3://morphology_profiles/filtered_mp/24352-ERSytoBleed/merged_24352-ERSytoBleed_b06.tif,s3://morphology_profiles/filtered_mp/24352-Ph_golgi/merged_24352-Ph_golgi_b06.tif,s3://morphology_profiles/filtered_mp/24352-Mito/merged_24352-Mito_b06.tif
COc1ccc(NS(=O)(=O)c2ccc(N)cc2)nn1,24352,B10,s3://morphology_profiles/filtered_mp/24352-Hoechst/merged_24352-Hoechst_b10.tif,s3://morphology_profiles/filtered_mp/24352-ERSyto/merged_24352-ERSyto_b10.tif,s3://morphology_profiles/filtered_mp/24352-ERSytoBleed/merged_24352-ERSytoBleed_b10.tif,s3://morphology_profiles/filtered_mp/24352-Ph_golgi/merged_24352-Ph_golgi_b10.tif,s3://morphology_profiles/filtered_mp/24352-Mito/merged_24352-Mito_b10.tif
Clc1ccc2c(c1)C(N1CCNCC1)=Nc1ccccc1O2,24352,C5,s3://morphology_profiles/filtered_mp/24352-Hoechst/merged_24352-Hoechst_c05.tif,s3://morphology_profiles/filtered_mp/24352-ERSyto/merged_24352-ERSyto_c05.tif,s3://morphology_profiles/filtered_mp/24352-ERSytoBleed/merged_24352-ERSytoBleed_c05.tif,s3://morphology_profiles/filtered_mp/24352-Ph_golgi/merged_24352-Ph_golgi_c05.tif,s3://morphology_profiles/filtered_mp/24352-Mito/merged_24352-Mito_c05.tif
CCN1CCN(C(O)=N[C@@H](C(O)=N[C@@H]2C(=O)N3C(C(=O)O)=C(CSc4nnnn4C)CS[C@H]23)c2ccc(O)cc2)C(=O)C1=O,24352,C8,s3://morphology_profiles/filtered_mp/24352-Hoechst/merged_24352-Hoechst_c08.tif,s3://morphology_profiles/filtered_mp/24352-ERSyto/merged_24352-ERSyto_c08.tif,s3://morphology_profiles/filtered_mp/24352-ERSytoBleed/merged_24352-ERSytoBleed_c08.tif,s3://morphology_profiles/filtered_mp/24352-Ph_golgi/merged_24352-Ph_golgi_c08.tif,s3://morphology_profiles/filtered_mp/24352-Mito/merged_24352-Mito_c08.tif
COc1cc(Cc2c[nH]c(=N)[nH]c2=N)cc(OC)c1OC,24352,G5,s3://morphology_profiles/filtered_mp/24352-Hoechst/merged_24352-Hoechst_g05.tif,s3://morphology_profiles/filtered_mp/24352-ERSyto/merged_24352-ERSyto_g05.tif,s3://morphology_profiles/filtered_mp/24352-ERSytoBleed/merged_24352-ERSytoBleed_g05.tif,s3://morphology_profiles/filtered_mp/24352-Ph_golgi/merged_24352-Ph_golgi_g05.tif,s3://morphology_profiles/filtered_mp/24352-Mito/merged_24352-Mito_g05.tif
O=C(O)Cc1ccccc1Nc1c(Cl)cccc1Cl,24352,G23,s3://morphology_profiles/filtered_mp/24352-Hoechst/merged_24352-Hoechst_g23.tif,s3://morphology_profiles/filtered_mp/24352-ERSyto/merged_24352-ERSyto_g23.tif,s3://morphology_profiles/filtered_mp/24352-ERSytoBleed/merged_24352-ERSytoBleed_g23.tif,s3://morphology_profiles/filtered_mp/24352-Ph_golgi/merged_24352-Ph_golgi_g23.tif,s3://morphology_profiles/filtered_mp/24352-Mito/merged_24352-Mito_g23.tif
C[C@H]1COc2c(N3CCN(C)CC3)c(F)cc3c(=O)c(C(=O)O)cn1c23,24352,I4,s3://morphology_profiles/filtered_mp/24352-Hoechst/merged_24352-Hoechst_i04.tif,s3://morphology_profiles/filtered_mp/24352-ERSyto/merged_24352-ERSyto_i04.tif,s3://morphology_profiles/filtered_mp/24352-ERSytoBleed/merged_24352-ERSytoBleed_i04.tif,s3://morphology_profiles/filtered_mp/24352-Ph_golgi/merged_24352-Ph_golgi_i04.tif,s3://morphology_profiles/filtered_mp/24352-Mito/merged_24352-Mito_i04.tif
S=P(N1CC1)(N1CC1)N1CC1,24352,I10,s3://morphology_profiles/filtered_mp/24352-Hoechst/merged_24352-Hoechst_i10.tif,s3://morphology_profiles/filtered_mp/24352-ERSyto/merged_24352-ERSyto_i10.tif,s3://morphology_profiles/filtered_mp/24352-ERSytoBleed/merged_24352-ERSytoBleed_i10.tif,s3://morphology_profiles/filtered_mp/24352-Ph_golgi/merged_24352-Ph_golgi_i10.tif,s3://morphology_profiles/filtered_mp/24352-Mito/merged_24352-Mito_i10.tif
CC(C)(C)N=C(O)[C@@H]1C[C@@H]2CCCC[C@@H]2CN1C[C@@H](O)[C@H](Cc1ccccc1)N=C(O)[C@H](CC(=N)O)NC(=O)c1ccc2ccccc2n1,24352,I17,s3://morphology_profiles/filtered_mp/24352-Hoechst/merged_24352-Hoechst_i17.tif,s3://morphology_profiles/filtered_mp/24352-ERSyto/merged_24352-ERSyto_i17.tif,s3://morphology_profiles/filtered_mp/24352-ERSytoBleed/merged_24352-ERSytoBleed_i17.tif,s3://morphology_profiles/filtered_mp/24352-Ph_golgi/merged_24352-Ph_golgi_i17.tif,s3://morphology_profiles/filtered_mp/24352-Mito/merged_24352-Mito_i17.tif
Nc1ccc(S(=O)(=O)Nc2ccnn2-c2ccccc2)cc1,24352,J8,s3://morphology_profiles/filtered_mp/24352-Hoechst/merged_24352-Hoechst_j08.tif,s3://morphology_profiles/filtered_mp/24352-ERSyto/merged_24352-ERSyto_j08.tif,s3://morphology_profiles/filtered_mp/24352-ERSytoBleed/merged_24352-ERSytoBleed_j08.tif,s3://morphology_profiles/filtered_mp/24352-Ph_golgi/merged_24352-Ph_golgi_j08.tif,s3://morphology_profiles/filtered_mp/24352-Mito/merged_24352-Mito_j08.tif
CCCCC1C(=O)N(c2ccccc2)N(c2ccccc2)C1=O,24352,J11,s3://morphology_profiles/filtered_mp/24352-Hoechst/merged_24352-Hoechst_j11.tif,s3://morphology_profiles/filtered_mp/24352-ERSyto/merged_24352-ERSyto_j11.tif,s3://morphology_profiles/filtered_mp/24352-ERSytoBleed/merged_24352-ERSytoBleed_j11.tif,s3://morphology_profiles/filtered_mp/24352-Ph_golgi/merged_24352-Ph_golgi_j11.tif,s3://morphology_profiles/filtered_mp/24352-Mito/merged_24352-Mito_j11.tif
Cc1ccc(C)c(OCCCC(C)(C)C(=O)O)c1,24352,J17,s3://morphology_profiles/filtered_mp/24352-Hoechst/merged_24352-Hoechst_j17.tif,s3://morphology_profiles/filtered_mp/24352-ERSyto/merged_24352-ERSyto_j17.tif,s3://morphology_profiles/filtered_mp/24352-ERSytoBleed/merged_24352-ERSytoBleed_j17.tif,s3://morphology_profiles/filtered_mp/24352-Ph_golgi/merged_24352-Ph_golgi_j17.tif,s3://morphology_profiles/filtered_mp/24352-Mito/merged_24352-Mito_j17.tif
CCn1cc(C(=O)O)c(=O)c2cc(F)c(N3CCNCC3)cc21,24352,J20,s3://morphology_profiles/filtered_mp/24352-Hoechst/merged_24352-Hoechst_j20.tif,s3://morphology_profiles/filtered_mp/24352-ERSyto/merged_24352-ERSyto_j20.tif,s3://morphology_profiles/filtered_mp/24352-ERSytoBleed/merged_24352-ERSytoBleed_j20.tif,s3://morphology_profiles/filtered_mp/24352-Ph_golgi/merged_24352-Ph_golgi_j20.tif,s3://morphology_profiles/filtered_mp/24352-Mito/merged_24352-Mito_j20.tif
Cc1c(N(C)C)c(=O)n(-c2ccccc2)n1C,24352,L6,s3://morphology_profiles/filtered_mp/24352-Hoechst/merged_24352-Hoechst_l06.tif,s3://morphology_profiles/filtered_mp/24352-ERSyto/merged_24352-ERSyto_l06.tif,s3://morphology_profiles/filtered_mp/24352-ERSytoBleed/merged_24352-ERSytoBleed_l06.tif,s3://morphology_profiles/filtered_mp/24352-Ph_golgi/merged_24352-Ph_golgi_l06.tif,s3://morphology_profiles/filtered_mp/24352-Mito/merged_24352-Mito_l06.tif
NS(=O)(=O)c1cc2c(cc1Cl)NCNS2(=O)=O,24352,L17,s3://morphology_profiles/filtered_mp/24352-Hoechst/merged_24352-Hoechst_l17.tif,s3://morphology_profiles/filtered_mp/24352-ERSyto/merged_24352-ERSyto_l17.tif,s3://morphology_profiles/filtered_mp/24352-ERSytoBleed/merged_24352-ERSytoBleed_l17.tif,s3://morphology_profiles/filtered_mp/24352-Ph_golgi/merged_24352-Ph_golgi_l17.tif,s3://morphology_profiles/filtered_mp/24352-Mito/merged_24352-Mito_l17.tif
CCn1nc(C(=O)O)c(=O)c2cc3c(cc21)OCO3,24352,M22,s3://morphology_profiles/filtered_mp/24352-Hoechst/merged_24352-Hoechst_m22.tif,s3://morphology_profiles/filtered_mp/24352-ERSyto/merged_24352-ERSyto_m22.tif,s3://morphology_profiles/filtered_mp/24352-ERSytoBleed/merged_24352-ERSytoBleed_m22.tif,s3://morphology_profiles/filtered_mp/24352-Ph_golgi/merged_24352-Ph_golgi_m22.tif,s3://morphology_profiles/filtered_mp/24352-Mito/merged_24352-Mito_m22.tif
Nc1ccc(S(=O)(=O)Nc2nccs2)cc1,24352,M23,s3://morphology_profiles/filtered_mp/24352-Hoechst/merged_24352-Hoechst_m23.tif,s3://morphology_profiles/filtered_mp/24352-ERSyto/merged_24352-ERSyto_m23.tif,s3://morphology_profiles/filtered_mp/24352-ERSytoBleed/merged_24352-ERSytoBleed_m23.tif,s3://morphology_profiles/filtered_mp/24352-Ph_golgi/merged_24352-Ph_golgi_m23.tif,s3://morphology_profiles/filtered_mp/24352-Mito/merged_24352-Mito_m23.tif
C=CC1=C(C(=O)O)N2C(=O)[C@@H](N=C(O)/C(=N\O)c3csc(=N)[nH]3)[C@H]2SC1,24352,O1,s3://morphology_profiles/filtered_mp/24352-Hoechst/merged_24352-Hoechst_o01.tif,s3://morphology_profiles/filtered_mp/24352-ERSyto/merged_24352-ERSyto_o01.tif,s3://morphology_profiles/filtered_mp/24352-ERSytoBleed/merged_24352-ERSytoBleed_o01.tif,s3://morphology_profiles/filtered_mp/24352-Ph_golgi/merged_24352-Ph_golgi_o01.tif,s3://morphology_profiles/filtered_mp/24352-Mito/merged_24352-Mito_o01.tif
Oc1ccc(Cl)cc1Cc1cc(Cl)ccc1O,24357,C14,s3://morphology_profiles/filtered_mp/24357-Hoechst/merged_24357-Hoechst_c14.tif,s3://morphology_profiles/filtered_mp/24357-ERSyto/merged_24357-ERSyto_c14.tif,s3://morphology_profiles/filtered_mp/24357-ERSytoBleed/merged_24357-ERSytoBleed_c14.tif,s3://morphology_profiles/filtered_mp/24357-Ph_golgi/merged_24357-Ph_golgi_c14.tif,s3://morphology_profiles/filtered_mp/24357-Mito/merged_24357-Mito_c14.tif
Nc1ccc(S(=O)(=O)c2ccc(N)cc2)cc1,24357,C18,s3://morphology_profiles/filtered_mp/24357-Hoechst/merged_24357-Hoechst_c18.tif,s3://morphology_profiles/filtered_mp/24357-ERSyto/merged_24357-ERSyto_c18.tif,s3://morphology_profiles/filtered_mp/24357-ERSytoBleed/merged_24357-ERSytoBleed_c18.tif,s3://morphology_profiles/filtered_mp/24357-Ph_golgi/merged_24357-Ph_golgi_c18.tif,s3://morphology_profiles/filtered_mp/24357-Mito/merged_24357-Mito_c18.tif
C=C(CC)C(=O)c1ccc(OCC(=O)O)c(Cl)c1Cl,24357,D18,s3://morphology_profiles/filtered_mp/24357-Hoechst/merged_24357-Hoechst_d18.tif,s3://morphology_profiles/filtered_mp/24357-ERSyto/merged_24357-ERSyto_d18.tif,s3://morphology_profiles/filtered_mp/24357-ERSytoBleed/merged_24357-ERSytoBleed_d18.tif,s3://morphology_profiles/filtered_mp/24357-Ph_golgi/merged_24357-Ph_golgi_d18.tif,s3://morphology_profiles/filtered_mp/24357-Mito/merged_24357-Mito_d18.tif
Cc1nc(O)c(C#N)cc1-c1ccncc1,24357,G18,s3://morphology_profiles/filtered_mp/24357-Hoechst/merged_24357-Hoechst_g18.tif,s3://morphology_profiles/filtered_mp/24357-ERSyto/merged_24357-ERSyto_g18.tif,s3://morphology_profiles/filtered_mp/24357-ERSytoBleed/merged_24357-ERSytoBleed_g18.tif,s3://morphology_profiles/filtered_mp/24357-Ph_golgi/merged_24357-Ph_golgi_g18.tif,s3://morphology_profiles/filtered_mp/24357-Mito/merged_24357-Mito_g18.tif
Brc1c(NC2=NCCN2)ccc2nccnc12,24357,I2,s3://morphology_profiles/filtered_mp/24357-Hoechst/merged_24357-Hoechst_i02.tif,s3://morphology_profiles/filtered_mp/24357-ERSyto/merged_24357-ERSyto_i02.tif,s3://morphology_profiles/filtered_mp/24357-ERSytoBleed/merged_24357-ERSytoBleed_i02.tif,s3://morphology_profiles/filtered_mp/24357-Ph_golgi/merged_24357-Ph_golgi_i02.tif,s3://morphology_profiles/filtered_mp/24357-Mito/merged_24357-Mito_i02.tif
CC(=O)N=c1sc(S(N)(=O)=O)nn1C,24357,J19,s3://morphology_profiles/filtered_mp/24357-Hoechst/merged_24357-Hoechst_j19.tif,s3://morphology_profiles/filtered_mp/24357-ERSyto/merged_24357-ERSyto_j19.tif,s3://morphology_profiles/filtered_mp/24357-ERSytoBleed/merged_24357-ERSytoBleed_j19.tif,s3://morphology_profiles/filtered_mp/24357-Ph_golgi/merged_24357-Ph_golgi_j19.tif,s3://morphology_profiles/filtered_mp/24357-Mito/merged_24357-Mito_j19.tif
N=C(O)N1c2ccccc2C=Cc2ccccc21,24357,K14,s3://morphology_profiles/filtered_mp/24357-Hoechst/merged_24357-Hoechst_k14.tif,s3://morphology_profiles/filtered_mp/24357-ERSyto/merged_24357-ERSyto_k14.tif,s3://morphology_profiles/filtered_mp/24357-ERSytoBleed/merged_24357-ERSytoBleed_k14.tif,s3://morphology_profiles/filtered_mp/24357-Ph_golgi/merged_24357-Ph_golgi_k14.tif,s3://morphology_profiles/filtered_mp/24357-Mito/merged_24357-Mito_k14.tif
Cc1cn([C@H]2C[C@H](N=[N+]=[N-])[C@@H](CO)O2)c(=O)nc1O,24357,L10,s3://morphology_profiles/filtered_mp/24357-Hoechst/merged_24357-Hoechst_l10.tif,s3://morphology_profiles/filtered_mp/24357-ERSyto/merged_24357-ERSyto_l10.tif,s3://morphology_profiles/filtered_mp/24357-ERSytoBleed/merged_24357-ERSytoBleed_l10.tif,s3://morphology_profiles/filtered_mp/24357-Ph_golgi/merged_24357-Ph_golgi_l10.tif,s3://morphology_profiles/filtered_mp/24357-Mito/merged_24357-Mito_l10.tif
CCn1cc(C(=O)O)c(=O)c2cc3c(cc21)OCO3,24357,M3,s3://morphology_profiles/filtered_mp/24357-Hoechst/merged_24357-Hoechst_m03.tif,s3://morphology_profiles/filtered_mp/24357-ERSyto/merged_24357-ERSyto_m03.tif,s3://morphology_profiles/filtered_mp/24357-ERSytoBleed/merged_24357-ERSytoBleed_m03.tif,s3://morphology_profiles/filtered_mp/24357-Ph_golgi/merged_24357-Ph_golgi_m03.tif,s3://morphology_profiles/filtered_mp/24357-Mito/merged_24357-Mito_m03.tif
O=c1nc(O)c(I)cn1[C@H]1C[C@H](O)[C@@H](CO)O1,24357,O10,s3://morphology_profiles/filtered_mp/24357-Hoechst/merged_24357-Hoechst_o10.tif,s3://morphology_profiles/filtered_mp/24357-ERSyto/merged_24357-ERSyto_o10.tif,s3://morphology_profiles/filtered_mp/24357-ERSytoBleed/merged_24357-ERSytoBleed_o10.tif,s3://morphology_profiles/filtered_mp/24357-Ph_golgi/merged_24357-Ph_golgi_o10.tif,s3://morphology_profiles/filtered_mp/24357-Mito/merged_24357-Mito_o10.tif
c1ccc2[nH]c(-c3cscn3)nc2c1,24357,P9,s3://morphology_profiles/filtered_mp/24357-Hoechst/merged_24357-Hoechst_p09.tif,s3://morphology_profiles/filtered_mp/24357-ERSyto/merged_24357-ERSyto_p09.tif,s3://morphology_profiles/filtered_mp/24357-ERSytoBleed/merged_24357-ERSytoBleed_p09.tif,s3://morphology_profiles/filtered_mp/24357-Ph_golgi/merged_24357-Ph_golgi_p09.tif,s3://morphology_profiles/filtered_mp/24357-Mito/merged_24357-Mito_p09.tif
NS(=O)(=O)c1cc(C(=O)O)c(NCc2ccco2)cc1Cl,24357,P18,s3://morphology_profiles/filtered_mp/24357-Hoechst/merged_24357-Hoechst_p18.tif,s3://morphology_profiles/filtered_mp/24357-ERSyto/merged_24357-ERSyto_p18.tif,s3://morphology_profiles/filtered_mp/24357-ERSytoBleed/merged_24357-ERSytoBleed_p18.tif,s3://morphology_profiles/filtered_mp/24357-Ph_golgi/merged_24357-Ph_golgi_p18.tif,s3://morphology_profiles/filtered_mp/24357-Mito/merged_24357-Mito_p18.tif
CCn1cc(C(=O)O)c(=O)c2cc(F)c(N3CCNCC3)nc21,24357,P21,s3://morphology_profiles/filtered_mp/24357-Hoechst/merged_24357-Hoechst_p21.tif,s3://morphology_profiles/filtered_mp/24357-ERSyto/merged_24357-ERSyto_p21.tif,s3://morphology_profiles/filtered_mp/24357-ERSytoBleed/merged_24357-ERSytoBleed_p21.tif,s3://morphology_profiles/filtered_mp/24357-Ph_golgi/merged_24357-Ph_golgi_p21.tif,s3://morphology_profiles/filtered_mp/24357-Mito/merged_24357-Mito_p21.tif
OCCNCCO,25420,M11,s3://morphology_profiles/filtered_mp/25420-Hoechst/merged_25420-Hoechst_m11.tif,s3://morphology_profiles/filtered_mp/25420-ERSyto/merged_25420-ERSyto_m11.tif,s3://morphology_profiles/filtered_mp/25420-ERSytoBleed/merged_25420-ERSytoBleed_m11.tif,s3://morphology_profiles/filtered_mp/25420-Ph_golgi/merged_25420-Ph_golgi_m11.tif,s3://morphology_profiles/filtered_mp/25420-Mito/merged_25420-Mito_m11.tif
OCCNCCO,25422,M11,s3://morphology_profiles/filtered_mp/25422-Hoechst/merged_25422-Hoechst_m11.tif,s3://morphology_profiles/filtered_mp/25422-ERSyto/merged_25422-ERSyto_m11.tif,s3://morphology_profiles/filtered_mp/25422-ERSytoBleed/merged_25422-ERSytoBleed_m11.tif,s3://morphology_profiles/filtered_mp/25422-Ph_golgi/merged_25422-Ph_golgi_m11.tif,s3://morphology_profiles/filtered_mp/25422-Mito/merged_25422-Mito_m11.tif
OCCNCCO,25424,M11,s3://morphology_profiles/filtered_mp/25424-Hoechst/merged_25424-Hoechst_m11.tif,s3://morphology_profiles/filtered_mp/25424-ERSyto/merged_25424-ERSyto_m11.tif,s3://morphology_profiles/filtered_mp/25424-ERSytoBleed/merged_25424-ERSytoBleed_m11.tif,s3://morphology_profiles/filtered_mp/25424-Ph_golgi/merged_25424-Ph_golgi_m11.tif,s3://morphology_profiles/filtered_mp/25424-Mito/merged_25424-Mito_m11.tif
OCCNCCO,25426,M11,s3://morphology_profiles/filtered_mp/25426-Hoechst/merged_25426-Hoechst_m11.tif,s3://morphology_profiles/filtered_mp/25426-ERSyto/merged_25426-ERSyto_m11.tif,s3://morphology_profiles/filtered_mp/25426-ERSytoBleed/merged_25426-ERSytoBleed_m11.tif,s3://morphology_profiles/filtered_mp/25426-Ph_golgi/merged_25426-Ph_golgi_m11.tif,s3://morphology_profiles/filtered_mp/25426-Mito/merged_25426-Mito_m11.tif
CC(=O)OC[C@H]1O[C@@H](n2ncc(O)nc2=O)[C@H](OC(C)=O)[C@@H]1OC(C)=O,25434,I16,s3://morphology_profiles/filtered_mp/25434-Hoechst/merged_25434-Hoechst_i16.tif,s3://morphology_profiles/filtered_mp/25434-ERSyto/merged_25434-ERSyto_i16.tif,s3://morphology_profiles/filtered_mp/25434-ERSytoBleed/merged_25434-ERSytoBleed_i16.tif,s3://morphology_profiles/filtered_mp/25434-Ph_golgi/merged_25434-Ph_golgi_i16.tif,s3://morphology_profiles/filtered_mp/25434-Mito/merged_25434-Mito_i16.tif
CC(=O)OC[C@H]1O[C@@H](n2ncc(O)nc2=O)[C@H](OC(C)=O)[C@@H]1OC(C)=O,25435,I16,s3://morphology_profiles/filtered_mp/25435-Hoechst/merged_25435-Hoechst_i16.tif,s3://morphology_profiles/filtered_mp/25435-ERSyto/merged_25435-ERSyto_i16.tif,s3://morphology_profiles/filtered_mp/25435-ERSytoBleed/merged_25435-ERSytoBleed_i16.tif,s3://morphology_profiles/filtered_mp/25435-Ph_golgi/merged_25435-Ph_golgi_i16.tif,s3://morphology_profiles/filtered_mp/25435-Mito/merged_25435-Mito_i16.tif
CC(=O)OC[C@H]1O[C@@H](n2ncc(O)nc2=O)[C@H](OC(C)=O)[C@@H]1OC(C)=O,25436,I16,s3://morphology_profiles/filtered_mp/25436-Hoechst/merged_25436-Hoechst_i16.tif,s3://morphology_profiles/filtered_mp/25436-ERSyto/merged_25436-ERSyto_i16.tif,s3://morphology_profiles/filtered_mp/25436-ERSytoBleed/merged_25436-ERSytoBleed_i16.tif,s3://morphology_profiles/filtered_mp/25436-Ph_golgi/merged_25436-Ph_golgi_i16.tif,s3://morphology_profiles/filtered_mp/25436-Mito/merged_25436-Mito_i16.tif
CC(=O)OC[C@H]1O[C@@H](n2ncc(O)nc2=O)[C@H](OC(C)=O)[C@@H]1OC(C)=O,25485,I16,s3://morphology_profiles/filtered_mp/25485-Hoechst/merged_25485-Hoechst_i16.tif,s3://morphology_profiles/filtered_mp/25485-ERSyto/merged_25485-ERSyto_i16.tif,s3://morphology_profiles/filtered_mp/25485-ERSytoBleed/merged_25485-ERSytoBleed_i16.tif,s3://morphology_profiles/filtered_mp/25485-Ph_golgi/merged_25485-Ph_golgi_i16.tif,s3://morphology_profiles/filtered_mp/25485-Mito/merged_25485-Mito_i16.tif
CC#C[C@]1(O)CC[C@H]2[C@@H]3CCC4=CC(=O)CCC4=C3[C@@H](c3ccc(N(C)C)cc3)C[C@@]21C,25503,C19,s3://morphology_profiles/filtered_mp/25503-Hoechst/merged_25503-Hoechst_c19.tif,s3://morphology_profiles/filtered_mp/25503-ERSyto/merged_25503-ERSyto_c19.tif,s3://morphology_profiles/filtered_mp/25503-ERSytoBleed/merged_25503-ERSytoBleed_c19.tif,s3://morphology_profiles/filtered_mp/25503-Ph_golgi/merged_25503-Ph_golgi_c19.tif,s3://morphology_profiles/filtered_mp/25503-Mito/merged_25503-Mito_c19.tif
CC#C[C@]1(O)CC[C@H]2[C@@H]3CCC4=CC(=O)CCC4=C3[C@@H](c3ccc(N(C)C)cc3)C[C@@]21C,25553,C19,s3://morphology_profiles/filtered_mp/25553-Hoechst/merged_25553-Hoechst_c19.tif,s3://morphology_profiles/filtered_mp/25553-ERSyto/merged_25553-ERSyto_c19.tif,s3://morphology_profiles/filtered_mp/25553-ERSytoBleed/merged_25553-ERSytoBleed_c19.tif,s3://morphology_profiles/filtered_mp/25553-Ph_golgi/merged_25553-Ph_golgi_c19.tif,s3://morphology_profiles/filtered_mp/25553-Mito/merged_25553-Mito_c19.tif
CC#C[C@]1(O)CC[C@H]2[C@@H]3CCC4=CC(=O)CCC4=C3[C@@H](c3ccc(N(C)C)cc3)C[C@@]21C,25564,C19,s3://morphology_profiles/filtered_mp/25564-Hoechst/merged_25564-Hoechst_c19.tif,s3://morphology_profiles/filtered_mp/25564-ERSyto/merged_25564-ERSyto_c19.tif,s3://morphology_profiles/filtered_mp/25564-ERSytoBleed/merged_25564-ERSytoBleed_c19.tif,s3://morphology_profiles/filtered_mp/25564-Ph_golgi/merged_25564-Ph_golgi_c19.tif,s3://morphology_profiles/filtered_mp/25564-Mito/merged_25564-Mito_c19.tif
CCOc1ccc2nc(S(N)(=O)=O)sc2c1,25681,B4,s3://morphology_profiles/filtered_mp/25681-Hoechst/merged_25681-Hoechst_b04.tif,s3://morphology_profiles/filtered_mp/25681-ERSyto/merged_25681-ERSyto_b04.tif,s3://morphology_profiles/filtered_mp/25681-ERSytoBleed/merged_25681-ERSytoBleed_b04.tif,s3://morphology_profiles/filtered_mp/25681-Ph_golgi/merged_25681-Ph_golgi_b04.tif,s3://morphology_profiles/filtered_mp/25681-Mito/merged_25681-Mito_b04.tif
CCOc1ccc2nc(S(N)(=O)=O)sc2c1,25683,B4,s3://morphology_profiles/filtered_mp/25683-Hoechst/merged_25683-Hoechst_b04.tif,s3://morphology_profiles/filtered_mp/25683-ERSyto/merged_25683-ERSyto_b04.tif,s3://morphology_profiles/filtered_mp/25683-ERSytoBleed/merged_25683-ERSytoBleed_b04.tif,s3://morphology_profiles/filtered_mp/25683-Ph_golgi/merged_25683-Ph_golgi_b04.tif,s3://morphology_profiles/filtered_mp/25683-Mito/merged_25683-Mito_b04.tif
CCOc1ccc2nc(S(N)(=O)=O)sc2c1,25686,B4,s3://morphology_profiles/filtered_mp/25686-Hoechst/merged_25686-Hoechst_b04.tif,s3://morphology_profiles/filtered_mp/25686-ERSyto/merged_25686-ERSyto_b04.tif,s3://morphology_profiles/filtered_mp/25686-ERSytoBleed/merged_25686-ERSytoBleed_b04.tif,s3://morphology_profiles/filtered_mp/25686-Ph_golgi/merged_25686-Ph_golgi_b04.tif,s3://morphology_profiles/filtered_mp/25686-Mito/merged_25686-Mito_b04.tif
CCOc1ccc2nc(S(N)(=O)=O)sc2c1,25688,B4,s3://morphology_profiles/filtered_mp/25688-Hoechst/merged_25688-Hoechst_b04.tif,s3://morphology_profiles/filtered_mp/25688-ERSyto/merged_25688-ERSyto_b04.tif,s3://morphology_profiles/filtered_mp/25688-ERSytoBleed/merged_25688-ERSytoBleed_b04.tif,s3://morphology_profiles/filtered_mp/25688-Ph_golgi/merged_25688-Ph_golgi_b04.tif,s3://morphology_profiles/filtered_mp/25688-Mito/merged_25688-Mito_b04.tif
CC1CS(=O)(=O)CCN1N=Cc1ccc([N+](=O)[O-])o1,25937,A1,s3://morphology_profiles/filtered_mp/25937-Hoechst/merged_25937-Hoechst_a01.tif,s3://morphology_profiles/filtered_mp/25937-ERSyto/merged_25937-ERSyto_a01.tif,s3://morphology_profiles/filtered_mp/25937-ERSytoBleed/merged_25937-ERSytoBleed_a01.tif,s3://morphology_profiles/filtered_mp/25937-Ph_golgi/merged_25937-Ph_golgi_a01.tif,s3://morphology_profiles/filtered_mp/25937-Mito/merged_25937-Mito_a01.tif
Cn1c(=O)c2c(ncn2CC(O)CO)n(C)c1=O,25937,A5,s3://morphology_profiles/filtered_mp/25937-Hoechst/merged_25937-Hoechst_a05.tif,s3://morphology_profiles/filtered_mp/25937-ERSyto/merged_25937-ERSyto_a05.tif,s3://morphology_profiles/filtered_mp/25937-ERSytoBleed/merged_25937-ERSytoBleed_a05.tif,s3://morphology_profiles/filtered_mp/25937-Ph_golgi/merged_25937-Ph_golgi_a05.tif,s3://morphology_profiles/filtered_mp/25937-Mito/merged_25937-Mito_a05.tif
CC(C)NCC(O)COc1ccc(CCOCC2CC2)cc1,25937,A21,s3://morphology_profiles/filtered_mp/25937-Hoechst/merged_25937-Hoechst_a21.tif,s3://morphology_profiles/filtered_mp/25937-ERSyto/merged_25937-ERSyto_a21.tif,s3://morphology_profiles/filtered_mp/25937-ERSytoBleed/merged_25937-ERSytoBleed_a21.tif,s3://morphology_profiles/filtered_mp/25937-Ph_golgi/merged_25937-Ph_golgi_a21.tif,s3://morphology_profiles/filtered_mp/25937-Mito/merged_25937-Mito_a21.tif
CC(CCc1ccccc1)NCC(O)c1ccc(O)c(C(=N)O)c1,25937,C8,s3://morphology_profiles/filtered_mp/25937-Hoechst/merged_25937-Hoechst_c08.tif,s3://morphology_profiles/filtered_mp/25937-ERSyto/merged_25937-ERSyto_c08.tif,s3://morphology_profiles/filtered_mp/25937-ERSytoBleed/merged_25937-ERSytoBleed_c08.tif,s3://morphology_profiles/filtered_mp/25937-Ph_golgi/merged_25937-Ph_golgi_c08.tif,s3://morphology_profiles/filtered_mp/25937-Mito/merged_25937-Mito_c08.tif
CC(C)NCC(O)COc1cccc2ccccc12,25937,D14,s3://morphology_profiles/filtered_mp/25937-Hoechst/merged_25937-Hoechst_d14.tif,s3://morphology_profiles/filtered_mp/25937-ERSyto/merged_25937-ERSyto_d14.tif,s3://morphology_profiles/filtered_mp/25937-ERSytoBleed/merged_25937-ERSytoBleed_d14.tif,s3://morphology_profiles/filtered_mp/25937-Ph_golgi/merged_25937-Ph_golgi_d14.tif,s3://morphology_profiles/filtered_mp/25937-Mito/merged_25937-Mito_d14.tif
CC1=C(CC(=O)O)c2cc(F)ccc2/C1=C\c1ccc(S(C)=O)cc1,25937,E16,s3://morphology_profiles/filtered_mp/25937-Hoechst/merged_25937-Hoechst_e16.tif,s3://morphology_profiles/filtered_mp/25937-ERSyto/merged_25937-ERSyto_e16.tif,s3://morphology_profiles/filtered_mp/25937-ERSytoBleed/merged_25937-ERSytoBleed_e16.tif,s3://morphology_profiles/filtered_mp/25937-Ph_golgi/merged_25937-Ph_golgi_e16.tif,s3://morphology_profiles/filtered_mp/25937-Mito/merged_25937-Mito_e16.tif
CN1C(=O)CCS(=O)(=O)C1c1ccc(Cl)cc1,25937,H1,s3://morphology_profiles/filtered_mp/25937-Hoechst/merged_25937-Hoechst_h01.tif,s3://morphology_profiles/filtered_mp/25937-ERSyto/merged_25937-ERSyto_h01.tif,s3://morphology_profiles/filtered_mp/25937-ERSytoBleed/merged_25937-ERSytoBleed_h01.tif,s3://morphology_profiles/filtered_mp/25937-Ph_golgi/merged_25937-Ph_golgi_h01.tif,s3://morphology_profiles/filtered_mp/25937-Mito/merged_25937-Mito_h01.tif
O=C(C1CCCCC1)N1CC(=O)N2CCc3ccccc3C2C1,25937,H9,s3://morphology_profiles/filtered_mp/25937-Hoechst/merged_25937-Hoechst_h09.tif,s3://morphology_profiles/filtered_mp/25937-ERSyto/merged_25937-ERSyto_h09.tif,s3://morphology_profiles/filtered_mp/25937-ERSytoBleed/merged_25937-ERSytoBleed_h09.tif,s3://morphology_profiles/filtered_mp/25937-Ph_golgi/merged_25937-Ph_golgi_h09.tif,s3://morphology_profiles/filtered_mp/25937-Mito/merged_25937-Mito_h09.tif
CCC1(c2ccc(N)cc2)CCC(O)=NC1=O,25937,I17,s3://morphology_profiles/filtered_mp/25937-Hoechst/merged_25937-Hoechst_i17.tif,s3://morphology_profiles/filtered_mp/25937-ERSyto/merged_25937-ERSyto_i17.tif,s3://morphology_profiles/filtered_mp/25937-ERSytoBleed/merged_25937-ERSytoBleed_i17.tif,s3://morphology_profiles/filtered_mp/25937-Ph_golgi/merged_25937-Ph_golgi_i17.tif,s3://morphology_profiles/filtered_mp/25937-Mito/merged_25937-Mito_i17.tif
NS(=O)(=O)c1cc(C2(O)N=C(O)c3ccccc32)ccc1Cl,25937,J2,s3://morphology_profiles/filtered_mp/25937-Hoechst/merged_25937-Hoechst_j02.tif,s3://morphology_profiles/filtered_mp/25937-ERSyto/merged_25937-ERSyto_j02.tif,s3://morphology_profiles/filtered_mp/25937-ERSytoBleed/merged_25937-ERSytoBleed_j02.tif,s3://morphology_profiles/filtered_mp/25937-Ph_golgi/merged_25937-Ph_golgi_j02.tif,s3://morphology_profiles/filtered_mp/25937-Mito/merged_25937-Mito_j02.tif
NS(=O)(=O)c1cc2c(cc1Cl)NC(C(Cl)Cl)NS2(=O)=O,25937,J17,s3://morphology_profiles/filtered_mp/25937-Hoechst/merged_25937-Hoechst_j17.tif,s3://morphology_profiles/filtered_mp/25937-ERSyto/merged_25937-ERSyto_j17.tif,s3://morphology_profiles/filtered_mp/25937-ERSytoBleed/merged_25937-ERSytoBleed_j17.tif,s3://morphology_profiles/filtered_mp/25937-Ph_golgi/merged_25937-Ph_golgi_j17.tif,s3://morphology_profiles/filtered_mp/25937-Mito/merged_25937-Mito_j17.tif
CN1Cc2c(N)cccc2C(c2ccccc2)C1,25937,K4,s3://morphology_profiles/filtered_mp/25937-Hoechst/merged_25937-Hoechst_k04.tif,s3://morphology_profiles/filtered_mp/25937-ERSyto/merged_25937-ERSyto_k04.tif,s3://morphology_profiles/filtered_mp/25937-ERSytoBleed/merged_25937-ERSytoBleed_k04.tif,s3://morphology_profiles/filtered_mp/25937-Ph_golgi/merged_25937-Ph_golgi_k04.tif,s3://morphology_profiles/filtered_mp/25937-Mito/merged_25937-Mito_k04.tif
COc1ccccc1OCC(O)COC(=N)O,25937,K20,s3://morphology_profiles/filtered_mp/25937-Hoechst/merged_25937-Hoechst_k20.tif,s3://morphology_profiles/filtered_mp/25937-ERSyto/merged_25937-ERSyto_k20.tif,s3://morphology_profiles/filtered_mp/25937-ERSytoBleed/merged_25937-ERSytoBleed_k20.tif,s3://morphology_profiles/filtered_mp/25937-Ph_golgi/merged_25937-Ph_golgi_k20.tif,s3://morphology_profiles/filtered_mp/25937-Mito/merged_25937-Mito_k20.tif
O=C1C(CCS(=O)c2ccccc2)C(=O)N(c2ccccc2)N1c1ccccc1,25937,M20,s3://morphology_profiles/filtered_mp/25937-Hoechst/merged_25937-Hoechst_m20.tif,s3://morphology_profiles/filtered_mp/25937-ERSyto/merged_25937-ERSyto_m20.tif,s3://morphology_profiles/filtered_mp/25937-ERSytoBleed/merged_25937-ERSytoBleed_m20.tif,s3://morphology_profiles/filtered_mp/25937-Ph_golgi/merged_25937-Ph_golgi_m20.tif,s3://morphology_profiles/filtered_mp/25937-Mito/merged_25937-Mito_m20.tif
CC(CCc1ccccc1)NC(C)C(O)c1ccc(O)cc1,25937,M21,s3://morphology_profiles/filtered_mp/25937-Hoechst/merged_25937-Hoechst_m21.tif,s3://morphology_profiles/filtered_mp/25937-ERSyto/merged_25937-ERSyto_m21.tif,s3://morphology_profiles/filtered_mp/25937-ERSytoBleed/merged_25937-ERSytoBleed_m21.tif,s3://morphology_profiles/filtered_mp/25937-Ph_golgi/merged_25937-Ph_golgi_m21.tif,s3://morphology_profiles/filtered_mp/25937-Mito/merged_25937-Mito_m21.tif
O=C(c1ccccc1)c1ccc2n1CCC2C(=O)O,25937,O8,s3://morphology_profiles/filtered_mp/25937-Hoechst/merged_25937-Hoechst_o08.tif,s3://morphology_profiles/filtered_mp/25937-ERSyto/merged_25937-ERSyto_o08.tif,s3://morphology_profiles/filtered_mp/25937-ERSytoBleed/merged_25937-ERSytoBleed_o08.tif,s3://morphology_profiles/filtered_mp/25937-Ph_golgi/merged_25937-Ph_golgi_o08.tif,s3://morphology_profiles/filtered_mp/25937-Mito/merged_25937-Mito_o08.tif
O=C(O)COCCN1CCN(C(c2ccccc2)c2ccc(Cl)cc2)CC1,25937,P3,s3://morphology_profiles/filtered_mp/25937-Hoechst/merged_25937-Hoechst_p03.tif,s3://morphology_profiles/filtered_mp/25937-ERSyto/merged_25937-ERSyto_p03.tif,s3://morphology_profiles/filtered_mp/25937-ERSytoBleed/merged_25937-ERSytoBleed_p03.tif,s3://morphology_profiles/filtered_mp/25937-Ph_golgi/merged_25937-Ph_golgi_p03.tif,s3://morphology_profiles/filtered_mp/25937-Mito/merged_25937-Mito_p03.tif
CC1CS(=O)(=O)CCN1N=Cc1ccc([N+](=O)[O-])o1,25938,A1,s3://morphology_profiles/filtered_mp/25938-Hoechst/merged_25938-Hoechst_a01.tif,s3://morphology_profiles/filtered_mp/25938-ERSyto/merged_25938-ERSyto_a01.tif,s3://morphology_profiles/filtered_mp/25938-ERSytoBleed/merged_25938-ERSytoBleed_a01.tif,s3://morphology_profiles/filtered_mp/25938-Ph_golgi/merged_25938-Ph_golgi_a01.tif,s3://morphology_profiles/filtered_mp/25938-Mito/merged_25938-Mito_a01.tif
Cn1c(=O)c2c(ncn2CC(O)CO)n(C)c1=O,25938,A5,s3://morphology_profiles/filtered_mp/25938-Hoechst/merged_25938-Hoechst_a05.tif,s3://morphology_profiles/filtered_mp/25938-ERSyto/merged_25938-ERSyto_a05.tif,s3://morphology_profiles/filtered_mp/25938-ERSytoBleed/merged_25938-ERSytoBleed_a05.tif,s3://morphology_profiles/filtered_mp/25938-Ph_golgi/merged_25938-Ph_golgi_a05.tif,s3://morphology_profiles/filtered_mp/25938-Mito/merged_25938-Mito_a05.tif
CC(C)NCC(O)COc1ccc(CCOCC2CC2)cc1,25938,A21,s3://morphology_profiles/filtered_mp/25938-Hoechst/merged_25938-Hoechst_a21.tif,s3://morphology_profiles/filtered_mp/25938-ERSyto/merged_25938-ERSyto_a21.tif,s3://morphology_profiles/filtered_mp/25938-ERSytoBleed/merged_25938-ERSytoBleed_a21.tif,s3://morphology_profiles/filtered_mp/25938-Ph_golgi/merged_25938-Ph_golgi_a21.tif,s3://morphology_profiles/filtered_mp/25938-Mito/merged_25938-Mito_a21.tif
CC(CCc1ccccc1)NCC(O)c1ccc(O)c(C(=N)O)c1,25938,C8,s3://morphology_profiles/filtered_mp/25938-Hoechst/merged_25938-Hoechst_c08.tif,s3://morphology_profiles/filtered_mp/25938-ERSyto/merged_25938-ERSyto_c08.tif,s3://morphology_profiles/filtered_mp/25938-ERSytoBleed/merged_25938-ERSytoBleed_c08.tif,s3://morphology_profiles/filtered_mp/25938-Ph_golgi/merged_25938-Ph_golgi_c08.tif,s3://morphology_profiles/filtered_mp/25938-Mito/merged_25938-Mito_c08.tif
CC(C)NCC(O)COc1cccc2ccccc12,25938,D14,s3://morphology_profiles/filtered_mp/25938-Hoechst/merged_25938-Hoechst_d14.tif,s3://morphology_profiles/filtered_mp/25938-ERSyto/merged_25938-ERSyto_d14.tif,s3://morphology_profiles/filtered_mp/25938-ERSytoBleed/merged_25938-ERSytoBleed_d14.tif,s3://morphology_profiles/filtered_mp/25938-Ph_golgi/merged_25938-Ph_golgi_d14.tif,s3://morphology_profiles/filtered_mp/25938-Mito/merged_25938-Mito_d14.tif
CC1=C(CC(=O)O)c2cc(F)ccc2/C1=C\c1ccc(S(C)=O)cc1,25938,E16,s3://morphology_profiles/filtered_mp/25938-Hoechst/merged_25938-Hoechst_e16.tif,s3://morphology_profiles/filtered_mp/25938-ERSyto/merged_25938-ERSyto_e16.tif,s3://morphology_profiles/filtered_mp/25938-ERSytoBleed/merged_25938-ERSytoBleed_e16.tif,s3://morphology_profiles/filtered_mp/25938-Ph_golgi/merged_25938-Ph_golgi_e16.tif,s3://morphology_profiles/filtered_mp/25938-Mito/merged_25938-Mito_e16.tif
CN1C(=O)CCS(=O)(=O)C1c1ccc(Cl)cc1,25938,H1,s3://morphology_profiles/filtered_mp/25938-Hoechst/merged_25938-Hoechst_h01.tif,s3://morphology_profiles/filtered_mp/25938-ERSyto/merged_25938-ERSyto_h01.tif,s3://morphology_profiles/filtered_mp/25938-ERSytoBleed/merged_25938-ERSytoBleed_h01.tif,s3://morphology_profiles/filtered_mp/25938-Ph_golgi/merged_25938-Ph_golgi_h01.tif,s3://morphology_profiles/filtered_mp/25938-Mito/merged_25938-Mito_h01.tif
O=C(C1CCCCC1)N1CC(=O)N2CCc3ccccc3C2C1,25938,H9,s3://morphology_profiles/filtered_mp/25938-Hoechst/merged_25938-Hoechst_h09.tif,s3://morphology_profiles/filtered_mp/25938-ERSyto/merged_25938-ERSyto_h09.tif,s3://morphology_profiles/filtered_mp/25938-ERSytoBleed/merged_25938-ERSytoBleed_h09.tif,s3://morphology_profiles/filtered_mp/25938-Ph_golgi/merged_25938-Ph_golgi_h09.tif,s3://morphology_profiles/filtered_mp/25938-Mito/merged_25938-Mito_h09.tif
CCC1(c2ccc(N)cc2)CCC(O)=NC1=O,25938,I17,s3://morphology_profiles/filtered_mp/25938-Hoechst/merged_25938-Hoechst_i17.tif,s3://morphology_profiles/filtered_mp/25938-ERSyto/merged_25938-ERSyto_i17.tif,s3://morphology_profiles/filtered_mp/25938-ERSytoBleed/merged_25938-ERSytoBleed_i17.tif,s3://morphology_profiles/filtered_mp/25938-Ph_golgi/merged_25938-Ph_golgi_i17.tif,s3://morphology_profiles/filtered_mp/25938-Mito/merged_25938-Mito_i17.tif
NS(=O)(=O)c1cc(C2(O)N=C(O)c3ccccc32)ccc1Cl,25938,J2,s3://morphology_profiles/filtered_mp/25938-Hoechst/merged_25938-Hoechst_j02.tif,s3://morphology_profiles/filtered_mp/25938-ERSyto/merged_25938-ERSyto_j02.tif,s3://morphology_profiles/filtered_mp/25938-ERSytoBleed/merged_25938-ERSytoBleed_j02.tif,s3://morphology_profiles/filtered_mp/25938-Ph_golgi/merged_25938-Ph_golgi_j02.tif,s3://morphology_profiles/filtered_mp/25938-Mito/merged_25938-Mito_j02.tif
NS(=O)(=O)c1cc2c(cc1Cl)NC(C(Cl)Cl)NS2(=O)=O,25938,J17,s3://morphology_profiles/filtered_mp/25938-Hoechst/merged_25938-Hoechst_j17.tif,s3://morphology_profiles/filtered_mp/25938-ERSyto/merged_25938-ERSyto_j17.tif,s3://morphology_profiles/filtered_mp/25938-ERSytoBleed/merged_25938-ERSytoBleed_j17.tif,s3://morphology_profiles/filtered_mp/25938-Ph_golgi/merged_25938-Ph_golgi_j17.tif,s3://morphology_profiles/filtered_mp/25938-Mito/merged_25938-Mito_j17.tif
CN1Cc2c(N)cccc2C(c2ccccc2)C1,25938,K4,s3://morphology_profiles/filtered_mp/25938-Hoechst/merged_25938-Hoechst_k04.tif,s3://morphology_profiles/filtered_mp/25938-ERSyto/merged_25938-ERSyto_k04.tif,s3://morphology_profiles/filtered_mp/25938-ERSytoBleed/merged_25938-ERSytoBleed_k04.tif,s3://morphology_profiles/filtered_mp/25938-Ph_golgi/merged_25938-Ph_golgi_k04.tif,s3://morphology_profiles/filtered_mp/25938-Mito/merged_25938-Mito_k04.tif
COc1ccccc1OCC(O)COC(=N)O,25938,K20,s3://morphology_profiles/filtered_mp/25938-Hoechst/merged_25938-Hoechst_k20.tif,s3://morphology_profiles/filtered_mp/25938-ERSyto/merged_25938-ERSyto_k20.tif,s3://morphology_profiles/filtered_mp/25938-ERSytoBleed/merged_25938-ERSytoBleed_k20.tif,s3://morphology_profiles/filtered_mp/25938-Ph_golgi/merged_25938-Ph_golgi_k20.tif,s3://morphology_profiles/filtered_mp/25938-Mito/merged_25938-Mito_k20.tif
O=C1C(CCS(=O)c2ccccc2)C(=O)N(c2ccccc2)N1c1ccccc1,25938,M20,s3://morphology_profiles/filtered_mp/25938-Hoechst/merged_25938-Hoechst_m20.tif,s3://morphology_profiles/filtered_mp/25938-ERSyto/merged_25938-ERSyto_m20.tif,s3://morphology_profiles/filtered_mp/25938-ERSytoBleed/merged_25938-ERSytoBleed_m20.tif,s3://morphology_profiles/filtered_mp/25938-Ph_golgi/merged_25938-Ph_golgi_m20.tif,s3://morphology_profiles/filtered_mp/25938-Mito/merged_25938-Mito_m20.tif
CC(CCc1ccccc1)NC(C)C(O)c1ccc(O)cc1,25938,M21,s3://morphology_profiles/filtered_mp/25938-Hoechst/merged_25938-Hoechst_m21.tif,s3://morphology_profiles/filtered_mp/25938-ERSyto/merged_25938-ERSyto_m21.tif,s3://morphology_profiles/filtered_mp/25938-ERSytoBleed/merged_25938-ERSytoBleed_m21.tif,s3://morphology_profiles/filtered_mp/25938-Ph_golgi/merged_25938-Ph_golgi_m21.tif,s3://morphology_profiles/filtered_mp/25938-Mito/merged_25938-Mito_m21.tif
O=C(c1ccccc1)c1ccc2n1CCC2C(=O)O,25938,O8,s3://morphology_profiles/filtered_mp/25938-Hoechst/merged_25938-Hoechst_o08.tif,s3://morphology_profiles/filtered_mp/25938-ERSyto/merged_25938-ERSyto_o08.tif,s3://morphology_profiles/filtered_mp/25938-ERSytoBleed/merged_25938-ERSytoBleed_o08.tif,s3://morphology_profiles/filtered_mp/25938-Ph_golgi/merged_25938-Ph_golgi_o08.tif,s3://morphology_profiles/filtered_mp/25938-Mito/merged_25938-Mito_o08.tif
O=C(O)COCCN1CCN(C(c2ccccc2)c2ccc(Cl)cc2)CC1,25938,P3,s3://morphology_profiles/filtered_mp/25938-Hoechst/merged_25938-Hoechst_p03.tif,s3://morphology_profiles/filtered_mp/25938-ERSyto/merged_25938-ERSyto_p03.tif,s3://morphology_profiles/filtered_mp/25938-ERSytoBleed/merged_25938-ERSytoBleed_p03.tif,s3://morphology_profiles/filtered_mp/25938-Ph_golgi/merged_25938-Ph_golgi_p03.tif,s3://morphology_profiles/filtered_mp/25938-Mito/merged_25938-Mito_p03.tif
CC1CS(=O)(=O)CCN1N=Cc1ccc([N+](=O)[O-])o1,25939,A1,s3://morphology_profiles/filtered_mp/25939-Hoechst/merged_25939-Hoechst_a01.tif,s3://morphology_profiles/filtered_mp/25939-ERSyto/merged_25939-ERSyto_a01.tif,s3://morphology_profiles/filtered_mp/25939-ERSytoBleed/merged_25939-ERSytoBleed_a01.tif,s3://morphology_profiles/filtered_mp/25939-Ph_golgi/merged_25939-Ph_golgi_a01.tif,s3://morphology_profiles/filtered_mp/25939-Mito/merged_25939-Mito_a01.tif
Cn1c(=O)c2c(ncn2CC(O)CO)n(C)c1=O,25939,A5,s3://morphology_profiles/filtered_mp/25939-Hoechst/merged_25939-Hoechst_a05.tif,s3://morphology_profiles/filtered_mp/25939-ERSyto/merged_25939-ERSyto_a05.tif,s3://morphology_profiles/filtered_mp/25939-ERSytoBleed/merged_25939-ERSytoBleed_a05.tif,s3://morphology_profiles/filtered_mp/25939-Ph_golgi/merged_25939-Ph_golgi_a05.tif,s3://morphology_profiles/filtered_mp/25939-Mito/merged_25939-Mito_a05.tif
CC(C)NCC(O)COc1ccc(CCOCC2CC2)cc1,25939,A21,s3://morphology_profiles/filtered_mp/25939-Hoechst/merged_25939-Hoechst_a21.tif,s3://morphology_profiles/filtered_mp/25939-ERSyto/merged_25939-ERSyto_a21.tif,s3://morphology_profiles/filtered_mp/25939-ERSytoBleed/merged_25939-ERSytoBleed_a21.tif,s3://morphology_profiles/filtered_mp/25939-Ph_golgi/merged_25939-Ph_golgi_a21.tif,s3://morphology_profiles/filtered_mp/25939-Mito/merged_25939-Mito_a21.tif
CC(CCc1ccccc1)NCC(O)c1ccc(O)c(C(=N)O)c1,25939,C8,s3://morphology_profiles/filtered_mp/25939-Hoechst/merged_25939-Hoechst_c08.tif,s3://morphology_profiles/filtered_mp/25939-ERSyto/merged_25939-ERSyto_c08.tif,s3://morphology_profiles/filtered_mp/25939-ERSytoBleed/merged_25939-ERSytoBleed_c08.tif,s3://morphology_profiles/filtered_mp/25939-Ph_golgi/merged_25939-Ph_golgi_c08.tif,s3://morphology_profiles/filtered_mp/25939-Mito/merged_25939-Mito_c08.tif
CC(C)NCC(O)COc1cccc2ccccc12,25939,D14,s3://morphology_profiles/filtered_mp/25939-Hoechst/merged_25939-Hoechst_d14.tif,s3://morphology_profiles/filtered_mp/25939-ERSyto/merged_25939-ERSyto_d14.tif,s3://morphology_profiles/filtered_mp/25939-ERSytoBleed/merged_25939-ERSytoBleed_d14.tif,s3://morphology_profiles/filtered_mp/25939-Ph_golgi/merged_25939-Ph_golgi_d14.tif,s3://morphology_profiles/filtered_mp/25939-Mito/merged_25939-Mito_d14.tif
CC1=C(CC(=O)O)c2cc(F)ccc2/C1=C\c1ccc(S(C)=O)cc1,25939,E16,s3://morphology_profiles/filtered_mp/25939-Hoechst/merged_25939-Hoechst_e16.tif,s3://morphology_profiles/filtered_mp/25939-ERSyto/merged_25939-ERSyto_e16.tif,s3://morphology_profiles/filtered_mp/25939-ERSytoBleed/merged_25939-ERSytoBleed_e16.tif,s3://morphology_profiles/filtered_mp/25939-Ph_golgi/merged_25939-Ph_golgi_e16.tif,s3://morphology_profiles/filtered_mp/25939-Mito/merged_25939-Mito_e16.tif
CN1C(=O)CCS(=O)(=O)C1c1ccc(Cl)cc1,25939,H1,s3://morphology_profiles/filtered_mp/25939-Hoechst/merged_25939-Hoechst_h01.tif,s3://morphology_profiles/filtered_mp/25939-ERSyto/merged_25939-ERSyto_h01.tif,s3://morphology_profiles/filtered_mp/25939-ERSytoBleed/merged_25939-ERSytoBleed_h01.tif,s3://morphology_profiles/filtered_mp/25939-Ph_golgi/merged_25939-Ph_golgi_h01.tif,s3://morphology_profiles/filtered_mp/25939-Mito/merged_25939-Mito_h01.tif
O=C(C1CCCCC1)N1CC(=O)N2CCc3ccccc3C2C1,25939,H9,s3://morphology_profiles/filtered_mp/25939-Hoechst/merged_25939-Hoechst_h09.tif,s3://morphology_profiles/filtered_mp/25939-ERSyto/merged_25939-ERSyto_h09.tif,s3://morphology_profiles/filtered_mp/25939-ERSytoBleed/merged_25939-ERSytoBleed_h09.tif,s3://morphology_profiles/filtered_mp/25939-Ph_golgi/merged_25939-Ph_golgi_h09.tif,s3://morphology_profiles/filtered_mp/25939-Mito/merged_25939-Mito_h09.tif
CCC1(c2ccc(N)cc2)CCC(O)=NC1=O,25939,I17,s3://morphology_profiles/filtered_mp/25939-Hoechst/merged_25939-Hoechst_i17.tif,s3://morphology_profiles/filtered_mp/25939-ERSyto/merged_25939-ERSyto_i17.tif,s3://morphology_profiles/filtered_mp/25939-ERSytoBleed/merged_25939-ERSytoBleed_i17.tif,s3://morphology_profiles/filtered_mp/25939-Ph_golgi/merged_25939-Ph_golgi_i17.tif,s3://morphology_profiles/filtered_mp/25939-Mito/merged_25939-Mito_i17.tif
NS(=O)(=O)c1cc(C2(O)N=C(O)c3ccccc32)ccc1Cl,25939,J2,s3://morphology_profiles/filtered_mp/25939-Hoechst/merged_25939-Hoechst_j02.tif,s3://morphology_profiles/filtered_mp/25939-ERSyto/merged_25939-ERSyto_j02.tif,s3://morphology_profiles/filtered_mp/25939-ERSytoBleed/merged_25939-ERSytoBleed_j02.tif,s3://morphology_profiles/filtered_mp/25939-Ph_golgi/merged_25939-Ph_golgi_j02.tif,s3://morphology_profiles/filtered_mp/25939-Mito/merged_25939-Mito_j02.tif
NS(=O)(=O)c1cc2c(cc1Cl)NC(C(Cl)Cl)NS2(=O)=O,25939,J17,s3://morphology_profiles/filtered_mp/25939-Hoechst/merged_25939-Hoechst_j17.tif,s3://morphology_profiles/filtered_mp/25939-ERSyto/merged_25939-ERSyto_j17.tif,s3://morphology_profiles/filtered_mp/25939-ERSytoBleed/merged_25939-ERSytoBleed_j17.tif,s3://morphology_profiles/filtered_mp/25939-Ph_golgi/merged_25939-Ph_golgi_j17.tif,s3://morphology_profiles/filtered_mp/25939-Mito/merged_25939-Mito_j17.tif
CN1Cc2c(N)cccc2C(c2ccccc2)C1,25939,K4,s3://morphology_profiles/filtered_mp/25939-Hoechst/merged_25939-Hoechst_k04.tif,s3://morphology_profiles/filtered_mp/25939-ERSyto/merged_25939-ERSyto_k04.tif,s3://morphology_profiles/filtered_mp/25939-ERSytoBleed/merged_25939-ERSytoBleed_k04.tif,s3://morphology_profiles/filtered_mp/25939-Ph_golgi/merged_25939-Ph_golgi_k04.tif,s3://morphology_profiles/filtered_mp/25939-Mito/merged_25939-Mito_k04.tif
COc1ccccc1OCC(O)COC(=N)O,25939,K20,s3://morphology_profiles/filtered_mp/25939-Hoechst/merged_25939-Hoechst_k20.tif,s3://morphology_profiles/filtered_mp/25939-ERSyto/merged_25939-ERSyto_k20.tif,s3://morphology_profiles/filtered_mp/25939-ERSytoBleed/merged_25939-ERSytoBleed_k20.tif,s3://morphology_profiles/filtered_mp/25939-Ph_golgi/merged_25939-Ph_golgi_k20.tif,s3://morphology_profiles/filtered_mp/25939-Mito/merged_25939-Mito_k20.tif
O=C1C(CCS(=O)c2ccccc2)C(=O)N(c2ccccc2)N1c1ccccc1,25939,M20,s3://morphology_profiles/filtered_mp/25939-Hoechst/merged_25939-Hoechst_m20.tif,s3://morphology_profiles/filtered_mp/25939-ERSyto/merged_25939-ERSyto_m20.tif,s3://morphology_profiles/filtered_mp/25939-ERSytoBleed/merged_25939-ERSytoBleed_m20.tif,s3://morphology_profiles/filtered_mp/25939-Ph_golgi/merged_25939-Ph_golgi_m20.tif,s3://morphology_profiles/filtered_mp/25939-Mito/merged_25939-Mito_m20.tif
CC(CCc1ccccc1)NC(C)C(O)c1ccc(O)cc1,25939,M21,s3://morphology_profiles/filtered_mp/25939-Hoechst/merged_25939-Hoechst_m21.tif,s3://morphology_profiles/filtered_mp/25939-ERSyto/merged_25939-ERSyto_m21.tif,s3://morphology_profiles/filtered_mp/25939-ERSytoBleed/merged_25939-ERSytoBleed_m21.tif,s3://morphology_profiles/filtered_mp/25939-Ph_golgi/merged_25939-Ph_golgi_m21.tif,s3://morphology_profiles/filtered_mp/25939-Mito/merged_25939-Mito_m21.tif
O=C(c1ccccc1)c1ccc2n1CCC2C(=O)O,25939,O8,s3://morphology_profiles/filtered_mp/25939-Hoechst/merged_25939-Hoechst_o08.tif,s3://morphology_profiles/filtered_mp/25939-ERSyto/merged_25939-ERSyto_o08.tif,s3://morphology_profiles/filtered_mp/25939-ERSytoBleed/merged_25939-ERSytoBleed_o08.tif,s3://morphology_profiles/filtered_mp/25939-Ph_golgi/merged_25939-Ph_golgi_o08.tif,s3://morphology_profiles/filtered_mp/25939-Mito/merged_25939-Mito_o08.tif
O=C(O)COCCN1CCN(C(c2ccccc2)c2ccc(Cl)cc2)CC1,25939,P3,s3://morphology_profiles/filtered_mp/25939-Hoechst/merged_25939-Hoechst_p03.tif,s3://morphology_profiles/filtered_mp/25939-ERSyto/merged_25939-ERSyto_p03.tif,s3://morphology_profiles/filtered_mp/25939-ERSytoBleed/merged_25939-ERSytoBleed_p03.tif,s3://morphology_profiles/filtered_mp/25939-Ph_golgi/merged_25939-Ph_golgi_p03.tif,s3://morphology_profiles/filtered_mp/25939-Mito/merged_25939-Mito_p03.tif
CC1CS(=O)(=O)CCN1N=Cc1ccc([N+](=O)[O-])o1,25943,A1,s3://morphology_profiles/filtered_mp/25943-Hoechst/merged_25943-Hoechst_a01.tif,s3://morphology_profiles/filtered_mp/25943-ERSyto/merged_25943-ERSyto_a01.tif,s3://morphology_profiles/filtered_mp/25943-ERSytoBleed/merged_25943-ERSytoBleed_a01.tif,s3://morphology_profiles/filtered_mp/25943-Ph_golgi/merged_25943-Ph_golgi_a01.tif,s3://morphology_profiles/filtered_mp/25943-Mito/merged_25943-Mito_a01.tif
Cn1c(=O)c2c(ncn2CC(O)CO)n(C)c1=O,25943,A5,s3://morphology_profiles/filtered_mp/25943-Hoechst/merged_25943-Hoechst_a05.tif,s3://morphology_profiles/filtered_mp/25943-ERSyto/merged_25943-ERSyto_a05.tif,s3://morphology_profiles/filtered_mp/25943-ERSytoBleed/merged_25943-ERSytoBleed_a05.tif,s3://morphology_profiles/filtered_mp/25943-Ph_golgi/merged_25943-Ph_golgi_a05.tif,s3://morphology_profiles/filtered_mp/25943-Mito/merged_25943-Mito_a05.tif
CC(C)NCC(O)COc1ccc(CCOCC2CC2)cc1,25943,A21,s3://morphology_profiles/filtered_mp/25943-Hoechst/merged_25943-Hoechst_a21.tif,s3://morphology_profiles/filtered_mp/25943-ERSyto/merged_25943-ERSyto_a21.tif,s3://morphology_profiles/filtered_mp/25943-ERSytoBleed/merged_25943-ERSytoBleed_a21.tif,s3://morphology_profiles/filtered_mp/25943-Ph_golgi/merged_25943-Ph_golgi_a21.tif,s3://morphology_profiles/filtered_mp/25943-Mito/merged_25943-Mito_a21.tif
CC(CCc1ccccc1)NCC(O)c1ccc(O)c(C(=N)O)c1,25943,C8,s3://morphology_profiles/filtered_mp/25943-Hoechst/merged_25943-Hoechst_c08.tif,s3://morphology_profiles/filtered_mp/25943-ERSyto/merged_25943-ERSyto_c08.tif,s3://morphology_profiles/filtered_mp/25943-ERSytoBleed/merged_25943-ERSytoBleed_c08.tif,s3://morphology_profiles/filtered_mp/25943-Ph_golgi/merged_25943-Ph_golgi_c08.tif,s3://morphology_profiles/filtered_mp/25943-Mito/merged_25943-Mito_c08.tif
CC(C)NCC(O)COc1cccc2ccccc12,25943,D14,s3://morphology_profiles/filtered_mp/25943-Hoechst/merged_25943-Hoechst_d14.tif,s3://morphology_profiles/filtered_mp/25943-ERSyto/merged_25943-ERSyto_d14.tif,s3://morphology_profiles/filtered_mp/25943-ERSytoBleed/merged_25943-ERSytoBleed_d14.tif,s3://morphology_profiles/filtered_mp/25943-Ph_golgi/merged_25943-Ph_golgi_d14.tif,s3://morphology_profiles/filtered_mp/25943-Mito/merged_25943-Mito_d14.tif
CC1=C(CC(=O)O)c2cc(F)ccc2/C1=C\c1ccc(S(C)=O)cc1,25943,E16,s3://morphology_profiles/filtered_mp/25943-Hoechst/merged_25943-Hoechst_e16.tif,s3://morphology_profiles/filtered_mp/25943-ERSyto/merged_25943-ERSyto_e16.tif,s3://morphology_profiles/filtered_mp/25943-ERSytoBleed/merged_25943-ERSytoBleed_e16.tif,s3://morphology_profiles/filtered_mp/25943-Ph_golgi/merged_25943-Ph_golgi_e16.tif,s3://morphology_profiles/filtered_mp/25943-Mito/merged_25943-Mito_e16.tif
CN1C(=O)CCS(=O)(=O)C1c1ccc(Cl)cc1,25943,H1,s3://morphology_profiles/filtered_mp/25943-Hoechst/merged_25943-Hoechst_h01.tif,s3://morphology_profiles/filtered_mp/25943-ERSyto/merged_25943-ERSyto_h01.tif,s3://morphology_profiles/filtered_mp/25943-ERSytoBleed/merged_25943-ERSytoBleed_h01.tif,s3://morphology_profiles/filtered_mp/25943-Ph_golgi/merged_25943-Ph_golgi_h01.tif,s3://morphology_profiles/filtered_mp/25943-Mito/merged_25943-Mito_h01.tif
O=C(C1CCCCC1)N1CC(=O)N2CCc3ccccc3C2C1,25943,H9,s3://morphology_profiles/filtered_mp/25943-Hoechst/merged_25943-Hoechst_h09.tif,s3://morphology_profiles/filtered_mp/25943-ERSyto/merged_25943-ERSyto_h09.tif,s3://morphology_profiles/filtered_mp/25943-ERSytoBleed/merged_25943-ERSytoBleed_h09.tif,s3://morphology_profiles/filtered_mp/25943-Ph_golgi/merged_25943-Ph_golgi_h09.tif,s3://morphology_profiles/filtered_mp/25943-Mito/merged_25943-Mito_h09.tif
CCC1(c2ccc(N)cc2)CCC(O)=NC1=O,25943,I17,s3://morphology_profiles/filtered_mp/25943-Hoechst/merged_25943-Hoechst_i17.tif,s3://morphology_profiles/filtered_mp/25943-ERSyto/merged_25943-ERSyto_i17.tif,s3://morphology_profiles/filtered_mp/25943-ERSytoBleed/merged_25943-ERSytoBleed_i17.tif,s3://morphology_profiles/filtered_mp/25943-Ph_golgi/merged_25943-Ph_golgi_i17.tif,s3://morphology_profiles/filtered_mp/25943-Mito/merged_25943-Mito_i17.tif
NS(=O)(=O)c1cc(C2(O)N=C(O)c3ccccc32)ccc1Cl,25943,J2,s3://morphology_profiles/filtered_mp/25943-Hoechst/merged_25943-Hoechst_j02.tif,s3://morphology_profiles/filtered_mp/25943-ERSyto/merged_25943-ERSyto_j02.tif,s3://morphology_profiles/filtered_mp/25943-ERSytoBleed/merged_25943-ERSytoBleed_j02.tif,s3://morphology_profiles/filtered_mp/25943-Ph_golgi/merged_25943-Ph_golgi_j02.tif,s3://morphology_profiles/filtered_mp/25943-Mito/merged_25943-Mito_j02.tif
NS(=O)(=O)c1cc2c(cc1Cl)NC(C(Cl)Cl)NS2(=O)=O,25943,J17,s3://morphology_profiles/filtered_mp/25943-Hoechst/merged_25943-Hoechst_j17.tif,s3://morphology_profiles/filtered_mp/25943-ERSyto/merged_25943-ERSyto_j17.tif,s3://morphology_profiles/filtered_mp/25943-ERSytoBleed/merged_25943-ERSytoBleed_j17.tif,s3://morphology_profiles/filtered_mp/25943-Ph_golgi/merged_25943-Ph_golgi_j17.tif,s3://morphology_profiles/filtered_mp/25943-Mito/merged_25943-Mito_j17.tif
CN1Cc2c(N)cccc2C(c2ccccc2)C1,25943,K4,s3://morphology_profiles/filtered_mp/25943-Hoechst/merged_25943-Hoechst_k04.tif,s3://morphology_profiles/filtered_mp/25943-ERSyto/merged_25943-ERSyto_k04.tif,s3://morphology_profiles/filtered_mp/25943-ERSytoBleed/merged_25943-ERSytoBleed_k04.tif,s3://morphology_profiles/filtered_mp/25943-Ph_golgi/merged_25943-Ph_golgi_k04.tif,s3://morphology_profiles/filtered_mp/25943-Mito/merged_25943-Mito_k04.tif
COc1ccccc1OCC(O)COC(=N)O,25943,K20,s3://morphology_profiles/filtered_mp/25943-Hoechst/merged_25943-Hoechst_k20.tif,s3://morphology_profiles/filtered_mp/25943-ERSyto/merged_25943-ERSyto_k20.tif,s3://morphology_profiles/filtered_mp/25943-ERSytoBleed/merged_25943-ERSytoBleed_k20.tif,s3://morphology_profiles/filtered_mp/25943-Ph_golgi/merged_25943-Ph_golgi_k20.tif,s3://morphology_profiles/filtered_mp/25943-Mito/merged_25943-Mito_k20.tif
O=C1C(CCS(=O)c2ccccc2)C(=O)N(c2ccccc2)N1c1ccccc1,25943,M20,s3://morphology_profiles/filtered_mp/25943-Hoechst/merged_25943-Hoechst_m20.tif,s3://morphology_profiles/filtered_mp/25943-ERSyto/merged_25943-ERSyto_m20.tif,s3://morphology_profiles/filtered_mp/25943-ERSytoBleed/merged_25943-ERSytoBleed_m20.tif,s3://morphology_profiles/filtered_mp/25943-Ph_golgi/merged_25943-Ph_golgi_m20.tif,s3://morphology_profiles/filtered_mp/25943-Mito/merged_25943-Mito_m20.tif
CC(CCc1ccccc1)NC(C)C(O)c1ccc(O)cc1,25943,M21,s3://morphology_profiles/filtered_mp/25943-Hoechst/merged_25943-Hoechst_m21.tif,s3://morphology_profiles/filtered_mp/25943-ERSyto/merged_25943-ERSyto_m21.tif,s3://morphology_profiles/filtered_mp/25943-ERSytoBleed/merged_25943-ERSytoBleed_m21.tif,s3://morphology_profiles/filtered_mp/25943-Ph_golgi/merged_25943-Ph_golgi_m21.tif,s3://morphology_profiles/filtered_mp/25943-Mito/merged_25943-Mito_m21.tif
O=C(c1ccccc1)c1ccc2n1CCC2C(=O)O,25943,O8,s3://morphology_profiles/filtered_mp/25943-Hoechst/merged_25943-Hoechst_o08.tif,s3://morphology_profiles/filtered_mp/25943-ERSyto/merged_25943-ERSyto_o08.tif,s3://morphology_profiles/filtered_mp/25943-ERSytoBleed/merged_25943-ERSytoBleed_o08.tif,s3://morphology_profiles/filtered_mp/25943-Ph_golgi/merged_25943-Ph_golgi_o08.tif,s3://morphology_profiles/filtered_mp/25943-Mito/merged_25943-Mito_o08.tif
O=C(O)COCCN1CCN(C(c2ccccc2)c2ccc(Cl)cc2)CC1,25943,P3,s3://morphology_profiles/filtered_mp/25943-Hoechst/merged_25943-Hoechst_p03.tif,s3://morphology_profiles/filtered_mp/25943-ERSyto/merged_25943-ERSyto_p03.tif,s3://morphology_profiles/filtered_mp/25943-ERSytoBleed/merged_25943-ERSytoBleed_p03.tif,s3://morphology_profiles/filtered_mp/25943-Ph_golgi/merged_25943-Ph_golgi_p03.tif,s3://morphology_profiles/filtered_mp/25943-Mito/merged_25943-Mito_p03.tif
Cc1c(OCC(F)(F)F)ccnc1CS(=O)c1nc2ccccc2[nH]1,25944,A24,s3://morphology_profiles/filtered_mp/25944-Hoechst/merged_25944-Hoechst_a24.tif,s3://morphology_profiles/filtered_mp/25944-ERSyto/merged_25944-ERSyto_a24.tif,s3://morphology_profiles/filtered_mp/25944-ERSytoBleed/merged_25944-ERSytoBleed_a24.tif,s3://morphology_profiles/filtered_mp/25944-Ph_golgi/merged_25944-Ph_golgi_a24.tif,s3://morphology_profiles/filtered_mp/25944-Mito/merged_25944-Mito_a24.tif
COc1cc(NC(C)CCCN)c2ncccc2c1,25944,D5,s3://morphology_profiles/filtered_mp/25944-Hoechst/merged_25944-Hoechst_d05.tif,s3://morphology_profiles/filtered_mp/25944-ERSyto/merged_25944-ERSyto_d05.tif,s3://morphology_profiles/filtered_mp/25944-ERSytoBleed/merged_25944-ERSytoBleed_d05.tif,s3://morphology_profiles/filtered_mp/25944-Ph_golgi/merged_25944-Ph_golgi_d05.tif,s3://morphology_profiles/filtered_mp/25944-Mito/merged_25944-Mito_d05.tif
COc1ccc2nc(S(=O)Cc3ncc(C)c(OC)c3C)[nH]c2c1,25944,D6,s3://morphology_profiles/filtered_mp/25944-Hoechst/merged_25944-Hoechst_d06.tif,s3://morphology_profiles/filtered_mp/25944-ERSyto/merged_25944-ERSyto_d06.tif,s3://morphology_profiles/filtered_mp/25944-ERSytoBleed/merged_25944-ERSytoBleed_d06.tif,s3://morphology_profiles/filtered_mp/25944-Ph_golgi/merged_25944-Ph_golgi_d06.tif,s3://morphology_profiles/filtered_mp/25944-Mito/merged_25944-Mito_d06.tif
CC(NC(=NC#N)N=c1cc[nH]cc1)C(C)(C)C,25944,D21,s3://morphology_profiles/filtered_mp/25944-Hoechst/merged_25944-Hoechst_d21.tif,s3://morphology_profiles/filtered_mp/25944-ERSyto/merged_25944-ERSyto_d21.tif,s3://morphology_profiles/filtered_mp/25944-ERSytoBleed/merged_25944-ERSytoBleed_d21.tif,s3://morphology_profiles/filtered_mp/25944-Ph_golgi/merged_25944-Ph_golgi_d21.tif,s3://morphology_profiles/filtered_mp/25944-Mito/merged_25944-Mito_d21.tif
Cc1ccccc1N1C(=O)c2cc(S(N)(=O)=O)c(Cl)cc2NC1C,25944,E16,s3://morphology_profiles/filtered_mp/25944-Hoechst/merged_25944-Hoechst_e16.tif,s3://morphology_profiles/filtered_mp/25944-ERSyto/merged_25944-ERSyto_e16.tif,s3://morphology_profiles/filtered_mp/25944-ERSytoBleed/merged_25944-ERSytoBleed_e16.tif,s3://morphology_profiles/filtered_mp/25944-Ph_golgi/merged_25944-Ph_golgi_e16.tif,s3://morphology_profiles/filtered_mp/25944-Mito/merged_25944-Mito_e16.tif
CCc1cccc2c3c([nH]c12)C(CC)(CC(=O)O)OCC3,25944,J2,s3://morphology_profiles/filtered_mp/25944-Hoechst/merged_25944-Hoechst_j02.tif,s3://morphology_profiles/filtered_mp/25944-ERSyto/merged_25944-ERSyto_j02.tif,s3://morphology_profiles/filtered_mp/25944-ERSytoBleed/merged_25944-ERSytoBleed_j02.tif,s3://morphology_profiles/filtered_mp/25944-Ph_golgi/merged_25944-Ph_golgi_j02.tif,s3://morphology_profiles/filtered_mp/25944-Mito/merged_25944-Mito_j02.tif
NS(=O)(=O)c1cc2c(cc1C(F)(F)F)NC(Cc1ccccc1)NS2(=O)=O,25944,K19,s3://morphology_profiles/filtered_mp/25944-Hoechst/merged_25944-Hoechst_k19.tif,s3://morphology_profiles/filtered_mp/25944-ERSyto/merged_25944-ERSyto_k19.tif,s3://morphology_profiles/filtered_mp/25944-ERSytoBleed/merged_25944-ERSytoBleed_k19.tif,s3://morphology_profiles/filtered_mp/25944-Ph_golgi/merged_25944-Ph_golgi_k19.tif,s3://morphology_profiles/filtered_mp/25944-Mito/merged_25944-Mito_k19.tif
NCC(CC(=O)O)c1ccc(Cl)cc1,25944,M11,s3://morphology_profiles/filtered_mp/25944-Hoechst/merged_25944-Hoechst_m11.tif,s3://morphology_profiles/filtered_mp/25944-ERSyto/merged_25944-ERSyto_m11.tif,s3://morphology_profiles/filtered_mp/25944-ERSytoBleed/merged_25944-ERSytoBleed_m11.tif,s3://morphology_profiles/filtered_mp/25944-Ph_golgi/merged_25944-Ph_golgi_m11.tif,s3://morphology_profiles/filtered_mp/25944-Mito/merged_25944-Mito_m11.tif
CC(C(=O)O)c1ccc(-c2ccccc2)c(F)c1,25944,N1,s3://morphology_profiles/filtered_mp/25944-Hoechst/merged_25944-Hoechst_n01.tif,s3://morphology_profiles/filtered_mp/25944-ERSyto/merged_25944-ERSyto_n01.tif,s3://morphology_profiles/filtered_mp/25944-ERSytoBleed/merged_25944-ERSytoBleed_n01.tif,s3://morphology_profiles/filtered_mp/25944-Ph_golgi/merged_25944-Ph_golgi_n01.tif,s3://morphology_profiles/filtered_mp/25944-Mito/merged_25944-Mito_n01.tif
COC(=O)C1=C(C)NC(C)=C(C(=O)OC(C)C)C1c1cccc2nonc12,25944,O4,s3://morphology_profiles/filtered_mp/25944-Hoechst/merged_25944-Hoechst_o04.tif,s3://morphology_profiles/filtered_mp/25944-ERSyto/merged_25944-ERSyto_o04.tif,s3://morphology_profiles/filtered_mp/25944-ERSytoBleed/merged_25944-ERSytoBleed_o04.tif,s3://morphology_profiles/filtered_mp/25944-Ph_golgi/merged_25944-Ph_golgi_o04.tif,s3://morphology_profiles/filtered_mp/25944-Mito/merged_25944-Mito_o04.tif
CCN(CC)CCCC(C)Nc1ccnc2cc(Cl)ccc12,25944,O8,s3://morphology_profiles/filtered_mp/25944-Hoechst/merged_25944-Hoechst_o08.tif,s3://morphology_profiles/filtered_mp/25944-ERSyto/merged_25944-ERSyto_o08.tif,s3://morphology_profiles/filtered_mp/25944-ERSytoBleed/merged_25944-ERSytoBleed_o08.tif,s3://morphology_profiles/filtered_mp/25944-Ph_golgi/merged_25944-Ph_golgi_o08.tif,s3://morphology_profiles/filtered_mp/25944-Mito/merged_25944-Mito_o08.tif
CC1Cc2ccccc2N1N=C(O)c1ccc(Cl)c(S(N)(=O)=O)c1,25944,P18,s3://morphology_profiles/filtered_mp/25944-Hoechst/merged_25944-Hoechst_p18.tif,s3://morphology_profiles/filtered_mp/25944-ERSyto/merged_25944-ERSyto_p18.tif,s3://morphology_profiles/filtered_mp/25944-ERSytoBleed/merged_25944-ERSytoBleed_p18.tif,s3://morphology_profiles/filtered_mp/25944-Ph_golgi/merged_25944-Ph_golgi_p18.tif,s3://morphology_profiles/filtered_mp/25944-Mito/merged_25944-Mito_p18.tif
Cc1c(OCC(F)(F)F)ccnc1CS(=O)c1nc2ccccc2[nH]1,25945,A24,s3://morphology_profiles/filtered_mp/25945-Hoechst/merged_25945-Hoechst_a24.tif,s3://morphology_profiles/filtered_mp/25945-ERSyto/merged_25945-ERSyto_a24.tif,s3://morphology_profiles/filtered_mp/25945-ERSytoBleed/merged_25945-ERSytoBleed_a24.tif,s3://morphology_profiles/filtered_mp/25945-Ph_golgi/merged_25945-Ph_golgi_a24.tif,s3://morphology_profiles/filtered_mp/25945-Mito/merged_25945-Mito_a24.tif
COc1cc(NC(C)CCCN)c2ncccc2c1,25945,D5,s3://morphology_profiles/filtered_mp/25945-Hoechst/merged_25945-Hoechst_d05.tif,s3://morphology_profiles/filtered_mp/25945-ERSyto/merged_25945-ERSyto_d05.tif,s3://morphology_profiles/filtered_mp/25945-ERSytoBleed/merged_25945-ERSytoBleed_d05.tif,s3://morphology_profiles/filtered_mp/25945-Ph_golgi/merged_25945-Ph_golgi_d05.tif,s3://morphology_profiles/filtered_mp/25945-Mito/merged_25945-Mito_d05.tif
COc1ccc2nc(S(=O)Cc3ncc(C)c(OC)c3C)[nH]c2c1,25945,D6,s3://morphology_profiles/filtered_mp/25945-Hoechst/merged_25945-Hoechst_d06.tif,s3://morphology_profiles/filtered_mp/25945-ERSyto/merged_25945-ERSyto_d06.tif,s3://morphology_profiles/filtered_mp/25945-ERSytoBleed/merged_25945-ERSytoBleed_d06.tif,s3://morphology_profiles/filtered_mp/25945-Ph_golgi/merged_25945-Ph_golgi_d06.tif,s3://morphology_profiles/filtered_mp/25945-Mito/merged_25945-Mito_d06.tif
CC(NC(=NC#N)N=c1cc[nH]cc1)C(C)(C)C,25945,D21,s3://morphology_profiles/filtered_mp/25945-Hoechst/merged_25945-Hoechst_d21.tif,s3://morphology_profiles/filtered_mp/25945-ERSyto/merged_25945-ERSyto_d21.tif,s3://morphology_profiles/filtered_mp/25945-ERSytoBleed/merged_25945-ERSytoBleed_d21.tif,s3://morphology_profiles/filtered_mp/25945-Ph_golgi/merged_25945-Ph_golgi_d21.tif,s3://morphology_profiles/filtered_mp/25945-Mito/merged_25945-Mito_d21.tif
Cc1ccccc1N1C(=O)c2cc(S(N)(=O)=O)c(Cl)cc2NC1C,25945,E16,s3://morphology_profiles/filtered_mp/25945-Hoechst/merged_25945-Hoechst_e16.tif,s3://morphology_profiles/filtered_mp/25945-ERSyto/merged_25945-ERSyto_e16.tif,s3://morphology_profiles/filtered_mp/25945-ERSytoBleed/merged_25945-ERSytoBleed_e16.tif,s3://morphology_profiles/filtered_mp/25945-Ph_golgi/merged_25945-Ph_golgi_e16.tif,s3://morphology_profiles/filtered_mp/25945-Mito/merged_25945-Mito_e16.tif
CCc1cccc2c3c([nH]c12)C(CC)(CC(=O)O)OCC3,25945,J2,s3://morphology_profiles/filtered_mp/25945-Hoechst/merged_25945-Hoechst_j02.tif,s3://morphology_profiles/filtered_mp/25945-ERSyto/merged_25945-ERSyto_j02.tif,s3://morphology_profiles/filtered_mp/25945-ERSytoBleed/merged_25945-ERSytoBleed_j02.tif,s3://morphology_profiles/filtered_mp/25945-Ph_golgi/merged_25945-Ph_golgi_j02.tif,s3://morphology_profiles/filtered_mp/25945-Mito/merged_25945-Mito_j02.tif
NS(=O)(=O)c1cc2c(cc1C(F)(F)F)NC(Cc1ccccc1)NS2(=O)=O,25945,K19,s3://morphology_profiles/filtered_mp/25945-Hoechst/merged_25945-Hoechst_k19.tif,s3://morphology_profiles/filtered_mp/25945-ERSyto/merged_25945-ERSyto_k19.tif,s3://morphology_profiles/filtered_mp/25945-ERSytoBleed/merged_25945-ERSytoBleed_k19.tif,s3://morphology_profiles/filtered_mp/25945-Ph_golgi/merged_25945-Ph_golgi_k19.tif,s3://morphology_profiles/filtered_mp/25945-Mito/merged_25945-Mito_k19.tif
NCC(CC(=O)O)c1ccc(Cl)cc1,25945,M11,s3://morphology_profiles/filtered_mp/25945-Hoechst/merged_25945-Hoechst_m11.tif,s3://morphology_profiles/filtered_mp/25945-ERSyto/merged_25945-ERSyto_m11.tif,s3://morphology_profiles/filtered_mp/25945-ERSytoBleed/merged_25945-ERSytoBleed_m11.tif,s3://morphology_profiles/filtered_mp/25945-Ph_golgi/merged_25945-Ph_golgi_m11.tif,s3://morphology_profiles/filtered_mp/25945-Mito/merged_25945-Mito_m11.tif
CC(C(=O)O)c1ccc(-c2ccccc2)c(F)c1,25945,N1,s3://morphology_profiles/filtered_mp/25945-Hoechst/merged_25945-Hoechst_n01.tif,s3://morphology_profiles/filtered_mp/25945-ERSyto/merged_25945-ERSyto_n01.tif,s3://morphology_profiles/filtered_mp/25945-ERSytoBleed/merged_25945-ERSytoBleed_n01.tif,s3://morphology_profiles/filtered_mp/25945-Ph_golgi/merged_25945-Ph_golgi_n01.tif,s3://morphology_profiles/filtered_mp/25945-Mito/merged_25945-Mito_n01.tif
COC(=O)C1=C(C)NC(C)=C(C(=O)OC(C)C)C1c1cccc2nonc12,25945,O4,s3://morphology_profiles/filtered_mp/25945-Hoechst/merged_25945-Hoechst_o04.tif,s3://morphology_profiles/filtered_mp/25945-ERSyto/merged_25945-ERSyto_o04.tif,s3://morphology_profiles/filtered_mp/25945-ERSytoBleed/merged_25945-ERSytoBleed_o04.tif,s3://morphology_profiles/filtered_mp/25945-Ph_golgi/merged_25945-Ph_golgi_o04.tif,s3://morphology_profiles/filtered_mp/25945-Mito/merged_25945-Mito_o04.tif
CCN(CC)CCCC(C)Nc1ccnc2cc(Cl)ccc12,25945,O8,s3://morphology_profiles/filtered_mp/25945-Hoechst/merged_25945-Hoechst_o08.tif,s3://morphology_profiles/filtered_mp/25945-ERSyto/merged_25945-ERSyto_o08.tif,s3://morphology_profiles/filtered_mp/25945-ERSytoBleed/merged_25945-ERSytoBleed_o08.tif,s3://morphology_profiles/filtered_mp/25945-Ph_golgi/merged_25945-Ph_golgi_o08.tif,s3://morphology_profiles/filtered_mp/25945-Mito/merged_25945-Mito_o08.tif
CC1Cc2ccccc2N1N=C(O)c1ccc(Cl)c(S(N)(=O)=O)c1,25945,P18,s3://morphology_profiles/filtered_mp/25945-Hoechst/merged_25945-Hoechst_p18.tif,s3://morphology_profiles/filtered_mp/25945-ERSyto/merged_25945-ERSyto_p18.tif,s3://morphology_profiles/filtered_mp/25945-ERSytoBleed/merged_25945-ERSytoBleed_p18.tif,s3://morphology_profiles/filtered_mp/25945-Ph_golgi/merged_25945-Ph_golgi_p18.tif,s3://morphology_profiles/filtered_mp/25945-Mito/merged_25945-Mito_p18.tif
Cc1c(OCC(F)(F)F)ccnc1CS(=O)c1nc2ccccc2[nH]1,25949,A24,s3://morphology_profiles/filtered_mp/25949-Hoechst/merged_25949-Hoechst_a24.tif,s3://morphology_profiles/filtered_mp/25949-ERSyto/merged_25949-ERSyto_a24.tif,s3://morphology_profiles/filtered_mp/25949-ERSytoBleed/merged_25949-ERSytoBleed_a24.tif,s3://morphology_profiles/filtered_mp/25949-Ph_golgi/merged_25949-Ph_golgi_a24.tif,s3://morphology_profiles/filtered_mp/25949-Mito/merged_25949-Mito_a24.tif
COc1cc(NC(C)CCCN)c2ncccc2c1,25949,D5,s3://morphology_profiles/filtered_mp/25949-Hoechst/merged_25949-Hoechst_d05.tif,s3://morphology_profiles/filtered_mp/25949-ERSyto/merged_25949-ERSyto_d05.tif,s3://morphology_profiles/filtered_mp/25949-ERSytoBleed/merged_25949-ERSytoBleed_d05.tif,s3://morphology_profiles/filtered_mp/25949-Ph_golgi/merged_25949-Ph_golgi_d05.tif,s3://morphology_profiles/filtered_mp/25949-Mito/merged_25949-Mito_d05.tif
COc1ccc2nc(S(=O)Cc3ncc(C)c(OC)c3C)[nH]c2c1,25949,D6,s3://morphology_profiles/filtered_mp/25949-Hoechst/merged_25949-Hoechst_d06.tif,s3://morphology_profiles/filtered_mp/25949-ERSyto/merged_25949-ERSyto_d06.tif,s3://morphology_profiles/filtered_mp/25949-ERSytoBleed/merged_25949-ERSytoBleed_d06.tif,s3://morphology_profiles/filtered_mp/25949-Ph_golgi/merged_25949-Ph_golgi_d06.tif,s3://morphology_profiles/filtered_mp/25949-Mito/merged_25949-Mito_d06.tif
CC(NC(=NC#N)N=c1cc[nH]cc1)C(C)(C)C,25949,D21,s3://morphology_profiles/filtered_mp/25949-Hoechst/merged_25949-Hoechst_d21.tif,s3://morphology_profiles/filtered_mp/25949-ERSyto/merged_25949-ERSyto_d21.tif,s3://morphology_profiles/filtered_mp/25949-ERSytoBleed/merged_25949-ERSytoBleed_d21.tif,s3://morphology_profiles/filtered_mp/25949-Ph_golgi/merged_25949-Ph_golgi_d21.tif,s3://morphology_profiles/filtered_mp/25949-Mito/merged_25949-Mito_d21.tif
Cc1ccccc1N1C(=O)c2cc(S(N)(=O)=O)c(Cl)cc2NC1C,25949,E16,s3://morphology_profiles/filtered_mp/25949-Hoechst/merged_25949-Hoechst_e16.tif,s3://morphology_profiles/filtered_mp/25949-ERSyto/merged_25949-ERSyto_e16.tif,s3://morphology_profiles/filtered_mp/25949-ERSytoBleed/merged_25949-ERSytoBleed_e16.tif,s3://morphology_profiles/filtered_mp/25949-Ph_golgi/merged_25949-Ph_golgi_e16.tif,s3://morphology_profiles/filtered_mp/25949-Mito/merged_25949-Mito_e16.tif
CCc1cccc2c3c([nH]c12)C(CC)(CC(=O)O)OCC3,25949,J2,s3://morphology_profiles/filtered_mp/25949-Hoechst/merged_25949-Hoechst_j02.tif,s3://morphology_profiles/filtered_mp/25949-ERSyto/merged_25949-ERSyto_j02.tif,s3://morphology_profiles/filtered_mp/25949-ERSytoBleed/merged_25949-ERSytoBleed_j02.tif,s3://morphology_profiles/filtered_mp/25949-Ph_golgi/merged_25949-Ph_golgi_j02.tif,s3://morphology_profiles/filtered_mp/25949-Mito/merged_25949-Mito_j02.tif
NS(=O)(=O)c1cc2c(cc1C(F)(F)F)NC(Cc1ccccc1)NS2(=O)=O,25949,K19,s3://morphology_profiles/filtered_mp/25949-Hoechst/merged_25949-Hoechst_k19.tif,s3://morphology_profiles/filtered_mp/25949-ERSyto/merged_25949-ERSyto_k19.tif,s3://morphology_profiles/filtered_mp/25949-ERSytoBleed/merged_25949-ERSytoBleed_k19.tif,s3://morphology_profiles/filtered_mp/25949-Ph_golgi/merged_25949-Ph_golgi_k19.tif,s3://morphology_profiles/filtered_mp/25949-Mito/merged_25949-Mito_k19.tif
NCC(CC(=O)O)c1ccc(Cl)cc1,25949,M11,s3://morphology_profiles/filtered_mp/25949-Hoechst/merged_25949-Hoechst_m11.tif,s3://morphology_profiles/filtered_mp/25949-ERSyto/merged_25949-ERSyto_m11.tif,s3://morphology_profiles/filtered_mp/25949-ERSytoBleed/merged_25949-ERSytoBleed_m11.tif,s3://morphology_profiles/filtered_mp/25949-Ph_golgi/merged_25949-Ph_golgi_m11.tif,s3://morphology_profiles/filtered_mp/25949-Mito/merged_25949-Mito_m11.tif
CC(C(=O)O)c1ccc(-c2ccccc2)c(F)c1,25949,N1,s3://morphology_profiles/filtered_mp/25949-Hoechst/merged_25949-Hoechst_n01.tif,s3://morphology_profiles/filtered_mp/25949-ERSyto/merged_25949-ERSyto_n01.tif,s3://morphology_profiles/filtered_mp/25949-ERSytoBleed/merged_25949-ERSytoBleed_n01.tif,s3://morphology_profiles/filtered_mp/25949-Ph_golgi/merged_25949-Ph_golgi_n01.tif,s3://morphology_profiles/filtered_mp/25949-Mito/merged_25949-Mito_n01.tif
COC(=O)C1=C(C)NC(C)=C(C(=O)OC(C)C)C1c1cccc2nonc12,25949,O4,s3://morphology_profiles/filtered_mp/25949-Hoechst/merged_25949-Hoechst_o04.tif,s3://morphology_profiles/filtered_mp/25949-ERSyto/merged_25949-ERSyto_o04.tif,s3://morphology_profiles/filtered_mp/25949-ERSytoBleed/merged_25949-ERSytoBleed_o04.tif,s3://morphology_profiles/filtered_mp/25949-Ph_golgi/merged_25949-Ph_golgi_o04.tif,s3://morphology_profiles/filtered_mp/25949-Mito/merged_25949-Mito_o04.tif
CCN(CC)CCCC(C)Nc1ccnc2cc(Cl)ccc12,25949,O8,s3://morphology_profiles/filtered_mp/25949-Hoechst/merged_25949-Hoechst_o08.tif,s3://morphology_profiles/filtered_mp/25949-ERSyto/merged_25949-ERSyto_o08.tif,s3://morphology_profiles/filtered_mp/25949-ERSytoBleed/merged_25949-ERSytoBleed_o08.tif,s3://morphology_profiles/filtered_mp/25949-Ph_golgi/merged_25949-Ph_golgi_o08.tif,s3://morphology_profiles/filtered_mp/25949-Mito/merged_25949-Mito_o08.tif
CC1Cc2ccccc2N1N=C(O)c1ccc(Cl)c(S(N)(=O)=O)c1,25949,P18,s3://morphology_profiles/filtered_mp/25949-Hoechst/merged_25949-Hoechst_p18.tif,s3://morphology_profiles/filtered_mp/25949-ERSyto/merged_25949-ERSyto_p18.tif,s3://morphology_profiles/filtered_mp/25949-ERSytoBleed/merged_25949-ERSytoBleed_p18.tif,s3://morphology_profiles/filtered_mp/25949-Ph_golgi/merged_25949-Ph_golgi_p18.tif,s3://morphology_profiles/filtered_mp/25949-Mito/merged_25949-Mito_p18.tif
CCN1CCCC(OC(=O)C(c2ccccc2)c2ccccc2)C1,25955,A4,s3://morphology_profiles/filtered_mp/25955-Hoechst/merged_25955-Hoechst_a04.tif,s3://morphology_profiles/filtered_mp/25955-ERSyto/merged_25955-ERSyto_a04.tif,s3://morphology_profiles/filtered_mp/25955-ERSytoBleed/merged_25955-ERSytoBleed_a04.tif,s3://morphology_profiles/filtered_mp/25955-Ph_golgi/merged_25955-Ph_golgi_a04.tif,s3://morphology_profiles/filtered_mp/25955-Mito/merged_25955-Mito_a04.tif
CC(C)NCC(O)COc1cccc2[nH]ccc12,25955,A5,s3://morphology_profiles/filtered_mp/25955-Hoechst/merged_25955-Hoechst_a05.tif,s3://morphology_profiles/filtered_mp/25955-ERSyto/merged_25955-ERSyto_a05.tif,s3://morphology_profiles/filtered_mp/25955-ERSytoBleed/merged_25955-ERSytoBleed_a05.tif,s3://morphology_profiles/filtered_mp/25955-Ph_golgi/merged_25955-Ph_golgi_a05.tif,s3://morphology_profiles/filtered_mp/25955-Mito/merged_25955-Mito_a05.tif
CC(C(=O)O)c1cccc(C(=O)c2ccccc2)c1,25955,A7,s3://morphology_profiles/filtered_mp/25955-Hoechst/merged_25955-Hoechst_a07.tif,s3://morphology_profiles/filtered_mp/25955-ERSyto/merged_25955-ERSyto_a07.tif,s3://morphology_profiles/filtered_mp/25955-ERSytoBleed/merged_25955-ERSytoBleed_a07.tif,s3://morphology_profiles/filtered_mp/25955-Ph_golgi/merged_25955-Ph_golgi_a07.tif,s3://morphology_profiles/filtered_mp/25955-Mito/merged_25955-Mito_a07.tif
N=C(N)Nc1nc(CSCCC(=N)NS(N)(=O)=O)cs1,25955,B6,s3://morphology_profiles/filtered_mp/25955-Hoechst/merged_25955-Hoechst_b06.tif,s3://morphology_profiles/filtered_mp/25955-ERSyto/merged_25955-ERSyto_b06.tif,s3://morphology_profiles/filtered_mp/25955-ERSytoBleed/merged_25955-ERSytoBleed_b06.tif,s3://morphology_profiles/filtered_mp/25955-Ph_golgi/merged_25955-Ph_golgi_b06.tif,s3://morphology_profiles/filtered_mp/25955-Mito/merged_25955-Mito_b06.tif
COc1ccc(NS(=O)(=O)c2ccc(N)cc2)nn1,25955,B10,s3://morphology_profiles/filtered_mp/25955-Hoechst/merged_25955-Hoechst_b10.tif,s3://morphology_profiles/filtered_mp/25955-ERSyto/merged_25955-ERSyto_b10.tif,s3://morphology_profiles/filtered_mp/25955-ERSytoBleed/merged_25955-ERSytoBleed_b10.tif,s3://morphology_profiles/filtered_mp/25955-Ph_golgi/merged_25955-Ph_golgi_b10.tif,s3://morphology_profiles/filtered_mp/25955-Mito/merged_25955-Mito_b10.tif
Clc1ccc2c(c1)C(N1CCNCC1)=Nc1ccccc1O2,25955,C5,s3://morphology_profiles/filtered_mp/25955-Hoechst/merged_25955-Hoechst_c05.tif,s3://morphology_profiles/filtered_mp/25955-ERSyto/merged_25955-ERSyto_c05.tif,s3://morphology_profiles/filtered_mp/25955-ERSytoBleed/merged_25955-ERSytoBleed_c05.tif,s3://morphology_profiles/filtered_mp/25955-Ph_golgi/merged_25955-Ph_golgi_c05.tif,s3://morphology_profiles/filtered_mp/25955-Mito/merged_25955-Mito_c05.tif
CCN1CCN(C(O)=N[C@@H](C(O)=N[C@@H]2C(=O)N3C(C(=O)O)=C(CSc4nnnn4C)CS[C@H]23)c2ccc(O)cc2)C(=O)C1=O,25955,C8,s3://morphology_profiles/filtered_mp/25955-Hoechst/merged_25955-Hoechst_c08.tif,s3://morphology_profiles/filtered_mp/25955-ERSyto/merged_25955-ERSyto_c08.tif,s3://morphology_profiles/filtered_mp/25955-ERSytoBleed/merged_25955-ERSytoBleed_c08.tif,s3://morphology_profiles/filtered_mp/25955-Ph_golgi/merged_25955-Ph_golgi_c08.tif,s3://morphology_profiles/filtered_mp/25955-Mito/merged_25955-Mito_c08.tif
COc1cc(Cc2c[nH]c(=N)[nH]c2=N)cc(OC)c1OC,25955,G5,s3://morphology_profiles/filtered_mp/25955-Hoechst/merged_25955-Hoechst_g05.tif,s3://morphology_profiles/filtered_mp/25955-ERSyto/merged_25955-ERSyto_g05.tif,s3://morphology_profiles/filtered_mp/25955-ERSytoBleed/merged_25955-ERSytoBleed_g05.tif,s3://morphology_profiles/filtered_mp/25955-Ph_golgi/merged_25955-Ph_golgi_g05.tif,s3://morphology_profiles/filtered_mp/25955-Mito/merged_25955-Mito_g05.tif
O=C(O)Cc1ccccc1Nc1c(Cl)cccc1Cl,25955,G23,s3://morphology_profiles/filtered_mp/25955-Hoechst/merged_25955-Hoechst_g23.tif,s3://morphology_profiles/filtered_mp/25955-ERSyto/merged_25955-ERSyto_g23.tif,s3://morphology_profiles/filtered_mp/25955-ERSytoBleed/merged_25955-ERSytoBleed_g23.tif,s3://morphology_profiles/filtered_mp/25955-Ph_golgi/merged_25955-Ph_golgi_g23.tif,s3://morphology_profiles/filtered_mp/25955-Mito/merged_25955-Mito_g23.tif
C[C@H]1COc2c(N3CCN(C)CC3)c(F)cc3c(=O)c(C(=O)O)cn1c23,25955,I4,s3://morphology_profiles/filtered_mp/25955-Hoechst/merged_25955-Hoechst_i04.tif,s3://morphology_profiles/filtered_mp/25955-ERSyto/merged_25955-ERSyto_i04.tif,s3://morphology_profiles/filtered_mp/25955-ERSytoBleed/merged_25955-ERSytoBleed_i04.tif,s3://morphology_profiles/filtered_mp/25955-Ph_golgi/merged_25955-Ph_golgi_i04.tif,s3://morphology_profiles/filtered_mp/25955-Mito/merged_25955-Mito_i04.tif
S=P(N1CC1)(N1CC1)N1CC1,25955,I10,s3://morphology_profiles/filtered_mp/25955-Hoechst/merged_25955-Hoechst_i10.tif,s3://morphology_profiles/filtered_mp/25955-ERSyto/merged_25955-ERSyto_i10.tif,s3://morphology_profiles/filtered_mp/25955-ERSytoBleed/merged_25955-ERSytoBleed_i10.tif,s3://morphology_profiles/filtered_mp/25955-Ph_golgi/merged_25955-Ph_golgi_i10.tif,s3://morphology_profiles/filtered_mp/25955-Mito/merged_25955-Mito_i10.tif
CC(C)(C)N=C(O)[C@@H]1C[C@@H]2CCCC[C@@H]2CN1C[C@@H](O)[C@H](Cc1ccccc1)N=C(O)[C@H](CC(=N)O)NC(=O)c1ccc2ccccc2n1,25955,I17,s3://morphology_profiles/filtered_mp/25955-Hoechst/merged_25955-Hoechst_i17.tif,s3://morphology_profiles/filtered_mp/25955-ERSyto/merged_25955-ERSyto_i17.tif,s3://morphology_profiles/filtered_mp/25955-ERSytoBleed/merged_25955-ERSytoBleed_i17.tif,s3://morphology_profiles/filtered_mp/25955-Ph_golgi/merged_25955-Ph_golgi_i17.tif,s3://morphology_profiles/filtered_mp/25955-Mito/merged_25955-Mito_i17.tif
Nc1ccc(S(=O)(=O)Nc2ccnn2-c2ccccc2)cc1,25955,J8,s3://morphology_profiles/filtered_mp/25955-Hoechst/merged_25955-Hoechst_j08.tif,s3://morphology_profiles/filtered_mp/25955-ERSyto/merged_25955-ERSyto_j08.tif,s3://morphology_profiles/filtered_mp/25955-ERSytoBleed/merged_25955-ERSytoBleed_j08.tif,s3://morphology_profiles/filtered_mp/25955-Ph_golgi/merged_25955-Ph_golgi_j08.tif,s3://morphology_profiles/filtered_mp/25955-Mito/merged_25955-Mito_j08.tif
CCCCC1C(=O)N(c2ccccc2)N(c2ccccc2)C1=O,25955,J11,s3://morphology_profiles/filtered_mp/25955-Hoechst/merged_25955-Hoechst_j11.tif,s3://morphology_profiles/filtered_mp/25955-ERSyto/merged_25955-ERSyto_j11.tif,s3://morphology_profiles/filtered_mp/25955-ERSytoBleed/merged_25955-ERSytoBleed_j11.tif,s3://morphology_profiles/filtered_mp/25955-Ph_golgi/merged_25955-Ph_golgi_j11.tif,s3://morphology_profiles/filtered_mp/25955-Mito/merged_25955-Mito_j11.tif
Cc1ccc(C)c(OCCCC(C)(C)C(=O)O)c1,25955,J17,s3://morphology_profiles/filtered_mp/25955-Hoechst/merged_25955-Hoechst_j17.tif,s3://morphology_profiles/filtered_mp/25955-ERSyto/merged_25955-ERSyto_j17.tif,s3://morphology_profiles/filtered_mp/25955-ERSytoBleed/merged_25955-ERSytoBleed_j17.tif,s3://morphology_profiles/filtered_mp/25955-Ph_golgi/merged_25955-Ph_golgi_j17.tif,s3://morphology_profiles/filtered_mp/25955-Mito/merged_25955-Mito_j17.tif
CCn1cc(C(=O)O)c(=O)c2cc(F)c(N3CCNCC3)cc21,25955,J20,s3://morphology_profiles/filtered_mp/25955-Hoechst/merged_25955-Hoechst_j20.tif,s3://morphology_profiles/filtered_mp/25955-ERSyto/merged_25955-ERSyto_j20.tif,s3://morphology_profiles/filtered_mp/25955-ERSytoBleed/merged_25955-ERSytoBleed_j20.tif,s3://morphology_profiles/filtered_mp/25955-Ph_golgi/merged_25955-Ph_golgi_j20.tif,s3://morphology_profiles/filtered_mp/25955-Mito/merged_25955-Mito_j20.tif
Cc1c(N(C)C)c(=O)n(-c2ccccc2)n1C,25955,L6,s3://morphology_profiles/filtered_mp/25955-Hoechst/merged_25955-Hoechst_l06.tif,s3://morphology_profiles/filtered_mp/25955-ERSyto/merged_25955-ERSyto_l06.tif,s3://morphology_profiles/filtered_mp/25955-ERSytoBleed/merged_25955-ERSytoBleed_l06.tif,s3://morphology_profiles/filtered_mp/25955-Ph_golgi/merged_25955-Ph_golgi_l06.tif,s3://morphology_profiles/filtered_mp/25955-Mito/merged_25955-Mito_l06.tif
NS(=O)(=O)c1cc2c(cc1Cl)NCNS2(=O)=O,25955,L17,s3://morphology_profiles/filtered_mp/25955-Hoechst/merged_25955-Hoechst_l17.tif,s3://morphology_profiles/filtered_mp/25955-ERSyto/merged_25955-ERSyto_l17.tif,s3://morphology_profiles/filtered_mp/25955-ERSytoBleed/merged_25955-ERSytoBleed_l17.tif,s3://morphology_profiles/filtered_mp/25955-Ph_golgi/merged_25955-Ph_golgi_l17.tif,s3://morphology_profiles/filtered_mp/25955-Mito/merged_25955-Mito_l17.tif
CCn1nc(C(=O)O)c(=O)c2cc3c(cc21)OCO3,25955,M22,s3://morphology_profiles/filtered_mp/25955-Hoechst/merged_25955-Hoechst_m22.tif,s3://morphology_profiles/filtered_mp/25955-ERSyto/merged_25955-ERSyto_m22.tif,s3://morphology_profiles/filtered_mp/25955-ERSytoBleed/merged_25955-ERSytoBleed_m22.tif,s3://morphology_profiles/filtered_mp/25955-Ph_golgi/merged_25955-Ph_golgi_m22.tif,s3://morphology_profiles/filtered_mp/25955-Mito/merged_25955-Mito_m22.tif
Nc1ccc(S(=O)(=O)Nc2nccs2)cc1,25955,M23,s3://morphology_profiles/filtered_mp/25955-Hoechst/merged_25955-Hoechst_m23.tif,s3://morphology_profiles/filtered_mp/25955-ERSyto/merged_25955-ERSyto_m23.tif,s3://morphology_profiles/filtered_mp/25955-ERSytoBleed/merged_25955-ERSytoBleed_m23.tif,s3://morphology_profiles/filtered_mp/25955-Ph_golgi/merged_25955-Ph_golgi_m23.tif,s3://morphology_profiles/filtered_mp/25955-Mito/merged_25955-Mito_m23.tif
C=CC1=C(C(=O)O)N2C(=O)[C@@H](N=C(O)/C(=N\O)c3csc(=N)[nH]3)[C@H]2SC1,25955,O1,s3://morphology_profiles/filtered_mp/25955-Hoechst/merged_25955-Hoechst_o01.tif,s3://morphology_profiles/filtered_mp/25955-ERSyto/merged_25955-ERSyto_o01.tif,s3://morphology_profiles/filtered_mp/25955-ERSytoBleed/merged_25955-ERSytoBleed_o01.tif,s3://morphology_profiles/filtered_mp/25955-Ph_golgi/merged_25955-Ph_golgi_o01.tif,s3://morphology_profiles/filtered_mp/25955-Mito/merged_25955-Mito_o01.tif
CCN1CCCC(OC(=O)C(c2ccccc2)c2ccccc2)C1,25962,A4,s3://morphology_profiles/filtered_mp/25962-Hoechst/merged_25962-Hoechst_a04.tif,s3://morphology_profiles/filtered_mp/25962-ERSyto/merged_25962-ERSyto_a04.tif,s3://morphology_profiles/filtered_mp/25962-ERSytoBleed/merged_25962-ERSytoBleed_a04.tif,s3://morphology_profiles/filtered_mp/25962-Ph_golgi/merged_25962-Ph_golgi_a04.tif,s3://morphology_profiles/filtered_mp/25962-Mito/merged_25962-Mito_a04.tif
CC(C)NCC(O)COc1cccc2[nH]ccc12,25962,A5,s3://morphology_profiles/filtered_mp/25962-Hoechst/merged_25962-Hoechst_a05.tif,s3://morphology_profiles/filtered_mp/25962-ERSyto/merged_25962-ERSyto_a05.tif,s3://morphology_profiles/filtered_mp/25962-ERSytoBleed/merged_25962-ERSytoBleed_a05.tif,s3://morphology_profiles/filtered_mp/25962-Ph_golgi/merged_25962-Ph_golgi_a05.tif,s3://morphology_profiles/filtered_mp/25962-Mito/merged_25962-Mito_a05.tif
CC(C(=O)O)c1cccc(C(=O)c2ccccc2)c1,25962,A7,s3://morphology_profiles/filtered_mp/25962-Hoechst/merged_25962-Hoechst_a07.tif,s3://morphology_profiles/filtered_mp/25962-ERSyto/merged_25962-ERSyto_a07.tif,s3://morphology_profiles/filtered_mp/25962-ERSytoBleed/merged_25962-ERSytoBleed_a07.tif,s3://morphology_profiles/filtered_mp/25962-Ph_golgi/merged_25962-Ph_golgi_a07.tif,s3://morphology_profiles/filtered_mp/25962-Mito/merged_25962-Mito_a07.tif
N=C(N)Nc1nc(CSCCC(=N)NS(N)(=O)=O)cs1,25962,B6,s3://morphology_profiles/filtered_mp/25962-Hoechst/merged_25962-Hoechst_b06.tif,s3://morphology_profiles/filtered_mp/25962-ERSyto/merged_25962-ERSyto_b06.tif,s3://morphology_profiles/filtered_mp/25962-ERSytoBleed/merged_25962-ERSytoBleed_b06.tif,s3://morphology_profiles/filtered_mp/25962-Ph_golgi/merged_25962-Ph_golgi_b06.tif,s3://morphology_profiles/filtered_mp/25962-Mito/merged_25962-Mito_b06.tif
COc1ccc(NS(=O)(=O)c2ccc(N)cc2)nn1,25962,B10,s3://morphology_profiles/filtered_mp/25962-Hoechst/merged_25962-Hoechst_b10.tif,s3://morphology_profiles/filtered_mp/25962-ERSyto/merged_25962-ERSyto_b10.tif,s3://morphology_profiles/filtered_mp/25962-ERSytoBleed/merged_25962-ERSytoBleed_b10.tif,s3://morphology_profiles/filtered_mp/25962-Ph_golgi/merged_25962-Ph_golgi_b10.tif,s3://morphology_profiles/filtered_mp/25962-Mito/merged_25962-Mito_b10.tif
Clc1ccc2c(c1)C(N1CCNCC1)=Nc1ccccc1O2,25962,C5,s3://morphology_profiles/filtered_mp/25962-Hoechst/merged_25962-Hoechst_c05.tif,s3://morphology_profiles/filtered_mp/25962-ERSyto/merged_25962-ERSyto_c05.tif,s3://morphology_profiles/filtered_mp/25962-ERSytoBleed/merged_25962-ERSytoBleed_c05.tif,s3://morphology_profiles/filtered_mp/25962-Ph_golgi/merged_25962-Ph_golgi_c05.tif,s3://morphology_profiles/filtered_mp/25962-Mito/merged_25962-Mito_c05.tif
CCN1CCN(C(O)=N[C@@H](C(O)=N[C@@H]2C(=O)N3C(C(=O)O)=C(CSc4nnnn4C)CS[C@H]23)c2ccc(O)cc2)C(=O)C1=O,25962,C8,s3://morphology_profiles/filtered_mp/25962-Hoechst/merged_25962-Hoechst_c08.tif,s3://morphology_profiles/filtered_mp/25962-ERSyto/merged_25962-ERSyto_c08.tif,s3://morphology_profiles/filtered_mp/25962-ERSytoBleed/merged_25962-ERSytoBleed_c08.tif,s3://morphology_profiles/filtered_mp/25962-Ph_golgi/merged_25962-Ph_golgi_c08.tif,s3://morphology_profiles/filtered_mp/25962-Mito/merged_25962-Mito_c08.tif
COc1cc(Cc2c[nH]c(=N)[nH]c2=N)cc(OC)c1OC,25962,G5,s3://morphology_profiles/filtered_mp/25962-Hoechst/merged_25962-Hoechst_g05.tif,s3://morphology_profiles/filtered_mp/25962-ERSyto/merged_25962-ERSyto_g05.tif,s3://morphology_profiles/filtered_mp/25962-ERSytoBleed/merged_25962-ERSytoBleed_g05.tif,s3://morphology_profiles/filtered_mp/25962-Ph_golgi/merged_25962-Ph_golgi_g05.tif,s3://morphology_profiles/filtered_mp/25962-Mito/merged_25962-Mito_g05.tif
O=C(O)Cc1ccccc1Nc1c(Cl)cccc1Cl,25962,G23,s3://morphology_profiles/filtered_mp/25962-Hoechst/merged_25962-Hoechst_g23.tif,s3://morphology_profiles/filtered_mp/25962-ERSyto/merged_25962-ERSyto_g23.tif,s3://morphology_profiles/filtered_mp/25962-ERSytoBleed/merged_25962-ERSytoBleed_g23.tif,s3://morphology_profiles/filtered_mp/25962-Ph_golgi/merged_25962-Ph_golgi_g23.tif,s3://morphology_profiles/filtered_mp/25962-Mito/merged_25962-Mito_g23.tif
C[C@H]1COc2c(N3CCN(C)CC3)c(F)cc3c(=O)c(C(=O)O)cn1c23,25962,I4,s3://morphology_profiles/filtered_mp/25962-Hoechst/merged_25962-Hoechst_i04.tif,s3://morphology_profiles/filtered_mp/25962-ERSyto/merged_25962-ERSyto_i04.tif,s3://morphology_profiles/filtered_mp/25962-ERSytoBleed/merged_25962-ERSytoBleed_i04.tif,s3://morphology_profiles/filtered_mp/25962-Ph_golgi/merged_25962-Ph_golgi_i04.tif,s3://morphology_profiles/filtered_mp/25962-Mito/merged_25962-Mito_i04.tif
S=P(N1CC1)(N1CC1)N1CC1,25962,I10,s3://morphology_profiles/filtered_mp/25962-Hoechst/merged_25962-Hoechst_i10.tif,s3://morphology_profiles/filtered_mp/25962-ERSyto/merged_25962-ERSyto_i10.tif,s3://morphology_profiles/filtered_mp/25962-ERSytoBleed/merged_25962-ERSytoBleed_i10.tif,s3://morphology_profiles/filtered_mp/25962-Ph_golgi/merged_25962-Ph_golgi_i10.tif,s3://morphology_profiles/filtered_mp/25962-Mito/merged_25962-Mito_i10.tif
CC(C)(C)N=C(O)[C@@H]1C[C@@H]2CCCC[C@@H]2CN1C[C@@H](O)[C@H](Cc1ccccc1)N=C(O)[C@H](CC(=N)O)NC(=O)c1ccc2ccccc2n1,25962,I17,s3://morphology_profiles/filtered_mp/25962-Hoechst/merged_25962-Hoechst_i17.tif,s3://morphology_profiles/filtered_mp/25962-ERSyto/merged_25962-ERSyto_i17.tif,s3://morphology_profiles/filtered_mp/25962-ERSytoBleed/merged_25962-ERSytoBleed_i17.tif,s3://morphology_profiles/filtered_mp/25962-Ph_golgi/merged_25962-Ph_golgi_i17.tif,s3://morphology_profiles/filtered_mp/25962-Mito/merged_25962-Mito_i17.tif
Nc1ccc(S(=O)(=O)Nc2ccnn2-c2ccccc2)cc1,25962,J8,s3://morphology_profiles/filtered_mp/25962-Hoechst/merged_25962-Hoechst_j08.tif,s3://morphology_profiles/filtered_mp/25962-ERSyto/merged_25962-ERSyto_j08.tif,s3://morphology_profiles/filtered_mp/25962-ERSytoBleed/merged_25962-ERSytoBleed_j08.tif,s3://morphology_profiles/filtered_mp/25962-Ph_golgi/merged_25962-Ph_golgi_j08.tif,s3://morphology_profiles/filtered_mp/25962-Mito/merged_25962-Mito_j08.tif
CCCCC1C(=O)N(c2ccccc2)N(c2ccccc2)C1=O,25962,J11,s3://morphology_profiles/filtered_mp/25962-Hoechst/merged_25962-Hoechst_j11.tif,s3://morphology_profiles/filtered_mp/25962-ERSyto/merged_25962-ERSyto_j11.tif,s3://morphology_profiles/filtered_mp/25962-ERSytoBleed/merged_25962-ERSytoBleed_j11.tif,s3://morphology_profiles/filtered_mp/25962-Ph_golgi/merged_25962-Ph_golgi_j11.tif,s3://morphology_profiles/filtered_mp/25962-Mito/merged_25962-Mito_j11.tif
Cc1ccc(C)c(OCCCC(C)(C)C(=O)O)c1,25962,J17,s3://morphology_profiles/filtered_mp/25962-Hoechst/merged_25962-Hoechst_j17.tif,s3://morphology_profiles/filtered_mp/25962-ERSyto/merged_25962-ERSyto_j17.tif,s3://morphology_profiles/filtered_mp/25962-ERSytoBleed/merged_25962-ERSytoBleed_j17.tif,s3://morphology_profiles/filtered_mp/25962-Ph_golgi/merged_25962-Ph_golgi_j17.tif,s3://morphology_profiles/filtered_mp/25962-Mito/merged_25962-Mito_j17.tif
CCn1cc(C(=O)O)c(=O)c2cc(F)c(N3CCNCC3)cc21,25962,J20,s3://morphology_profiles/filtered_mp/25962-Hoechst/merged_25962-Hoechst_j20.tif,s3://morphology_profiles/filtered_mp/25962-ERSyto/merged_25962-ERSyto_j20.tif,s3://morphology_profiles/filtered_mp/25962-ERSytoBleed/merged_25962-ERSytoBleed_j20.tif,s3://morphology_profiles/filtered_mp/25962-Ph_golgi/merged_25962-Ph_golgi_j20.tif,s3://morphology_profiles/filtered_mp/25962-Mito/merged_25962-Mito_j20.tif
Cc1c(N(C)C)c(=O)n(-c2ccccc2)n1C,25962,L6,s3://morphology_profiles/filtered_mp/25962-Hoechst/merged_25962-Hoechst_l06.tif,s3://morphology_profiles/filtered_mp/25962-ERSyto/merged_25962-ERSyto_l06.tif,s3://morphology_profiles/filtered_mp/25962-ERSytoBleed/merged_25962-ERSytoBleed_l06.tif,s3://morphology_profiles/filtered_mp/25962-Ph_golgi/merged_25962-Ph_golgi_l06.tif,s3://morphology_profiles/filtered_mp/25962-Mito/merged_25962-Mito_l06.tif
NS(=O)(=O)c1cc2c(cc1Cl)NCNS2(=O)=O,25962,L17,s3://morphology_profiles/filtered_mp/25962-Hoechst/merged_25962-Hoechst_l17.tif,s3://morphology_profiles/filtered_mp/25962-ERSyto/merged_25962-ERSyto_l17.tif,s3://morphology_profiles/filtered_mp/25962-ERSytoBleed/merged_25962-ERSytoBleed_l17.tif,s3://morphology_profiles/filtered_mp/25962-Ph_golgi/merged_25962-Ph_golgi_l17.tif,s3://morphology_profiles/filtered_mp/25962-Mito/merged_25962-Mito_l17.tif
CCn1nc(C(=O)O)c(=O)c2cc3c(cc21)OCO3,25962,M22,s3://morphology_profiles/filtered_mp/25962-Hoechst/merged_25962-Hoechst_m22.tif,s3://morphology_profiles/filtered_mp/25962-ERSyto/merged_25962-ERSyto_m22.tif,s3://morphology_profiles/filtered_mp/25962-ERSytoBleed/merged_25962-ERSytoBleed_m22.tif,s3://morphology_profiles/filtered_mp/25962-Ph_golgi/merged_25962-Ph_golgi_m22.tif,s3://morphology_profiles/filtered_mp/25962-Mito/merged_25962-Mito_m22.tif
Nc1ccc(S(=O)(=O)Nc2nccs2)cc1,25962,M23,s3://morphology_profiles/filtered_mp/25962-Hoechst/merged_25962-Hoechst_m23.tif,s3://morphology_profiles/filtered_mp/25962-ERSyto/merged_25962-ERSyto_m23.tif,s3://morphology_profiles/filtered_mp/25962-ERSytoBleed/merged_25962-ERSytoBleed_m23.tif,s3://morphology_profiles/filtered_mp/25962-Ph_golgi/merged_25962-Ph_golgi_m23.tif,s3://morphology_profiles/filtered_mp/25962-Mito/merged_25962-Mito_m23.tif
C=CC1=C(C(=O)O)N2C(=O)[C@@H](N=C(O)/C(=N\O)c3csc(=N)[nH]3)[C@H]2SC1,25962,O1,s3://morphology_profiles/filtered_mp/25962-Hoechst/merged_25962-Hoechst_o01.tif,s3://morphology_profiles/filtered_mp/25962-ERSyto/merged_25962-ERSyto_o01.tif,s3://morphology_profiles/filtered_mp/25962-ERSytoBleed/merged_25962-ERSytoBleed_o01.tif,s3://morphology_profiles/filtered_mp/25962-Ph_golgi/merged_25962-Ph_golgi_o01.tif,s3://morphology_profiles/filtered_mp/25962-Mito/merged_25962-Mito_o01.tif
CCN1CCCC(OC(=O)C(c2ccccc2)c2ccccc2)C1,25965,A4,s3://morphology_profiles/filtered_mp/25965-Hoechst/merged_25965-Hoechst_a04.tif,s3://morphology_profiles/filtered_mp/25965-ERSyto/merged_25965-ERSyto_a04.tif,s3://morphology_profiles/filtered_mp/25965-ERSytoBleed/merged_25965-ERSytoBleed_a04.tif,s3://morphology_profiles/filtered_mp/25965-Ph_golgi/merged_25965-Ph_golgi_a04.tif,s3://morphology_profiles/filtered_mp/25965-Mito/merged_25965-Mito_a04.tif
CC(C)NCC(O)COc1cccc2[nH]ccc12,25965,A5,s3://morphology_profiles/filtered_mp/25965-Hoechst/merged_25965-Hoechst_a05.tif,s3://morphology_profiles/filtered_mp/25965-ERSyto/merged_25965-ERSyto_a05.tif,s3://morphology_profiles/filtered_mp/25965-ERSytoBleed/merged_25965-ERSytoBleed_a05.tif,s3://morphology_profiles/filtered_mp/25965-Ph_golgi/merged_25965-Ph_golgi_a05.tif,s3://morphology_profiles/filtered_mp/25965-Mito/merged_25965-Mito_a05.tif
CC(C(=O)O)c1cccc(C(=O)c2ccccc2)c1,25965,A7,s3://morphology_profiles/filtered_mp/25965-Hoechst/merged_25965-Hoechst_a07.tif,s3://morphology_profiles/filtered_mp/25965-ERSyto/merged_25965-ERSyto_a07.tif,s3://morphology_profiles/filtered_mp/25965-ERSytoBleed/merged_25965-ERSytoBleed_a07.tif,s3://morphology_profiles/filtered_mp/25965-Ph_golgi/merged_25965-Ph_golgi_a07.tif,s3://morphology_profiles/filtered_mp/25965-Mito/merged_25965-Mito_a07.tif
N=C(N)Nc1nc(CSCCC(=N)NS(N)(=O)=O)cs1,25965,B6,s3://morphology_profiles/filtered_mp/25965-Hoechst/merged_25965-Hoechst_b06.tif,s3://morphology_profiles/filtered_mp/25965-ERSyto/merged_25965-ERSyto_b06.tif,s3://morphology_profiles/filtered_mp/25965-ERSytoBleed/merged_25965-ERSytoBleed_b06.tif,s3://morphology_profiles/filtered_mp/25965-Ph_golgi/merged_25965-Ph_golgi_b06.tif,s3://morphology_profiles/filtered_mp/25965-Mito/merged_25965-Mito_b06.tif
COc1ccc(NS(=O)(=O)c2ccc(N)cc2)nn1,25965,B10,s3://morphology_profiles/filtered_mp/25965-Hoechst/merged_25965-Hoechst_b10.tif,s3://morphology_profiles/filtered_mp/25965-ERSyto/merged_25965-ERSyto_b10.tif,s3://morphology_profiles/filtered_mp/25965-ERSytoBleed/merged_25965-ERSytoBleed_b10.tif,s3://morphology_profiles/filtered_mp/25965-Ph_golgi/merged_25965-Ph_golgi_b10.tif,s3://morphology_profiles/filtered_mp/25965-Mito/merged_25965-Mito_b10.tif
Clc1ccc2c(c1)C(N1CCNCC1)=Nc1ccccc1O2,25965,C5,s3://morphology_profiles/filtered_mp/25965-Hoechst/merged_25965-Hoechst_c05.tif,s3://morphology_profiles/filtered_mp/25965-ERSyto/merged_25965-ERSyto_c05.tif,s3://morphology_profiles/filtered_mp/25965-ERSytoBleed/merged_25965-ERSytoBleed_c05.tif,s3://morphology_profiles/filtered_mp/25965-Ph_golgi/merged_25965-Ph_golgi_c05.tif,s3://morphology_profiles/filtered_mp/25965-Mito/merged_25965-Mito_c05.tif
CCN1CCN(C(O)=N[C@@H](C(O)=N[C@@H]2C(=O)N3C(C(=O)O)=C(CSc4nnnn4C)CS[C@H]23)c2ccc(O)cc2)C(=O)C1=O,25965,C8,s3://morphology_profiles/filtered_mp/25965-Hoechst/merged_25965-Hoechst_c08.tif,s3://morphology_profiles/filtered_mp/25965-ERSyto/merged_25965-ERSyto_c08.tif,s3://morphology_profiles/filtered_mp/25965-ERSytoBleed/merged_25965-ERSytoBleed_c08.tif,s3://morphology_profiles/filtered_mp/25965-Ph_golgi/merged_25965-Ph_golgi_c08.tif,s3://morphology_profiles/filtered_mp/25965-Mito/merged_25965-Mito_c08.tif
COc1cc(Cc2c[nH]c(=N)[nH]c2=N)cc(OC)c1OC,25965,G5,s3://morphology_profiles/filtered_mp/25965-Hoechst/merged_25965-Hoechst_g05.tif,s3://morphology_profiles/filtered_mp/25965-ERSyto/merged_25965-ERSyto_g05.tif,s3://morphology_profiles/filtered_mp/25965-ERSytoBleed/merged_25965-ERSytoBleed_g05.tif,s3://morphology_profiles/filtered_mp/25965-Ph_golgi/merged_25965-Ph_golgi_g05.tif,s3://morphology_profiles/filtered_mp/25965-Mito/merged_25965-Mito_g05.tif
O=C(O)Cc1ccccc1Nc1c(Cl)cccc1Cl,25965,G23,s3://morphology_profiles/filtered_mp/25965-Hoechst/merged_25965-Hoechst_g23.tif,s3://morphology_profiles/filtered_mp/25965-ERSyto/merged_25965-ERSyto_g23.tif,s3://morphology_profiles/filtered_mp/25965-ERSytoBleed/merged_25965-ERSytoBleed_g23.tif,s3://morphology_profiles/filtered_mp/25965-Ph_golgi/merged_25965-Ph_golgi_g23.tif,s3://morphology_profiles/filtered_mp/25965-Mito/merged_25965-Mito_g23.tif
C[C@H]1COc2c(N3CCN(C)CC3)c(F)cc3c(=O)c(C(=O)O)cn1c23,25965,I4,s3://morphology_profiles/filtered_mp/25965-Hoechst/merged_25965-Hoechst_i04.tif,s3://morphology_profiles/filtered_mp/25965-ERSyto/merged_25965-ERSyto_i04.tif,s3://morphology_profiles/filtered_mp/25965-ERSytoBleed/merged_25965-ERSytoBleed_i04.tif,s3://morphology_profiles/filtered_mp/25965-Ph_golgi/merged_25965-Ph_golgi_i04.tif,s3://morphology_profiles/filtered_mp/25965-Mito/merged_25965-Mito_i04.tif
S=P(N1CC1)(N1CC1)N1CC1,25965,I10,s3://morphology_profiles/filtered_mp/25965-Hoechst/merged_25965-Hoechst_i10.tif,s3://morphology_profiles/filtered_mp/25965-ERSyto/merged_25965-ERSyto_i10.tif,s3://morphology_profiles/filtered_mp/25965-ERSytoBleed/merged_25965-ERSytoBleed_i10.tif,s3://morphology_profiles/filtered_mp/25965-Ph_golgi/merged_25965-Ph_golgi_i10.tif,s3://morphology_profiles/filtered_mp/25965-Mito/merged_25965-Mito_i10.tif
CC(C)(C)N=C(O)[C@@H]1C[C@@H]2CCCC[C@@H]2CN1C[C@@H](O)[C@H](Cc1ccccc1)N=C(O)[C@H](CC(=N)O)NC(=O)c1ccc2ccccc2n1,25965,I17,s3://morphology_profiles/filtered_mp/25965-Hoechst/merged_25965-Hoechst_i17.tif,s3://morphology_profiles/filtered_mp/25965-ERSyto/merged_25965-ERSyto_i17.tif,s3://morphology_profiles/filtered_mp/25965-ERSytoBleed/merged_25965-ERSytoBleed_i17.tif,s3://morphology_profiles/filtered_mp/25965-Ph_golgi/merged_25965-Ph_golgi_i17.tif,s3://morphology_profiles/filtered_mp/25965-Mito/merged_25965-Mito_i17.tif
Nc1ccc(S(=O)(=O)Nc2ccnn2-c2ccccc2)cc1,25965,J8,s3://morphology_profiles/filtered_mp/25965-Hoechst/merged_25965-Hoechst_j08.tif,s3://morphology_profiles/filtered_mp/25965-ERSyto/merged_25965-ERSyto_j08.tif,s3://morphology_profiles/filtered_mp/25965-ERSytoBleed/merged_25965-ERSytoBleed_j08.tif,s3://morphology_profiles/filtered_mp/25965-Ph_golgi/merged_25965-Ph_golgi_j08.tif,s3://morphology_profiles/filtered_mp/25965-Mito/merged_25965-Mito_j08.tif
CCCCC1C(=O)N(c2ccccc2)N(c2ccccc2)C1=O,25965,J11,s3://morphology_profiles/filtered_mp/25965-Hoechst/merged_25965-Hoechst_j11.tif,s3://morphology_profiles/filtered_mp/25965-ERSyto/merged_25965-ERSyto_j11.tif,s3://morphology_profiles/filtered_mp/25965-ERSytoBleed/merged_25965-ERSytoBleed_j11.tif,s3://morphology_profiles/filtered_mp/25965-Ph_golgi/merged_25965-Ph_golgi_j11.tif,s3://morphology_profiles/filtered_mp/25965-Mito/merged_25965-Mito_j11.tif
Cc1ccc(C)c(OCCCC(C)(C)C(=O)O)c1,25965,J17,s3://morphology_profiles/filtered_mp/25965-Hoechst/merged_25965-Hoechst_j17.tif,s3://morphology_profiles/filtered_mp/25965-ERSyto/merged_25965-ERSyto_j17.tif,s3://morphology_profiles/filtered_mp/25965-ERSytoBleed/merged_25965-ERSytoBleed_j17.tif,s3://morphology_profiles/filtered_mp/25965-Ph_golgi/merged_25965-Ph_golgi_j17.tif,s3://morphology_profiles/filtered_mp/25965-Mito/merged_25965-Mito_j17.tif
CCn1cc(C(=O)O)c(=O)c2cc(F)c(N3CCNCC3)cc21,25965,J20,s3://morphology_profiles/filtered_mp/25965-Hoechst/merged_25965-Hoechst_j20.tif,s3://morphology_profiles/filtered_mp/25965-ERSyto/merged_25965-ERSyto_j20.tif,s3://morphology_profiles/filtered_mp/25965-ERSytoBleed/merged_25965-ERSytoBleed_j20.tif,s3://morphology_profiles/filtered_mp/25965-Ph_golgi/merged_25965-Ph_golgi_j20.tif,s3://morphology_profiles/filtered_mp/25965-Mito/merged_25965-Mito_j20.tif
Cc1c(N(C)C)c(=O)n(-c2ccccc2)n1C,25965,L6,s3://morphology_profiles/filtered_mp/25965-Hoechst/merged_25965-Hoechst_l06.tif,s3://morphology_profiles/filtered_mp/25965-ERSyto/merged_25965-ERSyto_l06.tif,s3://morphology_profiles/filtered_mp/25965-ERSytoBleed/merged_25965-ERSytoBleed_l06.tif,s3://morphology_profiles/filtered_mp/25965-Ph_golgi/merged_25965-Ph_golgi_l06.tif,s3://morphology_profiles/filtered_mp/25965-Mito/merged_25965-Mito_l06.tif
NS(=O)(=O)c1cc2c(cc1Cl)NCNS2(=O)=O,25965,L17,s3://morphology_profiles/filtered_mp/25965-Hoechst/merged_25965-Hoechst_l17.tif,s3://morphology_profiles/filtered_mp/25965-ERSyto/merged_25965-ERSyto_l17.tif,s3://morphology_profiles/filtered_mp/25965-ERSytoBleed/merged_25965-ERSytoBleed_l17.tif,s3://morphology_profiles/filtered_mp/25965-Ph_golgi/merged_25965-Ph_golgi_l17.tif,s3://morphology_profiles/filtered_mp/25965-Mito/merged_25965-Mito_l17.tif
CCn1nc(C(=O)O)c(=O)c2cc3c(cc21)OCO3,25965,M22,s3://morphology_profiles/filtered_mp/25965-Hoechst/merged_25965-Hoechst_m22.tif,s3://morphology_profiles/filtered_mp/25965-ERSyto/merged_25965-ERSyto_m22.tif,s3://morphology_profiles/filtered_mp/25965-ERSytoBleed/merged_25965-ERSytoBleed_m22.tif,s3://morphology_profiles/filtered_mp/25965-Ph_golgi/merged_25965-Ph_golgi_m22.tif,s3://morphology_profiles/filtered_mp/25965-Mito/merged_25965-Mito_m22.tif
Nc1ccc(S(=O)(=O)Nc2nccs2)cc1,25965,M23,s3://morphology_profiles/filtered_mp/25965-Hoechst/merged_25965-Hoechst_m23.tif,s3://morphology_profiles/filtered_mp/25965-ERSyto/merged_25965-ERSyto_m23.tif,s3://morphology_profiles/filtered_mp/25965-ERSytoBleed/merged_25965-ERSytoBleed_m23.tif,s3://morphology_profiles/filtered_mp/25965-Ph_golgi/merged_25965-Ph_golgi_m23.tif,s3://morphology_profiles/filtered_mp/25965-Mito/merged_25965-Mito_m23.tif
C=CC1=C(C(=O)O)N2C(=O)[C@@H](N=C(O)/C(=N\O)c3csc(=N)[nH]3)[C@H]2SC1,25965,O1,s3://morphology_profiles/filtered_mp/25965-Hoechst/merged_25965-Hoechst_o01.tif,s3://morphology_profiles/filtered_mp/25965-ERSyto/merged_25965-ERSyto_o01.tif,s3://morphology_profiles/filtered_mp/25965-ERSytoBleed/merged_25965-ERSytoBleed_o01.tif,s3://morphology_profiles/filtered_mp/25965-Ph_golgi/merged_25965-Ph_golgi_o01.tif,s3://morphology_profiles/filtered_mp/25965-Mito/merged_25965-Mito_o01.tif
CCN1CCCC(OC(=O)C(c2ccccc2)c2ccccc2)C1,25966,A4,s3://morphology_profiles/filtered_mp/25966-Hoechst/merged_25966-Hoechst_a04.tif,s3://morphology_profiles/filtered_mp/25966-ERSyto/merged_25966-ERSyto_a04.tif,s3://morphology_profiles/filtered_mp/25966-ERSytoBleed/merged_25966-ERSytoBleed_a04.tif,s3://morphology_profiles/filtered_mp/25966-Ph_golgi/merged_25966-Ph_golgi_a04.tif,s3://morphology_profiles/filtered_mp/25966-Mito/merged_25966-Mito_a04.tif
CC(C)NCC(O)COc1cccc2[nH]ccc12,25966,A5,s3://morphology_profiles/filtered_mp/25966-Hoechst/merged_25966-Hoechst_a05.tif,s3://morphology_profiles/filtered_mp/25966-ERSyto/merged_25966-ERSyto_a05.tif,s3://morphology_profiles/filtered_mp/25966-ERSytoBleed/merged_25966-ERSytoBleed_a05.tif,s3://morphology_profiles/filtered_mp/25966-Ph_golgi/merged_25966-Ph_golgi_a05.tif,s3://morphology_profiles/filtered_mp/25966-Mito/merged_25966-Mito_a05.tif
CC(C(=O)O)c1cccc(C(=O)c2ccccc2)c1,25966,A7,s3://morphology_profiles/filtered_mp/25966-Hoechst/merged_25966-Hoechst_a07.tif,s3://morphology_profiles/filtered_mp/25966-ERSyto/merged_25966-ERSyto_a07.tif,s3://morphology_profiles/filtered_mp/25966-ERSytoBleed/merged_25966-ERSytoBleed_a07.tif,s3://morphology_profiles/filtered_mp/25966-Ph_golgi/merged_25966-Ph_golgi_a07.tif,s3://morphology_profiles/filtered_mp/25966-Mito/merged_25966-Mito_a07.tif
N=C(N)Nc1nc(CSCCC(=N)NS(N)(=O)=O)cs1,25966,B6,s3://morphology_profiles/filtered_mp/25966-Hoechst/merged_25966-Hoechst_b06.tif,s3://morphology_profiles/filtered_mp/25966-ERSyto/merged_25966-ERSyto_b06.tif,s3://morphology_profiles/filtered_mp/25966-ERSytoBleed/merged_25966-ERSytoBleed_b06.tif,s3://morphology_profiles/filtered_mp/25966-Ph_golgi/merged_25966-Ph_golgi_b06.tif,s3://morphology_profiles/filtered_mp/25966-Mito/merged_25966-Mito_b06.tif
COc1ccc(NS(=O)(=O)c2ccc(N)cc2)nn1,25966,B10,s3://morphology_profiles/filtered_mp/25966-Hoechst/merged_25966-Hoechst_b10.tif,s3://morphology_profiles/filtered_mp/25966-ERSyto/merged_25966-ERSyto_b10.tif,s3://morphology_profiles/filtered_mp/25966-ERSytoBleed/merged_25966-ERSytoBleed_b10.tif,s3://morphology_profiles/filtered_mp/25966-Ph_golgi/merged_25966-Ph_golgi_b10.tif,s3://morphology_profiles/filtered_mp/25966-Mito/merged_25966-Mito_b10.tif
Clc1ccc2c(c1)C(N1CCNCC1)=Nc1ccccc1O2,25966,C5,s3://morphology_profiles/filtered_mp/25966-Hoechst/merged_25966-Hoechst_c05.tif,s3://morphology_profiles/filtered_mp/25966-ERSyto/merged_25966-ERSyto_c05.tif,s3://morphology_profiles/filtered_mp/25966-ERSytoBleed/merged_25966-ERSytoBleed_c05.tif,s3://morphology_profiles/filtered_mp/25966-Ph_golgi/merged_25966-Ph_golgi_c05.tif,s3://morphology_profiles/filtered_mp/25966-Mito/merged_25966-Mito_c05.tif
CCN1CCN(C(O)=N[C@@H](C(O)=N[C@@H]2C(=O)N3C(C(=O)O)=C(CSc4nnnn4C)CS[C@H]23)c2ccc(O)cc2)C(=O)C1=O,25966,C8,s3://morphology_profiles/filtered_mp/25966-Hoechst/merged_25966-Hoechst_c08.tif,s3://morphology_profiles/filtered_mp/25966-ERSyto/merged_25966-ERSyto_c08.tif,s3://morphology_profiles/filtered_mp/25966-ERSytoBleed/merged_25966-ERSytoBleed_c08.tif,s3://morphology_profiles/filtered_mp/25966-Ph_golgi/merged_25966-Ph_golgi_c08.tif,s3://morphology_profiles/filtered_mp/25966-Mito/merged_25966-Mito_c08.tif
COc1cc(Cc2c[nH]c(=N)[nH]c2=N)cc(OC)c1OC,25966,G5,s3://morphology_profiles/filtered_mp/25966-Hoechst/merged_25966-Hoechst_g05.tif,s3://morphology_profiles/filtered_mp/25966-ERSyto/merged_25966-ERSyto_g05.tif,s3://morphology_profiles/filtered_mp/25966-ERSytoBleed/merged_25966-ERSytoBleed_g05.tif,s3://morphology_profiles/filtered_mp/25966-Ph_golgi/merged_25966-Ph_golgi_g05.tif,s3://morphology_profiles/filtered_mp/25966-Mito/merged_25966-Mito_g05.tif
O=C(O)Cc1ccccc1Nc1c(Cl)cccc1Cl,25966,G23,s3://morphology_profiles/filtered_mp/25966-Hoechst/merged_25966-Hoechst_g23.tif,s3://morphology_profiles/filtered_mp/25966-ERSyto/merged_25966-ERSyto_g23.tif,s3://morphology_profiles/filtered_mp/25966-ERSytoBleed/merged_25966-ERSytoBleed_g23.tif,s3://morphology_profiles/filtered_mp/25966-Ph_golgi/merged_25966-Ph_golgi_g23.tif,s3://morphology_profiles/filtered_mp/25966-Mito/merged_25966-Mito_g23.tif
C[C@H]1COc2c(N3CCN(C)CC3)c(F)cc3c(=O)c(C(=O)O)cn1c23,25966,I4,s3://morphology_profiles/filtered_mp/25966-Hoechst/merged_25966-Hoechst_i04.tif,s3://morphology_profiles/filtered_mp/25966-ERSyto/merged_25966-ERSyto_i04.tif,s3://morphology_profiles/filtered_mp/25966-ERSytoBleed/merged_25966-ERSytoBleed_i04.tif,s3://morphology_profiles/filtered_mp/25966-Ph_golgi/merged_25966-Ph_golgi_i04.tif,s3://morphology_profiles/filtered_mp/25966-Mito/merged_25966-Mito_i04.tif
S=P(N1CC1)(N1CC1)N1CC1,25966,I10,s3://morphology_profiles/filtered_mp/25966-Hoechst/merged_25966-Hoechst_i10.tif,s3://morphology_profiles/filtered_mp/25966-ERSyto/merged_25966-ERSyto_i10.tif,s3://morphology_profiles/filtered_mp/25966-ERSytoBleed/merged_25966-ERSytoBleed_i10.tif,s3://morphology_profiles/filtered_mp/25966-Ph_golgi/merged_25966-Ph_golgi_i10.tif,s3://morphology_profiles/filtered_mp/25966-Mito/merged_25966-Mito_i10.tif
CC(C)(C)N=C(O)[C@@H]1C[C@@H]2CCCC[C@@H]2CN1C[C@@H](O)[C@H](Cc1ccccc1)N=C(O)[C@H](CC(=N)O)NC(=O)c1ccc2ccccc2n1,25966,I17,s3://morphology_profiles/filtered_mp/25966-Hoechst/merged_25966-Hoechst_i17.tif,s3://morphology_profiles/filtered_mp/25966-ERSyto/merged_25966-ERSyto_i17.tif,s3://morphology_profiles/filtered_mp/25966-ERSytoBleed/merged_25966-ERSytoBleed_i17.tif,s3://morphology_profiles/filtered_mp/25966-Ph_golgi/merged_25966-Ph_golgi_i17.tif,s3://morphology_profiles/filtered_mp/25966-Mito/merged_25966-Mito_i17.tif
Nc1ccc(S(=O)(=O)Nc2ccnn2-c2ccccc2)cc1,25966,J8,s3://morphology_profiles/filtered_mp/25966-Hoechst/merged_25966-Hoechst_j08.tif,s3://morphology_profiles/filtered_mp/25966-ERSyto/merged_25966-ERSyto_j08.tif,s3://morphology_profiles/filtered_mp/25966-ERSytoBleed/merged_25966-ERSytoBleed_j08.tif,s3://morphology_profiles/filtered_mp/25966-Ph_golgi/merged_25966-Ph_golgi_j08.tif,s3://morphology_profiles/filtered_mp/25966-Mito/merged_25966-Mito_j08.tif
CCCCC1C(=O)N(c2ccccc2)N(c2ccccc2)C1=O,25966,J11,s3://morphology_profiles/filtered_mp/25966-Hoechst/merged_25966-Hoechst_j11.tif,s3://morphology_profiles/filtered_mp/25966-ERSyto/merged_25966-ERSyto_j11.tif,s3://morphology_profiles/filtered_mp/25966-ERSytoBleed/merged_25966-ERSytoBleed_j11.tif,s3://morphology_profiles/filtered_mp/25966-Ph_golgi/merged_25966-Ph_golgi_j11.tif,s3://morphology_profiles/filtered_mp/25966-Mito/merged_25966-Mito_j11.tif
Cc1ccc(C)c(OCCCC(C)(C)C(=O)O)c1,25966,J17,s3://morphology_profiles/filtered_mp/25966-Hoechst/merged_25966-Hoechst_j17.tif,s3://morphology_profiles/filtered_mp/25966-ERSyto/merged_25966-ERSyto_j17.tif,s3://morphology_profiles/filtered_mp/25966-ERSytoBleed/merged_25966-ERSytoBleed_j17.tif,s3://morphology_profiles/filtered_mp/25966-Ph_golgi/merged_25966-Ph_golgi_j17.tif,s3://morphology_profiles/filtered_mp/25966-Mito/merged_25966-Mito_j17.tif
CCn1cc(C(=O)O)c(=O)c2cc(F)c(N3CCNCC3)cc21,25966,J20,s3://morphology_profiles/filtered_mp/25966-Hoechst/merged_25966-Hoechst_j20.tif,s3://morphology_profiles/filtered_mp/25966-ERSyto/merged_25966-ERSyto_j20.tif,s3://morphology_profiles/filtered_mp/25966-ERSytoBleed/merged_25966-ERSytoBleed_j20.tif,s3://morphology_profiles/filtered_mp/25966-Ph_golgi/merged_25966-Ph_golgi_j20.tif,s3://morphology_profiles/filtered_mp/25966-Mito/merged_25966-Mito_j20.tif
Cc1c(N(C)C)c(=O)n(-c2ccccc2)n1C,25966,L6,s3://morphology_profiles/filtered_mp/25966-Hoechst/merged_25966-Hoechst_l06.tif,s3://morphology_profiles/filtered_mp/25966-ERSyto/merged_25966-ERSyto_l06.tif,s3://morphology_profiles/filtered_mp/25966-ERSytoBleed/merged_25966-ERSytoBleed_l06.tif,s3://morphology_profiles/filtered_mp/25966-Ph_golgi/merged_25966-Ph_golgi_l06.tif,s3://morphology_profiles/filtered_mp/25966-Mito/merged_25966-Mito_l06.tif
NS(=O)(=O)c1cc2c(cc1Cl)NCNS2(=O)=O,25966,L17,s3://morphology_profiles/filtered_mp/25966-Hoechst/merged_25966-Hoechst_l17.tif,s3://morphology_profiles/filtered_mp/25966-ERSyto/merged_25966-ERSyto_l17.tif,s3://morphology_profiles/filtered_mp/25966-ERSytoBleed/merged_25966-ERSytoBleed_l17.tif,s3://morphology_profiles/filtered_mp/25966-Ph_golgi/merged_25966-Ph_golgi_l17.tif,s3://morphology_profiles/filtered_mp/25966-Mito/merged_25966-Mito_l17.tif
CCn1nc(C(=O)O)c(=O)c2cc3c(cc21)OCO3,25966,M22,s3://morphology_profiles/filtered_mp/25966-Hoechst/merged_25966-Hoechst_m22.tif,s3://morphology_profiles/filtered_mp/25966-ERSyto/merged_25966-ERSyto_m22.tif,s3://morphology_profiles/filtered_mp/25966-ERSytoBleed/merged_25966-ERSytoBleed_m22.tif,s3://morphology_profiles/filtered_mp/25966-Ph_golgi/merged_25966-Ph_golgi_m22.tif,s3://morphology_profiles/filtered_mp/25966-Mito/merged_25966-Mito_m22.tif
Nc1ccc(S(=O)(=O)Nc2nccs2)cc1,25966,M23,s3://morphology_profiles/filtered_mp/25966-Hoechst/merged_25966-Hoechst_m23.tif,s3://morphology_profiles/filtered_mp/25966-ERSyto/merged_25966-ERSyto_m23.tif,s3://morphology_profiles/filtered_mp/25966-ERSytoBleed/merged_25966-ERSytoBleed_m23.tif,s3://morphology_profiles/filtered_mp/25966-Ph_golgi/merged_25966-Ph_golgi_m23.tif,s3://morphology_profiles/filtered_mp/25966-Mito/merged_25966-Mito_m23.tif
C=CC1=C(C(=O)O)N2C(=O)[C@@H](N=C(O)/C(=N\O)c3csc(=N)[nH]3)[C@H]2SC1,25966,O1,s3://morphology_profiles/filtered_mp/25966-Hoechst/merged_25966-Hoechst_o01.tif,s3://morphology_profiles/filtered_mp/25966-ERSyto/merged_25966-ERSyto_o01.tif,s3://morphology_profiles/filtered_mp/25966-ERSytoBleed/merged_25966-ERSytoBleed_o01.tif,s3://morphology_profiles/filtered_mp/25966-Ph_golgi/merged_25966-Ph_golgi_o01.tif,s3://morphology_profiles/filtered_mp/25966-Mito/merged_25966-Mito_o01.tif
CC(C)(Oc1ccc(Cl)cc1)C(=O)O,25967,A19,s3://morphology_profiles/filtered_mp/25967-Hoechst/merged_25967-Hoechst_a19.tif,s3://morphology_profiles/filtered_mp/25967-ERSyto/merged_25967-ERSyto_a19.tif,s3://morphology_profiles/filtered_mp/25967-ERSytoBleed/merged_25967-ERSytoBleed_a19.tif,s3://morphology_profiles/filtered_mp/25967-Ph_golgi/merged_25967-Ph_golgi_a19.tif,s3://morphology_profiles/filtered_mp/25967-Mito/merged_25967-Mito_a19.tif
NS(=O)(=O)c1cc2c(cc1Cl)N=C(CSCc1ccccc1)NS2(=O)=O,25967,B21,s3://morphology_profiles/filtered_mp/25967-Hoechst/merged_25967-Hoechst_b21.tif,s3://morphology_profiles/filtered_mp/25967-ERSyto/merged_25967-ERSyto_b21.tif,s3://morphology_profiles/filtered_mp/25967-ERSytoBleed/merged_25967-ERSytoBleed_b21.tif,s3://morphology_profiles/filtered_mp/25967-Ph_golgi/merged_25967-Ph_golgi_b21.tif,s3://morphology_profiles/filtered_mp/25967-Mito/merged_25967-Mito_b21.tif
CC(O)=NS(=O)(=O)c1ccc(N)cc1,25967,B22,s3://morphology_profiles/filtered_mp/25967-Hoechst/merged_25967-Hoechst_b22.tif,s3://morphology_profiles/filtered_mp/25967-ERSyto/merged_25967-ERSyto_b22.tif,s3://morphology_profiles/filtered_mp/25967-ERSytoBleed/merged_25967-ERSytoBleed_b22.tif,s3://morphology_profiles/filtered_mp/25967-Ph_golgi/merged_25967-Ph_golgi_b22.tif,s3://morphology_profiles/filtered_mp/25967-Mito/merged_25967-Mito_b22.tif
O=C(O)c1cc(-c2ccc(F)cc2F)ccc1O,25967,C7,s3://morphology_profiles/filtered_mp/25967-Hoechst/merged_25967-Hoechst_c07.tif,s3://morphology_profiles/filtered_mp/25967-ERSyto/merged_25967-ERSyto_c07.tif,s3://morphology_profiles/filtered_mp/25967-ERSytoBleed/merged_25967-ERSytoBleed_c07.tif,s3://morphology_profiles/filtered_mp/25967-Ph_golgi/merged_25967-Ph_golgi_c07.tif,s3://morphology_profiles/filtered_mp/25967-Mito/merged_25967-Mito_c07.tif
CCC(C)(C)C(=O)O[C@H]1C[C@@H](C)C=C2C=C[C@H](C)[C@H](CC[C@@H]3C[C@@H](O)CC(=O)O3)[C@H]21,25967,C8,s3://morphology_profiles/filtered_mp/25967-Hoechst/merged_25967-Hoechst_c08.tif,s3://morphology_profiles/filtered_mp/25967-ERSyto/merged_25967-ERSyto_c08.tif,s3://morphology_profiles/filtered_mp/25967-ERSytoBleed/merged_25967-ERSytoBleed_c08.tif,s3://morphology_profiles/filtered_mp/25967-Ph_golgi/merged_25967-Ph_golgi_c08.tif,s3://morphology_profiles/filtered_mp/25967-Mito/merged_25967-Mito_c08.tif
CN1CCC(OC(c2ccccc2)c2ccccc2)CC1,25967,C18,s3://morphology_profiles/filtered_mp/25967-Hoechst/merged_25967-Hoechst_c18.tif,s3://morphology_profiles/filtered_mp/25967-ERSyto/merged_25967-ERSyto_c18.tif,s3://morphology_profiles/filtered_mp/25967-ERSytoBleed/merged_25967-ERSytoBleed_c18.tif,s3://morphology_profiles/filtered_mp/25967-Ph_golgi/merged_25967-Ph_golgi_c18.tif,s3://morphology_profiles/filtered_mp/25967-Mito/merged_25967-Mito_c18.tif
CC1(C)N=C(O)N(c2ccc([N+](=O)[O-])c(C(F)(F)F)c2)C1=O,25967,D4,s3://morphology_profiles/filtered_mp/25967-Hoechst/merged_25967-Hoechst_d04.tif,s3://morphology_profiles/filtered_mp/25967-ERSyto/merged_25967-ERSyto_d04.tif,s3://morphology_profiles/filtered_mp/25967-ERSytoBleed/merged_25967-ERSytoBleed_d04.tif,s3://morphology_profiles/filtered_mp/25967-Ph_golgi/merged_25967-Ph_golgi_d04.tif,s3://morphology_profiles/filtered_mp/25967-Mito/merged_25967-Mito_d04.tif
O=C(O)CCc1nc(-c2ccccc2)c(-c2ccccc2)o1,25967,E7,s3://morphology_profiles/filtered_mp/25967-Hoechst/merged_25967-Hoechst_e07.tif,s3://morphology_profiles/filtered_mp/25967-ERSyto/merged_25967-ERSyto_e07.tif,s3://morphology_profiles/filtered_mp/25967-ERSytoBleed/merged_25967-ERSytoBleed_e07.tif,s3://morphology_profiles/filtered_mp/25967-Ph_golgi/merged_25967-Ph_golgi_e07.tif,s3://morphology_profiles/filtered_mp/25967-Mito/merged_25967-Mito_e07.tif
COc1ccc(C(Cl)=C(c2ccc(OC)cc2)c2ccc(OC)cc2)cc1,25967,F14,s3://morphology_profiles/filtered_mp/25967-Hoechst/merged_25967-Hoechst_f14.tif,s3://morphology_profiles/filtered_mp/25967-ERSyto/merged_25967-ERSyto_f14.tif,s3://morphology_profiles/filtered_mp/25967-ERSytoBleed/merged_25967-ERSytoBleed_f14.tif,s3://morphology_profiles/filtered_mp/25967-Ph_golgi/merged_25967-Ph_golgi_f14.tif,s3://morphology_profiles/filtered_mp/25967-Mito/merged_25967-Mito_f14.tif
C=C1/C(=C\C=C2/CCC[C@]3(C)[C@@H]([C@H](C)CCCC(C)(C)O)CC[C@@H]23)C[C@@H](O)C[C@@H]1O,25967,F21,s3://morphology_profiles/filtered_mp/25967-Hoechst/merged_25967-Hoechst_f21.tif,s3://morphology_profiles/filtered_mp/25967-ERSyto/merged_25967-ERSyto_f21.tif,s3://morphology_profiles/filtered_mp/25967-ERSytoBleed/merged_25967-ERSytoBleed_f21.tif,s3://morphology_profiles/filtered_mp/25967-Ph_golgi/merged_25967-Ph_golgi_f21.tif,s3://morphology_profiles/filtered_mp/25967-Mito/merged_25967-Mito_f21.tif
CC(=O)OCC1=C(C(=O)O)N2C(=O)[C@@H](N=C(O)Cc3cccs3)[C@H]2SC1,25967,G16,s3://morphology_profiles/filtered_mp/25967-Hoechst/merged_25967-Hoechst_g16.tif,s3://morphology_profiles/filtered_mp/25967-ERSyto/merged_25967-ERSyto_g16.tif,s3://morphology_profiles/filtered_mp/25967-ERSytoBleed/merged_25967-ERSytoBleed_g16.tif,s3://morphology_profiles/filtered_mp/25967-Ph_golgi/merged_25967-Ph_golgi_g16.tif,s3://morphology_profiles/filtered_mp/25967-Mito/merged_25967-Mito_g16.tif
CC(C)C(O)=Nc1ccc([N+](=O)[O-])c(C(F)(F)F)c1,25967,G17,s3://morphology_profiles/filtered_mp/25967-Hoechst/merged_25967-Hoechst_g17.tif,s3://morphology_profiles/filtered_mp/25967-ERSyto/merged_25967-ERSyto_g17.tif,s3://morphology_profiles/filtered_mp/25967-ERSytoBleed/merged_25967-ERSytoBleed_g17.tif,s3://morphology_profiles/filtered_mp/25967-Ph_golgi/merged_25967-Ph_golgi_g17.tif,s3://morphology_profiles/filtered_mp/25967-Mito/merged_25967-Mito_g17.tif
Cc1cc(NS(=O)(=O)c2ccc(N)cc2)no1,25967,G21,s3://morphology_profiles/filtered_mp/25967-Hoechst/merged_25967-Hoechst_g21.tif,s3://morphology_profiles/filtered_mp/25967-ERSyto/merged_25967-ERSyto_g21.tif,s3://morphology_profiles/filtered_mp/25967-ERSytoBleed/merged_25967-ERSytoBleed_g21.tif,s3://morphology_profiles/filtered_mp/25967-Ph_golgi/merged_25967-Ph_golgi_g21.tif,s3://morphology_profiles/filtered_mp/25967-Mito/merged_25967-Mito_g21.tif
CC(=O)N1CCN(c2ccc(OC[C@H]3CO[C@](Cn4ccnc4)(c4ccc(Cl)cc4Cl)O3)cc2)CC1,25967,H10,s3://morphology_profiles/filtered_mp/25967-Hoechst/merged_25967-Hoechst_h10.tif,s3://morphology_profiles/filtered_mp/25967-ERSyto/merged_25967-ERSyto_h10.tif,s3://morphology_profiles/filtered_mp/25967-ERSytoBleed/merged_25967-ERSytoBleed_h10.tif,s3://morphology_profiles/filtered_mp/25967-Ph_golgi/merged_25967-Ph_golgi_h10.tif,s3://morphology_profiles/filtered_mp/25967-Mito/merged_25967-Mito_h10.tif
Cc1cccc(N=c2cc[nH]cc2S(=O)(=O)NC(O)=NC(C)C)c1,25967,I3,s3://morphology_profiles/filtered_mp/25967-Hoechst/merged_25967-Hoechst_i03.tif,s3://morphology_profiles/filtered_mp/25967-ERSyto/merged_25967-ERSyto_i03.tif,s3://morphology_profiles/filtered_mp/25967-ERSytoBleed/merged_25967-ERSytoBleed_i03.tif,s3://morphology_profiles/filtered_mp/25967-Ph_golgi/merged_25967-Ph_golgi_i03.tif,s3://morphology_profiles/filtered_mp/25967-Mito/merged_25967-Mito_i03.tif
Cc1nnc(NS(=O)(=O)c2ccc(N)cc2)s1,25967,J2,s3://morphology_profiles/filtered_mp/25967-Hoechst/merged_25967-Hoechst_j02.tif,s3://morphology_profiles/filtered_mp/25967-ERSyto/merged_25967-ERSyto_j02.tif,s3://morphology_profiles/filtered_mp/25967-ERSytoBleed/merged_25967-ERSytoBleed_j02.tif,s3://morphology_profiles/filtered_mp/25967-Ph_golgi/merged_25967-Ph_golgi_j02.tif,s3://morphology_profiles/filtered_mp/25967-Mito/merged_25967-Mito_j02.tif
Nc1ccc(S(=O)(=O)Nc2ccc(Cl)nn2)cc1,25967,J13,s3://morphology_profiles/filtered_mp/25967-Hoechst/merged_25967-Hoechst_j13.tif,s3://morphology_profiles/filtered_mp/25967-ERSyto/merged_25967-ERSyto_j13.tif,s3://morphology_profiles/filtered_mp/25967-ERSytoBleed/merged_25967-ERSytoBleed_j13.tif,s3://morphology_profiles/filtered_mp/25967-Ph_golgi/merged_25967-Ph_golgi_j13.tif,s3://morphology_profiles/filtered_mp/25967-Mito/merged_25967-Mito_j13.tif
Nc1ccc(S(=O)(=O)Nc2ncccn2)cc1,25967,J18,s3://morphology_profiles/filtered_mp/25967-Hoechst/merged_25967-Hoechst_j18.tif,s3://morphology_profiles/filtered_mp/25967-ERSyto/merged_25967-ERSyto_j18.tif,s3://morphology_profiles/filtered_mp/25967-ERSytoBleed/merged_25967-ERSytoBleed_j18.tif,s3://morphology_profiles/filtered_mp/25967-Ph_golgi/merged_25967-Ph_golgi_j18.tif,s3://morphology_profiles/filtered_mp/25967-Mito/merged_25967-Mito_j18.tif
CCN(CC)C(=S)SSC(=S)N(CC)CC,25967,K6,s3://morphology_profiles/filtered_mp/25967-Hoechst/merged_25967-Hoechst_k06.tif,s3://morphology_profiles/filtered_mp/25967-ERSyto/merged_25967-ERSyto_k06.tif,s3://morphology_profiles/filtered_mp/25967-ERSytoBleed/merged_25967-ERSytoBleed_k06.tif,s3://morphology_profiles/filtered_mp/25967-Ph_golgi/merged_25967-Ph_golgi_k06.tif,s3://morphology_profiles/filtered_mp/25967-Mito/merged_25967-Mito_k06.tif
Cn1cnc([N+](=O)[O-])c1Sc1ncnc2[nH]cnc12,25967,K10,s3://morphology_profiles/filtered_mp/25967-Hoechst/merged_25967-Hoechst_k10.tif,s3://morphology_profiles/filtered_mp/25967-ERSyto/merged_25967-ERSyto_k10.tif,s3://morphology_profiles/filtered_mp/25967-ERSytoBleed/merged_25967-ERSytoBleed_k10.tif,s3://morphology_profiles/filtered_mp/25967-Ph_golgi/merged_25967-Ph_golgi_k10.tif,s3://morphology_profiles/filtered_mp/25967-Mito/merged_25967-Mito_k10.tif
CN=C(NC#N)NCCSCc1[nH]cnc1C,25967,L14,s3://morphology_profiles/filtered_mp/25967-Hoechst/merged_25967-Hoechst_l14.tif,s3://morphology_profiles/filtered_mp/25967-ERSyto/merged_25967-ERSyto_l14.tif,s3://morphology_profiles/filtered_mp/25967-ERSytoBleed/merged_25967-ERSytoBleed_l14.tif,s3://morphology_profiles/filtered_mp/25967-Ph_golgi/merged_25967-Ph_golgi_l14.tif,s3://morphology_profiles/filtered_mp/25967-Mito/merged_25967-Mito_l14.tif
COc1cc(C(O)=NCc2ccc(OCCN(C)C)cc2)cc(OC)c1OC,25967,L20,s3://morphology_profiles/filtered_mp/25967-Hoechst/merged_25967-Hoechst_l20.tif,s3://morphology_profiles/filtered_mp/25967-ERSyto/merged_25967-ERSyto_l20.tif,s3://morphology_profiles/filtered_mp/25967-ERSytoBleed/merged_25967-ERSytoBleed_l20.tif,s3://morphology_profiles/filtered_mp/25967-Ph_golgi/merged_25967-Ph_golgi_l20.tif,s3://morphology_profiles/filtered_mp/25967-Mito/merged_25967-Mito_l20.tif
NS(=O)(=O)c1cc2c(cc1C(F)(F)F)NCNS2(=O)=O,25967,N11,s3://morphology_profiles/filtered_mp/25967-Hoechst/merged_25967-Hoechst_n11.tif,s3://morphology_profiles/filtered_mp/25967-ERSyto/merged_25967-ERSyto_n11.tif,s3://morphology_profiles/filtered_mp/25967-ERSytoBleed/merged_25967-ERSytoBleed_n11.tif,s3://morphology_profiles/filtered_mp/25967-Ph_golgi/merged_25967-Ph_golgi_n11.tif,s3://morphology_profiles/filtered_mp/25967-Mito/merged_25967-Mito_n11.tif
COc1ccc(CCN2CCC(N=c3[nH]c4ccccc4n3Cc3ccc(F)cc3)CC2)cc1,25967,N18,s3://morphology_profiles/filtered_mp/25967-Hoechst/merged_25967-Hoechst_n18.tif,s3://morphology_profiles/filtered_mp/25967-ERSyto/merged_25967-ERSyto_n18.tif,s3://morphology_profiles/filtered_mp/25967-ERSytoBleed/merged_25967-ERSytoBleed_n18.tif,s3://morphology_profiles/filtered_mp/25967-Ph_golgi/merged_25967-Ph_golgi_n18.tif,s3://morphology_profiles/filtered_mp/25967-Mito/merged_25967-Mito_n18.tif
CC#C[C@]1(O)CC[C@H]2[C@@H]3CCC4=CC(=O)CCC4=C3[C@@H](c3ccc(N(C)C)cc3)C[C@@]21C,25967,N19,s3://morphology_profiles/filtered_mp/25967-Hoechst/merged_25967-Hoechst_n19.tif,s3://morphology_profiles/filtered_mp/25967-ERSyto/merged_25967-ERSyto_n19.tif,s3://morphology_profiles/filtered_mp/25967-ERSytoBleed/merged_25967-ERSytoBleed_n19.tif,s3://morphology_profiles/filtered_mp/25967-Ph_golgi/merged_25967-Ph_golgi_n19.tif,s3://morphology_profiles/filtered_mp/25967-Mito/merged_25967-Mito_n19.tif
CN1CCN(C2=Nc3cc(Cl)ccc3Nc3ccccc32)CC1,25967,N21,s3://morphology_profiles/filtered_mp/25967-Hoechst/merged_25967-Hoechst_n21.tif,s3://morphology_profiles/filtered_mp/25967-ERSyto/merged_25967-ERSyto_n21.tif,s3://morphology_profiles/filtered_mp/25967-ERSytoBleed/merged_25967-ERSytoBleed_n21.tif,s3://morphology_profiles/filtered_mp/25967-Ph_golgi/merged_25967-Ph_golgi_n21.tif,s3://morphology_profiles/filtered_mp/25967-Mito/merged_25967-Mito_n21.tif
Oc1c(Cl)cc(Cl)cc1Sc1cc(Cl)cc(Cl)c1O,25967,P5,s3://morphology_profiles/filtered_mp/25967-Hoechst/merged_25967-Hoechst_p05.tif,s3://morphology_profiles/filtered_mp/25967-ERSyto/merged_25967-ERSyto_p05.tif,s3://morphology_profiles/filtered_mp/25967-ERSytoBleed/merged_25967-ERSytoBleed_p05.tif,s3://morphology_profiles/filtered_mp/25967-Ph_golgi/merged_25967-Ph_golgi_p05.tif,s3://morphology_profiles/filtered_mp/25967-Mito/merged_25967-Mito_p05.tif
CC(=O)Oc1ccc(C(c2ccc(OC(C)=O)cc2)c2ccccn2)cc1,25967,P19,s3://morphology_profiles/filtered_mp/25967-Hoechst/merged_25967-Hoechst_p19.tif,s3://morphology_profiles/filtered_mp/25967-ERSyto/merged_25967-ERSyto_p19.tif,s3://morphology_profiles/filtered_mp/25967-ERSytoBleed/merged_25967-ERSytoBleed_p19.tif,s3://morphology_profiles/filtered_mp/25967-Ph_golgi/merged_25967-Ph_golgi_p19.tif,s3://morphology_profiles/filtered_mp/25967-Mito/merged_25967-Mito_p19.tif
CC(C)(Oc1ccc(Cl)cc1)C(=O)O,25968,A19,s3://morphology_profiles/filtered_mp/25968-Hoechst/merged_25968-Hoechst_a19.tif,s3://morphology_profiles/filtered_mp/25968-ERSyto/merged_25968-ERSyto_a19.tif,s3://morphology_profiles/filtered_mp/25968-ERSytoBleed/merged_25968-ERSytoBleed_a19.tif,s3://morphology_profiles/filtered_mp/25968-Ph_golgi/merged_25968-Ph_golgi_a19.tif,s3://morphology_profiles/filtered_mp/25968-Mito/merged_25968-Mito_a19.tif
NS(=O)(=O)c1cc2c(cc1Cl)N=C(CSCc1ccccc1)NS2(=O)=O,25968,B21,s3://morphology_profiles/filtered_mp/25968-Hoechst/merged_25968-Hoechst_b21.tif,s3://morphology_profiles/filtered_mp/25968-ERSyto/merged_25968-ERSyto_b21.tif,s3://morphology_profiles/filtered_mp/25968-ERSytoBleed/merged_25968-ERSytoBleed_b21.tif,s3://morphology_profiles/filtered_mp/25968-Ph_golgi/merged_25968-Ph_golgi_b21.tif,s3://morphology_profiles/filtered_mp/25968-Mito/merged_25968-Mito_b21.tif
CC(O)=NS(=O)(=O)c1ccc(N)cc1,25968,B22,s3://morphology_profiles/filtered_mp/25968-Hoechst/merged_25968-Hoechst_b22.tif,s3://morphology_profiles/filtered_mp/25968-ERSyto/merged_25968-ERSyto_b22.tif,s3://morphology_profiles/filtered_mp/25968-ERSytoBleed/merged_25968-ERSytoBleed_b22.tif,s3://morphology_profiles/filtered_mp/25968-Ph_golgi/merged_25968-Ph_golgi_b22.tif,s3://morphology_profiles/filtered_mp/25968-Mito/merged_25968-Mito_b22.tif
O=C(O)c1cc(-c2ccc(F)cc2F)ccc1O,25968,C7,s3://morphology_profiles/filtered_mp/25968-Hoechst/merged_25968-Hoechst_c07.tif,s3://morphology_profiles/filtered_mp/25968-ERSyto/merged_25968-ERSyto_c07.tif,s3://morphology_profiles/filtered_mp/25968-ERSytoBleed/merged_25968-ERSytoBleed_c07.tif,s3://morphology_profiles/filtered_mp/25968-Ph_golgi/merged_25968-Ph_golgi_c07.tif,s3://morphology_profiles/filtered_mp/25968-Mito/merged_25968-Mito_c07.tif
CCC(C)(C)C(=O)O[C@H]1C[C@@H](C)C=C2C=C[C@H](C)[C@H](CC[C@@H]3C[C@@H](O)CC(=O)O3)[C@H]21,25968,C8,s3://morphology_profiles/filtered_mp/25968-Hoechst/merged_25968-Hoechst_c08.tif,s3://morphology_profiles/filtered_mp/25968-ERSyto/merged_25968-ERSyto_c08.tif,s3://morphology_profiles/filtered_mp/25968-ERSytoBleed/merged_25968-ERSytoBleed_c08.tif,s3://morphology_profiles/filtered_mp/25968-Ph_golgi/merged_25968-Ph_golgi_c08.tif,s3://morphology_profiles/filtered_mp/25968-Mito/merged_25968-Mito_c08.tif
CN1CCC(OC(c2ccccc2)c2ccccc2)CC1,25968,C18,s3://morphology_profiles/filtered_mp/25968-Hoechst/merged_25968-Hoechst_c18.tif,s3://morphology_profiles/filtered_mp/25968-ERSyto/merged_25968-ERSyto_c18.tif,s3://morphology_profiles/filtered_mp/25968-ERSytoBleed/merged_25968-ERSytoBleed_c18.tif,s3://morphology_profiles/filtered_mp/25968-Ph_golgi/merged_25968-Ph_golgi_c18.tif,s3://morphology_profiles/filtered_mp/25968-Mito/merged_25968-Mito_c18.tif
CC1(C)N=C(O)N(c2ccc([N+](=O)[O-])c(C(F)(F)F)c2)C1=O,25968,D4,s3://morphology_profiles/filtered_mp/25968-Hoechst/merged_25968-Hoechst_d04.tif,s3://morphology_profiles/filtered_mp/25968-ERSyto/merged_25968-ERSyto_d04.tif,s3://morphology_profiles/filtered_mp/25968-ERSytoBleed/merged_25968-ERSytoBleed_d04.tif,s3://morphology_profiles/filtered_mp/25968-Ph_golgi/merged_25968-Ph_golgi_d04.tif,s3://morphology_profiles/filtered_mp/25968-Mito/merged_25968-Mito_d04.tif
O=C(O)CCc1nc(-c2ccccc2)c(-c2ccccc2)o1,25968,E7,s3://morphology_profiles/filtered_mp/25968-Hoechst/merged_25968-Hoechst_e07.tif,s3://morphology_profiles/filtered_mp/25968-ERSyto/merged_25968-ERSyto_e07.tif,s3://morphology_profiles/filtered_mp/25968-ERSytoBleed/merged_25968-ERSytoBleed_e07.tif,s3://morphology_profiles/filtered_mp/25968-Ph_golgi/merged_25968-Ph_golgi_e07.tif,s3://morphology_profiles/filtered_mp/25968-Mito/merged_25968-Mito_e07.tif
COc1ccc(C(Cl)=C(c2ccc(OC)cc2)c2ccc(OC)cc2)cc1,25968,F14,s3://morphology_profiles/filtered_mp/25968-Hoechst/merged_25968-Hoechst_f14.tif,s3://morphology_profiles/filtered_mp/25968-ERSyto/merged_25968-ERSyto_f14.tif,s3://morphology_profiles/filtered_mp/25968-ERSytoBleed/merged_25968-ERSytoBleed_f14.tif,s3://morphology_profiles/filtered_mp/25968-Ph_golgi/merged_25968-Ph_golgi_f14.tif,s3://morphology_profiles/filtered_mp/25968-Mito/merged_25968-Mito_f14.tif
C=C1/C(=C\C=C2/CCC[C@]3(C)[C@@H]([C@H](C)CCCC(C)(C)O)CC[C@@H]23)C[C@@H](O)C[C@@H]1O,25968,F21,s3://morphology_profiles/filtered_mp/25968-Hoechst/merged_25968-Hoechst_f21.tif,s3://morphology_profiles/filtered_mp/25968-ERSyto/merged_25968-ERSyto_f21.tif,s3://morphology_profiles/filtered_mp/25968-ERSytoBleed/merged_25968-ERSytoBleed_f21.tif,s3://morphology_profiles/filtered_mp/25968-Ph_golgi/merged_25968-Ph_golgi_f21.tif,s3://morphology_profiles/filtered_mp/25968-Mito/merged_25968-Mito_f21.tif
CC(=O)OCC1=C(C(=O)O)N2C(=O)[C@@H](N=C(O)Cc3cccs3)[C@H]2SC1,25968,G16,s3://morphology_profiles/filtered_mp/25968-Hoechst/merged_25968-Hoechst_g16.tif,s3://morphology_profiles/filtered_mp/25968-ERSyto/merged_25968-ERSyto_g16.tif,s3://morphology_profiles/filtered_mp/25968-ERSytoBleed/merged_25968-ERSytoBleed_g16.tif,s3://morphology_profiles/filtered_mp/25968-Ph_golgi/merged_25968-Ph_golgi_g16.tif,s3://morphology_profiles/filtered_mp/25968-Mito/merged_25968-Mito_g16.tif
CC(C)C(O)=Nc1ccc([N+](=O)[O-])c(C(F)(F)F)c1,25968,G17,s3://morphology_profiles/filtered_mp/25968-Hoechst/merged_25968-Hoechst_g17.tif,s3://morphology_profiles/filtered_mp/25968-ERSyto/merged_25968-ERSyto_g17.tif,s3://morphology_profiles/filtered_mp/25968-ERSytoBleed/merged_25968-ERSytoBleed_g17.tif,s3://morphology_profiles/filtered_mp/25968-Ph_golgi/merged_25968-Ph_golgi_g17.tif,s3://morphology_profiles/filtered_mp/25968-Mito/merged_25968-Mito_g17.tif
Cc1cc(NS(=O)(=O)c2ccc(N)cc2)no1,25968,G21,s3://morphology_profiles/filtered_mp/25968-Hoechst/merged_25968-Hoechst_g21.tif,s3://morphology_profiles/filtered_mp/25968-ERSyto/merged_25968-ERSyto_g21.tif,s3://morphology_profiles/filtered_mp/25968-ERSytoBleed/merged_25968-ERSytoBleed_g21.tif,s3://morphology_profiles/filtered_mp/25968-Ph_golgi/merged_25968-Ph_golgi_g21.tif,s3://morphology_profiles/filtered_mp/25968-Mito/merged_25968-Mito_g21.tif
CC(=O)N1CCN(c2ccc(OC[C@H]3CO[C@](Cn4ccnc4)(c4ccc(Cl)cc4Cl)O3)cc2)CC1,25968,H10,s3://morphology_profiles/filtered_mp/25968-Hoechst/merged_25968-Hoechst_h10.tif,s3://morphology_profiles/filtered_mp/25968-ERSyto/merged_25968-ERSyto_h10.tif,s3://morphology_profiles/filtered_mp/25968-ERSytoBleed/merged_25968-ERSytoBleed_h10.tif,s3://morphology_profiles/filtered_mp/25968-Ph_golgi/merged_25968-Ph_golgi_h10.tif,s3://morphology_profiles/filtered_mp/25968-Mito/merged_25968-Mito_h10.tif
Cc1cccc(N=c2cc[nH]cc2S(=O)(=O)NC(O)=NC(C)C)c1,25968,I3,s3://morphology_profiles/filtered_mp/25968-Hoechst/merged_25968-Hoechst_i03.tif,s3://morphology_profiles/filtered_mp/25968-ERSyto/merged_25968-ERSyto_i03.tif,s3://morphology_profiles/filtered_mp/25968-ERSytoBleed/merged_25968-ERSytoBleed_i03.tif,s3://morphology_profiles/filtered_mp/25968-Ph_golgi/merged_25968-Ph_golgi_i03.tif,s3://morphology_profiles/filtered_mp/25968-Mito/merged_25968-Mito_i03.tif
Cc1nnc(NS(=O)(=O)c2ccc(N)cc2)s1,25968,J2,s3://morphology_profiles/filtered_mp/25968-Hoechst/merged_25968-Hoechst_j02.tif,s3://morphology_profiles/filtered_mp/25968-ERSyto/merged_25968-ERSyto_j02.tif,s3://morphology_profiles/filtered_mp/25968-ERSytoBleed/merged_25968-ERSytoBleed_j02.tif,s3://morphology_profiles/filtered_mp/25968-Ph_golgi/merged_25968-Ph_golgi_j02.tif,s3://morphology_profiles/filtered_mp/25968-Mito/merged_25968-Mito_j02.tif
Nc1ccc(S(=O)(=O)Nc2ccc(Cl)nn2)cc1,25968,J13,s3://morphology_profiles/filtered_mp/25968-Hoechst/merged_25968-Hoechst_j13.tif,s3://morphology_profiles/filtered_mp/25968-ERSyto/merged_25968-ERSyto_j13.tif,s3://morphology_profiles/filtered_mp/25968-ERSytoBleed/merged_25968-ERSytoBleed_j13.tif,s3://morphology_profiles/filtered_mp/25968-Ph_golgi/merged_25968-Ph_golgi_j13.tif,s3://morphology_profiles/filtered_mp/25968-Mito/merged_25968-Mito_j13.tif
Nc1ccc(S(=O)(=O)Nc2ncccn2)cc1,25968,J18,s3://morphology_profiles/filtered_mp/25968-Hoechst/merged_25968-Hoechst_j18.tif,s3://morphology_profiles/filtered_mp/25968-ERSyto/merged_25968-ERSyto_j18.tif,s3://morphology_profiles/filtered_mp/25968-ERSytoBleed/merged_25968-ERSytoBleed_j18.tif,s3://morphology_profiles/filtered_mp/25968-Ph_golgi/merged_25968-Ph_golgi_j18.tif,s3://morphology_profiles/filtered_mp/25968-Mito/merged_25968-Mito_j18.tif
CCN(CC)C(=S)SSC(=S)N(CC)CC,25968,K6,s3://morphology_profiles/filtered_mp/25968-Hoechst/merged_25968-Hoechst_k06.tif,s3://morphology_profiles/filtered_mp/25968-ERSyto/merged_25968-ERSyto_k06.tif,s3://morphology_profiles/filtered_mp/25968-ERSytoBleed/merged_25968-ERSytoBleed_k06.tif,s3://morphology_profiles/filtered_mp/25968-Ph_golgi/merged_25968-Ph_golgi_k06.tif,s3://morphology_profiles/filtered_mp/25968-Mito/merged_25968-Mito_k06.tif
Cn1cnc([N+](=O)[O-])c1Sc1ncnc2[nH]cnc12,25968,K10,s3://morphology_profiles/filtered_mp/25968-Hoechst/merged_25968-Hoechst_k10.tif,s3://morphology_profiles/filtered_mp/25968-ERSyto/merged_25968-ERSyto_k10.tif,s3://morphology_profiles/filtered_mp/25968-ERSytoBleed/merged_25968-ERSytoBleed_k10.tif,s3://morphology_profiles/filtered_mp/25968-Ph_golgi/merged_25968-Ph_golgi_k10.tif,s3://morphology_profiles/filtered_mp/25968-Mito/merged_25968-Mito_k10.tif
CN=C(NC#N)NCCSCc1[nH]cnc1C,25968,L14,s3://morphology_profiles/filtered_mp/25968-Hoechst/merged_25968-Hoechst_l14.tif,s3://morphology_profiles/filtered_mp/25968-ERSyto/merged_25968-ERSyto_l14.tif,s3://morphology_profiles/filtered_mp/25968-ERSytoBleed/merged_25968-ERSytoBleed_l14.tif,s3://morphology_profiles/filtered_mp/25968-Ph_golgi/merged_25968-Ph_golgi_l14.tif,s3://morphology_profiles/filtered_mp/25968-Mito/merged_25968-Mito_l14.tif
COc1cc(C(O)=NCc2ccc(OCCN(C)C)cc2)cc(OC)c1OC,25968,L20,s3://morphology_profiles/filtered_mp/25968-Hoechst/merged_25968-Hoechst_l20.tif,s3://morphology_profiles/filtered_mp/25968-ERSyto/merged_25968-ERSyto_l20.tif,s3://morphology_profiles/filtered_mp/25968-ERSytoBleed/merged_25968-ERSytoBleed_l20.tif,s3://morphology_profiles/filtered_mp/25968-Ph_golgi/merged_25968-Ph_golgi_l20.tif,s3://morphology_profiles/filtered_mp/25968-Mito/merged_25968-Mito_l20.tif
NS(=O)(=O)c1cc2c(cc1C(F)(F)F)NCNS2(=O)=O,25968,N11,s3://morphology_profiles/filtered_mp/25968-Hoechst/merged_25968-Hoechst_n11.tif,s3://morphology_profiles/filtered_mp/25968-ERSyto/merged_25968-ERSyto_n11.tif,s3://morphology_profiles/filtered_mp/25968-ERSytoBleed/merged_25968-ERSytoBleed_n11.tif,s3://morphology_profiles/filtered_mp/25968-Ph_golgi/merged_25968-Ph_golgi_n11.tif,s3://morphology_profiles/filtered_mp/25968-Mito/merged_25968-Mito_n11.tif
COc1ccc(CCN2CCC(N=c3[nH]c4ccccc4n3Cc3ccc(F)cc3)CC2)cc1,25968,N18,s3://morphology_profiles/filtered_mp/25968-Hoechst/merged_25968-Hoechst_n18.tif,s3://morphology_profiles/filtered_mp/25968-ERSyto/merged_25968-ERSyto_n18.tif,s3://morphology_profiles/filtered_mp/25968-ERSytoBleed/merged_25968-ERSytoBleed_n18.tif,s3://morphology_profiles/filtered_mp/25968-Ph_golgi/merged_25968-Ph_golgi_n18.tif,s3://morphology_profiles/filtered_mp/25968-Mito/merged_25968-Mito_n18.tif
CC#C[C@]1(O)CC[C@H]2[C@@H]3CCC4=CC(=O)CCC4=C3[C@@H](c3ccc(N(C)C)cc3)C[C@@]21C,25968,N19,s3://morphology_profiles/filtered_mp/25968-Hoechst/merged_25968-Hoechst_n19.tif,s3://morphology_profiles/filtered_mp/25968-ERSyto/merged_25968-ERSyto_n19.tif,s3://morphology_profiles/filtered_mp/25968-ERSytoBleed/merged_25968-ERSytoBleed_n19.tif,s3://morphology_profiles/filtered_mp/25968-Ph_golgi/merged_25968-Ph_golgi_n19.tif,s3://morphology_profiles/filtered_mp/25968-Mito/merged_25968-Mito_n19.tif
CN1CCN(C2=Nc3cc(Cl)ccc3Nc3ccccc32)CC1,25968,N21,s3://morphology_profiles/filtered_mp/25968-Hoechst/merged_25968-Hoechst_n21.tif,s3://morphology_profiles/filtered_mp/25968-ERSyto/merged_25968-ERSyto_n21.tif,s3://morphology_profiles/filtered_mp/25968-ERSytoBleed/merged_25968-ERSytoBleed_n21.tif,s3://morphology_profiles/filtered_mp/25968-Ph_golgi/merged_25968-Ph_golgi_n21.tif,s3://morphology_profiles/filtered_mp/25968-Mito/merged_25968-Mito_n21.tif
Oc1c(Cl)cc(Cl)cc1Sc1cc(Cl)cc(Cl)c1O,25968,P5,s3://morphology_profiles/filtered_mp/25968-Hoechst/merged_25968-Hoechst_p05.tif,s3://morphology_profiles/filtered_mp/25968-ERSyto/merged_25968-ERSyto_p05.tif,s3://morphology_profiles/filtered_mp/25968-ERSytoBleed/merged_25968-ERSytoBleed_p05.tif,s3://morphology_profiles/filtered_mp/25968-Ph_golgi/merged_25968-Ph_golgi_p05.tif,s3://morphology_profiles/filtered_mp/25968-Mito/merged_25968-Mito_p05.tif
CC(=O)Oc1ccc(C(c2ccc(OC(C)=O)cc2)c2ccccn2)cc1,25968,P19,s3://morphology_profiles/filtered_mp/25968-Hoechst/merged_25968-Hoechst_p19.tif,s3://morphology_profiles/filtered_mp/25968-ERSyto/merged_25968-ERSyto_p19.tif,s3://morphology_profiles/filtered_mp/25968-ERSytoBleed/merged_25968-ERSytoBleed_p19.tif,s3://morphology_profiles/filtered_mp/25968-Ph_golgi/merged_25968-Ph_golgi_p19.tif,s3://morphology_profiles/filtered_mp/25968-Mito/merged_25968-Mito_p19.tif
CC(C)(Oc1ccc(Cl)cc1)C(=O)O,25983,A19,s3://morphology_profiles/filtered_mp/25983-Hoechst/merged_25983-Hoechst_a19.tif,s3://morphology_profiles/filtered_mp/25983-ERSyto/merged_25983-ERSyto_a19.tif,s3://morphology_profiles/filtered_mp/25983-ERSytoBleed/merged_25983-ERSytoBleed_a19.tif,s3://morphology_profiles/filtered_mp/25983-Ph_golgi/merged_25983-Ph_golgi_a19.tif,s3://morphology_profiles/filtered_mp/25983-Mito/merged_25983-Mito_a19.tif
NS(=O)(=O)c1cc2c(cc1Cl)N=C(CSCc1ccccc1)NS2(=O)=O,25983,B21,s3://morphology_profiles/filtered_mp/25983-Hoechst/merged_25983-Hoechst_b21.tif,s3://morphology_profiles/filtered_mp/25983-ERSyto/merged_25983-ERSyto_b21.tif,s3://morphology_profiles/filtered_mp/25983-ERSytoBleed/merged_25983-ERSytoBleed_b21.tif,s3://morphology_profiles/filtered_mp/25983-Ph_golgi/merged_25983-Ph_golgi_b21.tif,s3://morphology_profiles/filtered_mp/25983-Mito/merged_25983-Mito_b21.tif
CC(O)=NS(=O)(=O)c1ccc(N)cc1,25983,B22,s3://morphology_profiles/filtered_mp/25983-Hoechst/merged_25983-Hoechst_b22.tif,s3://morphology_profiles/filtered_mp/25983-ERSyto/merged_25983-ERSyto_b22.tif,s3://morphology_profiles/filtered_mp/25983-ERSytoBleed/merged_25983-ERSytoBleed_b22.tif,s3://morphology_profiles/filtered_mp/25983-Ph_golgi/merged_25983-Ph_golgi_b22.tif,s3://morphology_profiles/filtered_mp/25983-Mito/merged_25983-Mito_b22.tif
O=C(O)c1cc(-c2ccc(F)cc2F)ccc1O,25983,C7,s3://morphology_profiles/filtered_mp/25983-Hoechst/merged_25983-Hoechst_c07.tif,s3://morphology_profiles/filtered_mp/25983-ERSyto/merged_25983-ERSyto_c07.tif,s3://morphology_profiles/filtered_mp/25983-ERSytoBleed/merged_25983-ERSytoBleed_c07.tif,s3://morphology_profiles/filtered_mp/25983-Ph_golgi/merged_25983-Ph_golgi_c07.tif,s3://morphology_profiles/filtered_mp/25983-Mito/merged_25983-Mito_c07.tif
CCC(C)(C)C(=O)O[C@H]1C[C@@H](C)C=C2C=C[C@H](C)[C@H](CC[C@@H]3C[C@@H](O)CC(=O)O3)[C@H]21,25983,C8,s3://morphology_profiles/filtered_mp/25983-Hoechst/merged_25983-Hoechst_c08.tif,s3://morphology_profiles/filtered_mp/25983-ERSyto/merged_25983-ERSyto_c08.tif,s3://morphology_profiles/filtered_mp/25983-ERSytoBleed/merged_25983-ERSytoBleed_c08.tif,s3://morphology_profiles/filtered_mp/25983-Ph_golgi/merged_25983-Ph_golgi_c08.tif,s3://morphology_profiles/filtered_mp/25983-Mito/merged_25983-Mito_c08.tif
CN1CCC(OC(c2ccccc2)c2ccccc2)CC1,25983,C18,s3://morphology_profiles/filtered_mp/25983-Hoechst/merged_25983-Hoechst_c18.tif,s3://morphology_profiles/filtered_mp/25983-ERSyto/merged_25983-ERSyto_c18.tif,s3://morphology_profiles/filtered_mp/25983-ERSytoBleed/merged_25983-ERSytoBleed_c18.tif,s3://morphology_profiles/filtered_mp/25983-Ph_golgi/merged_25983-Ph_golgi_c18.tif,s3://morphology_profiles/filtered_mp/25983-Mito/merged_25983-Mito_c18.tif
CC1(C)N=C(O)N(c2ccc([N+](=O)[O-])c(C(F)(F)F)c2)C1=O,25983,D4,s3://morphology_profiles/filtered_mp/25983-Hoechst/merged_25983-Hoechst_d04.tif,s3://morphology_profiles/filtered_mp/25983-ERSyto/merged_25983-ERSyto_d04.tif,s3://morphology_profiles/filtered_mp/25983-ERSytoBleed/merged_25983-ERSytoBleed_d04.tif,s3://morphology_profiles/filtered_mp/25983-Ph_golgi/merged_25983-Ph_golgi_d04.tif,s3://morphology_profiles/filtered_mp/25983-Mito/merged_25983-Mito_d04.tif
O=C(O)CCc1nc(-c2ccccc2)c(-c2ccccc2)o1,25983,E7,s3://morphology_profiles/filtered_mp/25983-Hoechst/merged_25983-Hoechst_e07.tif,s3://morphology_profiles/filtered_mp/25983-ERSyto/merged_25983-ERSyto_e07.tif,s3://morphology_profiles/filtered_mp/25983-ERSytoBleed/merged_25983-ERSytoBleed_e07.tif,s3://morphology_profiles/filtered_mp/25983-Ph_golgi/merged_25983-Ph_golgi_e07.tif,s3://morphology_profiles/filtered_mp/25983-Mito/merged_25983-Mito_e07.tif
COc1ccc(C(Cl)=C(c2ccc(OC)cc2)c2ccc(OC)cc2)cc1,25983,F14,s3://morphology_profiles/filtered_mp/25983-Hoechst/merged_25983-Hoechst_f14.tif,s3://morphology_profiles/filtered_mp/25983-ERSyto/merged_25983-ERSyto_f14.tif,s3://morphology_profiles/filtered_mp/25983-ERSytoBleed/merged_25983-ERSytoBleed_f14.tif,s3://morphology_profiles/filtered_mp/25983-Ph_golgi/merged_25983-Ph_golgi_f14.tif,s3://morphology_profiles/filtered_mp/25983-Mito/merged_25983-Mito_f14.tif
C=C1/C(=C\C=C2/CCC[C@]3(C)[C@@H]([C@H](C)CCCC(C)(C)O)CC[C@@H]23)C[C@@H](O)C[C@@H]1O,25983,F21,s3://morphology_profiles/filtered_mp/25983-Hoechst/merged_25983-Hoechst_f21.tif,s3://morphology_profiles/filtered_mp/25983-ERSyto/merged_25983-ERSyto_f21.tif,s3://morphology_profiles/filtered_mp/25983-ERSytoBleed/merged_25983-ERSytoBleed_f21.tif,s3://morphology_profiles/filtered_mp/25983-Ph_golgi/merged_25983-Ph_golgi_f21.tif,s3://morphology_profiles/filtered_mp/25983-Mito/merged_25983-Mito_f21.tif
CC(=O)OCC1=C(C(=O)O)N2C(=O)[C@@H](N=C(O)Cc3cccs3)[C@H]2SC1,25983,G16,s3://morphology_profiles/filtered_mp/25983-Hoechst/merged_25983-Hoechst_g16.tif,s3://morphology_profiles/filtered_mp/25983-ERSyto/merged_25983-ERSyto_g16.tif,s3://morphology_profiles/filtered_mp/25983-ERSytoBleed/merged_25983-ERSytoBleed_g16.tif,s3://morphology_profiles/filtered_mp/25983-Ph_golgi/merged_25983-Ph_golgi_g16.tif,s3://morphology_profiles/filtered_mp/25983-Mito/merged_25983-Mito_g16.tif
CC(C)C(O)=Nc1ccc([N+](=O)[O-])c(C(F)(F)F)c1,25983,G17,s3://morphology_profiles/filtered_mp/25983-Hoechst/merged_25983-Hoechst_g17.tif,s3://morphology_profiles/filtered_mp/25983-ERSyto/merged_25983-ERSyto_g17.tif,s3://morphology_profiles/filtered_mp/25983-ERSytoBleed/merged_25983-ERSytoBleed_g17.tif,s3://morphology_profiles/filtered_mp/25983-Ph_golgi/merged_25983-Ph_golgi_g17.tif,s3://morphology_profiles/filtered_mp/25983-Mito/merged_25983-Mito_g17.tif
Cc1cc(NS(=O)(=O)c2ccc(N)cc2)no1,25983,G21,s3://morphology_profiles/filtered_mp/25983-Hoechst/merged_25983-Hoechst_g21.tif,s3://morphology_profiles/filtered_mp/25983-ERSyto/merged_25983-ERSyto_g21.tif,s3://morphology_profiles/filtered_mp/25983-ERSytoBleed/merged_25983-ERSytoBleed_g21.tif,s3://morphology_profiles/filtered_mp/25983-Ph_golgi/merged_25983-Ph_golgi_g21.tif,s3://morphology_profiles/filtered_mp/25983-Mito/merged_25983-Mito_g21.tif
CC(=O)N1CCN(c2ccc(OC[C@H]3CO[C@](Cn4ccnc4)(c4ccc(Cl)cc4Cl)O3)cc2)CC1,25983,H10,s3://morphology_profiles/filtered_mp/25983-Hoechst/merged_25983-Hoechst_h10.tif,s3://morphology_profiles/filtered_mp/25983-ERSyto/merged_25983-ERSyto_h10.tif,s3://morphology_profiles/filtered_mp/25983-ERSytoBleed/merged_25983-ERSytoBleed_h10.tif,s3://morphology_profiles/filtered_mp/25983-Ph_golgi/merged_25983-Ph_golgi_h10.tif,s3://morphology_profiles/filtered_mp/25983-Mito/merged_25983-Mito_h10.tif
Cc1cccc(N=c2cc[nH]cc2S(=O)(=O)NC(O)=NC(C)C)c1,25983,I3,s3://morphology_profiles/filtered_mp/25983-Hoechst/merged_25983-Hoechst_i03.tif,s3://morphology_profiles/filtered_mp/25983-ERSyto/merged_25983-ERSyto_i03.tif,s3://morphology_profiles/filtered_mp/25983-ERSytoBleed/merged_25983-ERSytoBleed_i03.tif,s3://morphology_profiles/filtered_mp/25983-Ph_golgi/merged_25983-Ph_golgi_i03.tif,s3://morphology_profiles/filtered_mp/25983-Mito/merged_25983-Mito_i03.tif
Cc1nnc(NS(=O)(=O)c2ccc(N)cc2)s1,25983,J2,s3://morphology_profiles/filtered_mp/25983-Hoechst/merged_25983-Hoechst_j02.tif,s3://morphology_profiles/filtered_mp/25983-ERSyto/merged_25983-ERSyto_j02.tif,s3://morphology_profiles/filtered_mp/25983-ERSytoBleed/merged_25983-ERSytoBleed_j02.tif,s3://morphology_profiles/filtered_mp/25983-Ph_golgi/merged_25983-Ph_golgi_j02.tif,s3://morphology_profiles/filtered_mp/25983-Mito/merged_25983-Mito_j02.tif
Nc1ccc(S(=O)(=O)Nc2ccc(Cl)nn2)cc1,25983,J13,s3://morphology_profiles/filtered_mp/25983-Hoechst/merged_25983-Hoechst_j13.tif,s3://morphology_profiles/filtered_mp/25983-ERSyto/merged_25983-ERSyto_j13.tif,s3://morphology_profiles/filtered_mp/25983-ERSytoBleed/merged_25983-ERSytoBleed_j13.tif,s3://morphology_profiles/filtered_mp/25983-Ph_golgi/merged_25983-Ph_golgi_j13.tif,s3://morphology_profiles/filtered_mp/25983-Mito/merged_25983-Mito_j13.tif
Nc1ccc(S(=O)(=O)Nc2ncccn2)cc1,25983,J18,s3://morphology_profiles/filtered_mp/25983-Hoechst/merged_25983-Hoechst_j18.tif,s3://morphology_profiles/filtered_mp/25983-ERSyto/merged_25983-ERSyto_j18.tif,s3://morphology_profiles/filtered_mp/25983-ERSytoBleed/merged_25983-ERSytoBleed_j18.tif,s3://morphology_profiles/filtered_mp/25983-Ph_golgi/merged_25983-Ph_golgi_j18.tif,s3://morphology_profiles/filtered_mp/25983-Mito/merged_25983-Mito_j18.tif
CCN(CC)C(=S)SSC(=S)N(CC)CC,25983,K6,s3://morphology_profiles/filtered_mp/25983-Hoechst/merged_25983-Hoechst_k06.tif,s3://morphology_profiles/filtered_mp/25983-ERSyto/merged_25983-ERSyto_k06.tif,s3://morphology_profiles/filtered_mp/25983-ERSytoBleed/merged_25983-ERSytoBleed_k06.tif,s3://morphology_profiles/filtered_mp/25983-Ph_golgi/merged_25983-Ph_golgi_k06.tif,s3://morphology_profiles/filtered_mp/25983-Mito/merged_25983-Mito_k06.tif
Cn1cnc([N+](=O)[O-])c1Sc1ncnc2[nH]cnc12,25983,K10,s3://morphology_profiles/filtered_mp/25983-Hoechst/merged_25983-Hoechst_k10.tif,s3://morphology_profiles/filtered_mp/25983-ERSyto/merged_25983-ERSyto_k10.tif,s3://morphology_profiles/filtered_mp/25983-ERSytoBleed/merged_25983-ERSytoBleed_k10.tif,s3://morphology_profiles/filtered_mp/25983-Ph_golgi/merged_25983-Ph_golgi_k10.tif,s3://morphology_profiles/filtered_mp/25983-Mito/merged_25983-Mito_k10.tif
CN=C(NC#N)NCCSCc1[nH]cnc1C,25983,L14,s3://morphology_profiles/filtered_mp/25983-Hoechst/merged_25983-Hoechst_l14.tif,s3://morphology_profiles/filtered_mp/25983-ERSyto/merged_25983-ERSyto_l14.tif,s3://morphology_profiles/filtered_mp/25983-ERSytoBleed/merged_25983-ERSytoBleed_l14.tif,s3://morphology_profiles/filtered_mp/25983-Ph_golgi/merged_25983-Ph_golgi_l14.tif,s3://morphology_profiles/filtered_mp/25983-Mito/merged_25983-Mito_l14.tif
COc1cc(C(O)=NCc2ccc(OCCN(C)C)cc2)cc(OC)c1OC,25983,L20,s3://morphology_profiles/filtered_mp/25983-Hoechst/merged_25983-Hoechst_l20.tif,s3://morphology_profiles/filtered_mp/25983-ERSyto/merged_25983-ERSyto_l20.tif,s3://morphology_profiles/filtered_mp/25983-ERSytoBleed/merged_25983-ERSytoBleed_l20.tif,s3://morphology_profiles/filtered_mp/25983-Ph_golgi/merged_25983-Ph_golgi_l20.tif,s3://morphology_profiles/filtered_mp/25983-Mito/merged_25983-Mito_l20.tif
NS(=O)(=O)c1cc2c(cc1C(F)(F)F)NCNS2(=O)=O,25983,N11,s3://morphology_profiles/filtered_mp/25983-Hoechst/merged_25983-Hoechst_n11.tif,s3://morphology_profiles/filtered_mp/25983-ERSyto/merged_25983-ERSyto_n11.tif,s3://morphology_profiles/filtered_mp/25983-ERSytoBleed/merged_25983-ERSytoBleed_n11.tif,s3://morphology_profiles/filtered_mp/25983-Ph_golgi/merged_25983-Ph_golgi_n11.tif,s3://morphology_profiles/filtered_mp/25983-Mito/merged_25983-Mito_n11.tif
COc1ccc(CCN2CCC(N=c3[nH]c4ccccc4n3Cc3ccc(F)cc3)CC2)cc1,25983,N18,s3://morphology_profiles/filtered_mp/25983-Hoechst/merged_25983-Hoechst_n18.tif,s3://morphology_profiles/filtered_mp/25983-ERSyto/merged_25983-ERSyto_n18.tif,s3://morphology_profiles/filtered_mp/25983-ERSytoBleed/merged_25983-ERSytoBleed_n18.tif,s3://morphology_profiles/filtered_mp/25983-Ph_golgi/merged_25983-Ph_golgi_n18.tif,s3://morphology_profiles/filtered_mp/25983-Mito/merged_25983-Mito_n18.tif
CC#C[C@]1(O)CC[C@H]2[C@@H]3CCC4=CC(=O)CCC4=C3[C@@H](c3ccc(N(C)C)cc3)C[C@@]21C,25983,N19,s3://morphology_profiles/filtered_mp/25983-Hoechst/merged_25983-Hoechst_n19.tif,s3://morphology_profiles/filtered_mp/25983-ERSyto/merged_25983-ERSyto_n19.tif,s3://morphology_profiles/filtered_mp/25983-ERSytoBleed/merged_25983-ERSytoBleed_n19.tif,s3://morphology_profiles/filtered_mp/25983-Ph_golgi/merged_25983-Ph_golgi_n19.tif,s3://morphology_profiles/filtered_mp/25983-Mito/merged_25983-Mito_n19.tif
CN1CCN(C2=Nc3cc(Cl)ccc3Nc3ccccc32)CC1,25983,N21,s3://morphology_profiles/filtered_mp/25983-Hoechst/merged_25983-Hoechst_n21.tif,s3://morphology_profiles/filtered_mp/25983-ERSyto/merged_25983-ERSyto_n21.tif,s3://morphology_profiles/filtered_mp/25983-ERSytoBleed/merged_25983-ERSytoBleed_n21.tif,s3://morphology_profiles/filtered_mp/25983-Ph_golgi/merged_25983-Ph_golgi_n21.tif,s3://morphology_profiles/filtered_mp/25983-Mito/merged_25983-Mito_n21.tif
Oc1c(Cl)cc(Cl)cc1Sc1cc(Cl)cc(Cl)c1O,25983,P5,s3://morphology_profiles/filtered_mp/25983-Hoechst/merged_25983-Hoechst_p05.tif,s3://morphology_profiles/filtered_mp/25983-ERSyto/merged_25983-ERSyto_p05.tif,s3://morphology_profiles/filtered_mp/25983-ERSytoBleed/merged_25983-ERSytoBleed_p05.tif,s3://morphology_profiles/filtered_mp/25983-Ph_golgi/merged_25983-Ph_golgi_p05.tif,s3://morphology_profiles/filtered_mp/25983-Mito/merged_25983-Mito_p05.tif
CC(=O)Oc1ccc(C(c2ccc(OC(C)=O)cc2)c2ccccn2)cc1,25983,P19,s3://morphology_profiles/filtered_mp/25983-Hoechst/merged_25983-Hoechst_p19.tif,s3://morphology_profiles/filtered_mp/25983-ERSyto/merged_25983-ERSyto_p19.tif,s3://morphology_profiles/filtered_mp/25983-ERSytoBleed/merged_25983-ERSytoBleed_p19.tif,s3://morphology_profiles/filtered_mp/25983-Ph_golgi/merged_25983-Ph_golgi_p19.tif,s3://morphology_profiles/filtered_mp/25983-Mito/merged_25983-Mito_p19.tif
CC(C)(Oc1ccc(Cl)cc1)C(=O)O,25984,A19,s3://morphology_profiles/filtered_mp/25984-Hoechst/merged_25984-Hoechst_a19.tif,s3://morphology_profiles/filtered_mp/25984-ERSyto/merged_25984-ERSyto_a19.tif,s3://morphology_profiles/filtered_mp/25984-ERSytoBleed/merged_25984-ERSytoBleed_a19.tif,s3://morphology_profiles/filtered_mp/25984-Ph_golgi/merged_25984-Ph_golgi_a19.tif,s3://morphology_profiles/filtered_mp/25984-Mito/merged_25984-Mito_a19.tif
NS(=O)(=O)c1cc2c(cc1Cl)N=C(CSCc1ccccc1)NS2(=O)=O,25984,B21,s3://morphology_profiles/filtered_mp/25984-Hoechst/merged_25984-Hoechst_b21.tif,s3://morphology_profiles/filtered_mp/25984-ERSyto/merged_25984-ERSyto_b21.tif,s3://morphology_profiles/filtered_mp/25984-ERSytoBleed/merged_25984-ERSytoBleed_b21.tif,s3://morphology_profiles/filtered_mp/25984-Ph_golgi/merged_25984-Ph_golgi_b21.tif,s3://morphology_profiles/filtered_mp/25984-Mito/merged_25984-Mito_b21.tif
CC(O)=NS(=O)(=O)c1ccc(N)cc1,25984,B22,s3://morphology_profiles/filtered_mp/25984-Hoechst/merged_25984-Hoechst_b22.tif,s3://morphology_profiles/filtered_mp/25984-ERSyto/merged_25984-ERSyto_b22.tif,s3://morphology_profiles/filtered_mp/25984-ERSytoBleed/merged_25984-ERSytoBleed_b22.tif,s3://morphology_profiles/filtered_mp/25984-Ph_golgi/merged_25984-Ph_golgi_b22.tif,s3://morphology_profiles/filtered_mp/25984-Mito/merged_25984-Mito_b22.tif
O=C(O)c1cc(-c2ccc(F)cc2F)ccc1O,25984,C7,s3://morphology_profiles/filtered_mp/25984-Hoechst/merged_25984-Hoechst_c07.tif,s3://morphology_profiles/filtered_mp/25984-ERSyto/merged_25984-ERSyto_c07.tif,s3://morphology_profiles/filtered_mp/25984-ERSytoBleed/merged_25984-ERSytoBleed_c07.tif,s3://morphology_profiles/filtered_mp/25984-Ph_golgi/merged_25984-Ph_golgi_c07.tif,s3://morphology_profiles/filtered_mp/25984-Mito/merged_25984-Mito_c07.tif
CCC(C)(C)C(=O)O[C@H]1C[C@@H](C)C=C2C=C[C@H](C)[C@H](CC[C@@H]3C[C@@H](O)CC(=O)O3)[C@H]21,25984,C8,s3://morphology_profiles/filtered_mp/25984-Hoechst/merged_25984-Hoechst_c08.tif,s3://morphology_profiles/filtered_mp/25984-ERSyto/merged_25984-ERSyto_c08.tif,s3://morphology_profiles/filtered_mp/25984-ERSytoBleed/merged_25984-ERSytoBleed_c08.tif,s3://morphology_profiles/filtered_mp/25984-Ph_golgi/merged_25984-Ph_golgi_c08.tif,s3://morphology_profiles/filtered_mp/25984-Mito/merged_25984-Mito_c08.tif
CN1CCC(OC(c2ccccc2)c2ccccc2)CC1,25984,C18,s3://morphology_profiles/filtered_mp/25984-Hoechst/merged_25984-Hoechst_c18.tif,s3://morphology_profiles/filtered_mp/25984-ERSyto/merged_25984-ERSyto_c18.tif,s3://morphology_profiles/filtered_mp/25984-ERSytoBleed/merged_25984-ERSytoBleed_c18.tif,s3://morphology_profiles/filtered_mp/25984-Ph_golgi/merged_25984-Ph_golgi_c18.tif,s3://morphology_profiles/filtered_mp/25984-Mito/merged_25984-Mito_c18.tif
CC1(C)N=C(O)N(c2ccc([N+](=O)[O-])c(C(F)(F)F)c2)C1=O,25984,D4,s3://morphology_profiles/filtered_mp/25984-Hoechst/merged_25984-Hoechst_d04.tif,s3://morphology_profiles/filtered_mp/25984-ERSyto/merged_25984-ERSyto_d04.tif,s3://morphology_profiles/filtered_mp/25984-ERSytoBleed/merged_25984-ERSytoBleed_d04.tif,s3://morphology_profiles/filtered_mp/25984-Ph_golgi/merged_25984-Ph_golgi_d04.tif,s3://morphology_profiles/filtered_mp/25984-Mito/merged_25984-Mito_d04.tif
O=C(O)CCc1nc(-c2ccccc2)c(-c2ccccc2)o1,25984,E7,s3://morphology_profiles/filtered_mp/25984-Hoechst/merged_25984-Hoechst_e07.tif,s3://morphology_profiles/filtered_mp/25984-ERSyto/merged_25984-ERSyto_e07.tif,s3://morphology_profiles/filtered_mp/25984-ERSytoBleed/merged_25984-ERSytoBleed_e07.tif,s3://morphology_profiles/filtered_mp/25984-Ph_golgi/merged_25984-Ph_golgi_e07.tif,s3://morphology_profiles/filtered_mp/25984-Mito/merged_25984-Mito_e07.tif
COc1ccc(C(Cl)=C(c2ccc(OC)cc2)c2ccc(OC)cc2)cc1,25984,F14,s3://morphology_profiles/filtered_mp/25984-Hoechst/merged_25984-Hoechst_f14.tif,s3://morphology_profiles/filtered_mp/25984-ERSyto/merged_25984-ERSyto_f14.tif,s3://morphology_profiles/filtered_mp/25984-ERSytoBleed/merged_25984-ERSytoBleed_f14.tif,s3://morphology_profiles/filtered_mp/25984-Ph_golgi/merged_25984-Ph_golgi_f14.tif,s3://morphology_profiles/filtered_mp/25984-Mito/merged_25984-Mito_f14.tif
C=C1/C(=C\C=C2/CCC[C@]3(C)[C@@H]([C@H](C)CCCC(C)(C)O)CC[C@@H]23)C[C@@H](O)C[C@@H]1O,25984,F21,s3://morphology_profiles/filtered_mp/25984-Hoechst/merged_25984-Hoechst_f21.tif,s3://morphology_profiles/filtered_mp/25984-ERSyto/merged_25984-ERSyto_f21.tif,s3://morphology_profiles/filtered_mp/25984-ERSytoBleed/merged_25984-ERSytoBleed_f21.tif,s3://morphology_profiles/filtered_mp/25984-Ph_golgi/merged_25984-Ph_golgi_f21.tif,s3://morphology_profiles/filtered_mp/25984-Mito/merged_25984-Mito_f21.tif
CC(=O)OCC1=C(C(=O)O)N2C(=O)[C@@H](N=C(O)Cc3cccs3)[C@H]2SC1,25984,G16,s3://morphology_profiles/filtered_mp/25984-Hoechst/merged_25984-Hoechst_g16.tif,s3://morphology_profiles/filtered_mp/25984-ERSyto/merged_25984-ERSyto_g16.tif,s3://morphology_profiles/filtered_mp/25984-ERSytoBleed/merged_25984-ERSytoBleed_g16.tif,s3://morphology_profiles/filtered_mp/25984-Ph_golgi/merged_25984-Ph_golgi_g16.tif,s3://morphology_profiles/filtered_mp/25984-Mito/merged_25984-Mito_g16.tif
CC(C)C(O)=Nc1ccc([N+](=O)[O-])c(C(F)(F)F)c1,25984,G17,s3://morphology_profiles/filtered_mp/25984-Hoechst/merged_25984-Hoechst_g17.tif,s3://morphology_profiles/filtered_mp/25984-ERSyto/merged_25984-ERSyto_g17.tif,s3://morphology_profiles/filtered_mp/25984-ERSytoBleed/merged_25984-ERSytoBleed_g17.tif,s3://morphology_profiles/filtered_mp/25984-Ph_golgi/merged_25984-Ph_golgi_g17.tif,s3://morphology_profiles/filtered_mp/25984-Mito/merged_25984-Mito_g17.tif
Cc1cc(NS(=O)(=O)c2ccc(N)cc2)no1,25984,G21,s3://morphology_profiles/filtered_mp/25984-Hoechst/merged_25984-Hoechst_g21.tif,s3://morphology_profiles/filtered_mp/25984-ERSyto/merged_25984-ERSyto_g21.tif,s3://morphology_profiles/filtered_mp/25984-ERSytoBleed/merged_25984-ERSytoBleed_g21.tif,s3://morphology_profiles/filtered_mp/25984-Ph_golgi/merged_25984-Ph_golgi_g21.tif,s3://morphology_profiles/filtered_mp/25984-Mito/merged_25984-Mito_g21.tif
CC(=O)N1CCN(c2ccc(OC[C@H]3CO[C@](Cn4ccnc4)(c4ccc(Cl)cc4Cl)O3)cc2)CC1,25984,H10,s3://morphology_profiles/filtered_mp/25984-Hoechst/merged_25984-Hoechst_h10.tif,s3://morphology_profiles/filtered_mp/25984-ERSyto/merged_25984-ERSyto_h10.tif,s3://morphology_profiles/filtered_mp/25984-ERSytoBleed/merged_25984-ERSytoBleed_h10.tif,s3://morphology_profiles/filtered_mp/25984-Ph_golgi/merged_25984-Ph_golgi_h10.tif,s3://morphology_profiles/filtered_mp/25984-Mito/merged_25984-Mito_h10.tif
Cc1cccc(N=c2cc[nH]cc2S(=O)(=O)NC(O)=NC(C)C)c1,25984,I3,s3://morphology_profiles/filtered_mp/25984-Hoechst/merged_25984-Hoechst_i03.tif,s3://morphology_profiles/filtered_mp/25984-ERSyto/merged_25984-ERSyto_i03.tif,s3://morphology_profiles/filtered_mp/25984-ERSytoBleed/merged_25984-ERSytoBleed_i03.tif,s3://morphology_profiles/filtered_mp/25984-Ph_golgi/merged_25984-Ph_golgi_i03.tif,s3://morphology_profiles/filtered_mp/25984-Mito/merged_25984-Mito_i03.tif
Cc1nnc(NS(=O)(=O)c2ccc(N)cc2)s1,25984,J2,s3://morphology_profiles/filtered_mp/25984-Hoechst/merged_25984-Hoechst_j02.tif,s3://morphology_profiles/filtered_mp/25984-ERSyto/merged_25984-ERSyto_j02.tif,s3://morphology_profiles/filtered_mp/25984-ERSytoBleed/merged_25984-ERSytoBleed_j02.tif,s3://morphology_profiles/filtered_mp/25984-Ph_golgi/merged_25984-Ph_golgi_j02.tif,s3://morphology_profiles/filtered_mp/25984-Mito/merged_25984-Mito_j02.tif
Nc1ccc(S(=O)(=O)Nc2ccc(Cl)nn2)cc1,25984,J13,s3://morphology_profiles/filtered_mp/25984-Hoechst/merged_25984-Hoechst_j13.tif,s3://morphology_profiles/filtered_mp/25984-ERSyto/merged_25984-ERSyto_j13.tif,s3://morphology_profiles/filtered_mp/25984-ERSytoBleed/merged_25984-ERSytoBleed_j13.tif,s3://morphology_profiles/filtered_mp/25984-Ph_golgi/merged_25984-Ph_golgi_j13.tif,s3://morphology_profiles/filtered_mp/25984-Mito/merged_25984-Mito_j13.tif
Nc1ccc(S(=O)(=O)Nc2ncccn2)cc1,25984,J18,s3://morphology_profiles/filtered_mp/25984-Hoechst/merged_25984-Hoechst_j18.tif,s3://morphology_profiles/filtered_mp/25984-ERSyto/merged_25984-ERSyto_j18.tif,s3://morphology_profiles/filtered_mp/25984-ERSytoBleed/merged_25984-ERSytoBleed_j18.tif,s3://morphology_profiles/filtered_mp/25984-Ph_golgi/merged_25984-Ph_golgi_j18.tif,s3://morphology_profiles/filtered_mp/25984-Mito/merged_25984-Mito_j18.tif
CCN(CC)C(=S)SSC(=S)N(CC)CC,25984,K6,s3://morphology_profiles/filtered_mp/25984-Hoechst/merged_25984-Hoechst_k06.tif,s3://morphology_profiles/filtered_mp/25984-ERSyto/merged_25984-ERSyto_k06.tif,s3://morphology_profiles/filtered_mp/25984-ERSytoBleed/merged_25984-ERSytoBleed_k06.tif,s3://morphology_profiles/filtered_mp/25984-Ph_golgi/merged_25984-Ph_golgi_k06.tif,s3://morphology_profiles/filtered_mp/25984-Mito/merged_25984-Mito_k06.tif
Cn1cnc([N+](=O)[O-])c1Sc1ncnc2[nH]cnc12,25984,K10,s3://morphology_profiles/filtered_mp/25984-Hoechst/merged_25984-Hoechst_k10.tif,s3://morphology_profiles/filtered_mp/25984-ERSyto/merged_25984-ERSyto_k10.tif,s3://morphology_profiles/filtered_mp/25984-ERSytoBleed/merged_25984-ERSytoBleed_k10.tif,s3://morphology_profiles/filtered_mp/25984-Ph_golgi/merged_25984-Ph_golgi_k10.tif,s3://morphology_profiles/filtered_mp/25984-Mito/merged_25984-Mito_k10.tif
CN=C(NC#N)NCCSCc1[nH]cnc1C,25984,L14,s3://morphology_profiles/filtered_mp/25984-Hoechst/merged_25984-Hoechst_l14.tif,s3://morphology_profiles/filtered_mp/25984-ERSyto/merged_25984-ERSyto_l14.tif,s3://morphology_profiles/filtered_mp/25984-ERSytoBleed/merged_25984-ERSytoBleed_l14.tif,s3://morphology_profiles/filtered_mp/25984-Ph_golgi/merged_25984-Ph_golgi_l14.tif,s3://morphology_profiles/filtered_mp/25984-Mito/merged_25984-Mito_l14.tif
COc1cc(C(O)=NCc2ccc(OCCN(C)C)cc2)cc(OC)c1OC,25984,L20,s3://morphology_profiles/filtered_mp/25984-Hoechst/merged_25984-Hoechst_l20.tif,s3://morphology_profiles/filtered_mp/25984-ERSyto/merged_25984-ERSyto_l20.tif,s3://morphology_profiles/filtered_mp/25984-ERSytoBleed/merged_25984-ERSytoBleed_l20.tif,s3://morphology_profiles/filtered_mp/25984-Ph_golgi/merged_25984-Ph_golgi_l20.tif,s3://morphology_profiles/filtered_mp/25984-Mito/merged_25984-Mito_l20.tif
NS(=O)(=O)c1cc2c(cc1C(F)(F)F)NCNS2(=O)=O,25984,N11,s3://morphology_profiles/filtered_mp/25984-Hoechst/merged_25984-Hoechst_n11.tif,s3://morphology_profiles/filtered_mp/25984-ERSyto/merged_25984-ERSyto_n11.tif,s3://morphology_profiles/filtered_mp/25984-ERSytoBleed/merged_25984-ERSytoBleed_n11.tif,s3://morphology_profiles/filtered_mp/25984-Ph_golgi/merged_25984-Ph_golgi_n11.tif,s3://morphology_profiles/filtered_mp/25984-Mito/merged_25984-Mito_n11.tif
COc1ccc(CCN2CCC(N=c3[nH]c4ccccc4n3Cc3ccc(F)cc3)CC2)cc1,25984,N18,s3://morphology_profiles/filtered_mp/25984-Hoechst/merged_25984-Hoechst_n18.tif,s3://morphology_profiles/filtered_mp/25984-ERSyto/merged_25984-ERSyto_n18.tif,s3://morphology_profiles/filtered_mp/25984-ERSytoBleed/merged_25984-ERSytoBleed_n18.tif,s3://morphology_profiles/filtered_mp/25984-Ph_golgi/merged_25984-Ph_golgi_n18.tif,s3://morphology_profiles/filtered_mp/25984-Mito/merged_25984-Mito_n18.tif
CC#C[C@]1(O)CC[C@H]2[C@@H]3CCC4=CC(=O)CCC4=C3[C@@H](c3ccc(N(C)C)cc3)C[C@@]21C,25984,N19,s3://morphology_profiles/filtered_mp/25984-Hoechst/merged_25984-Hoechst_n19.tif,s3://morphology_profiles/filtered_mp/25984-ERSyto/merged_25984-ERSyto_n19.tif,s3://morphology_profiles/filtered_mp/25984-ERSytoBleed/merged_25984-ERSytoBleed_n19.tif,s3://morphology_profiles/filtered_mp/25984-Ph_golgi/merged_25984-Ph_golgi_n19.tif,s3://morphology_profiles/filtered_mp/25984-Mito/merged_25984-Mito_n19.tif
CN1CCN(C2=Nc3cc(Cl)ccc3Nc3ccccc32)CC1,25984,N21,s3://morphology_profiles/filtered_mp/25984-Hoechst/merged_25984-Hoechst_n21.tif,s3://morphology_profiles/filtered_mp/25984-ERSyto/merged_25984-ERSyto_n21.tif,s3://morphology_profiles/filtered_mp/25984-ERSytoBleed/merged_25984-ERSytoBleed_n21.tif,s3://morphology_profiles/filtered_mp/25984-Ph_golgi/merged_25984-Ph_golgi_n21.tif,s3://morphology_profiles/filtered_mp/25984-Mito/merged_25984-Mito_n21.tif
Oc1c(Cl)cc(Cl)cc1Sc1cc(Cl)cc(Cl)c1O,25984,P5,s3://morphology_profiles/filtered_mp/25984-Hoechst/merged_25984-Hoechst_p05.tif,s3://morphology_profiles/filtered_mp/25984-ERSyto/merged_25984-ERSyto_p05.tif,s3://morphology_profiles/filtered_mp/25984-ERSytoBleed/merged_25984-ERSytoBleed_p05.tif,s3://morphology_profiles/filtered_mp/25984-Ph_golgi/merged_25984-Ph_golgi_p05.tif,s3://morphology_profiles/filtered_mp/25984-Mito/merged_25984-Mito_p05.tif
CC(=O)Oc1ccc(C(c2ccc(OC(C)=O)cc2)c2ccccn2)cc1,25984,P19,s3://morphology_profiles/filtered_mp/25984-Hoechst/merged_25984-Hoechst_p19.tif,s3://morphology_profiles/filtered_mp/25984-ERSyto/merged_25984-ERSyto_p19.tif,s3://morphology_profiles/filtered_mp/25984-ERSytoBleed/merged_25984-ERSytoBleed_p19.tif,s3://morphology_profiles/filtered_mp/25984-Ph_golgi/merged_25984-Ph_golgi_p19.tif,s3://morphology_profiles/filtered_mp/25984-Mito/merged_25984-Mito_p19.tif
Nc1ccc(S(=O)(=O)Nc2ccccn2)cc1,25985,A9,s3://morphology_profiles/filtered_mp/25985-Hoechst/merged_25985-Hoechst_a09.tif,s3://morphology_profiles/filtered_mp/25985-ERSyto/merged_25985-ERSyto_a09.tif,s3://morphology_profiles/filtered_mp/25985-ERSytoBleed/merged_25985-ERSytoBleed_a09.tif,s3://morphology_profiles/filtered_mp/25985-Ph_golgi/merged_25985-Ph_golgi_a09.tif,s3://morphology_profiles/filtered_mp/25985-Mito/merged_25985-Mito_a09.tif
CC(O)=Nc1ccc(O)cc1,25985,A12,s3://morphology_profiles/filtered_mp/25985-Hoechst/merged_25985-Hoechst_a12.tif,s3://morphology_profiles/filtered_mp/25985-ERSyto/merged_25985-ERSyto_a12.tif,s3://morphology_profiles/filtered_mp/25985-ERSytoBleed/merged_25985-ERSytoBleed_a12.tif,s3://morphology_profiles/filtered_mp/25985-Ph_golgi/merged_25985-Ph_golgi_a12.tif,s3://morphology_profiles/filtered_mp/25985-Mito/merged_25985-Mito_a12.tif
CC(O)=Nc1nnc(S(N)(=O)=O)s1,25985,C2,s3://morphology_profiles/filtered_mp/25985-Hoechst/merged_25985-Hoechst_c02.tif,s3://morphology_profiles/filtered_mp/25985-ERSyto/merged_25985-ERSyto_c02.tif,s3://morphology_profiles/filtered_mp/25985-ERSytoBleed/merged_25985-ERSytoBleed_c02.tif,s3://morphology_profiles/filtered_mp/25985-Ph_golgi/merged_25985-Ph_golgi_c02.tif,s3://morphology_profiles/filtered_mp/25985-Mito/merged_25985-Mito_c02.tif
CC/C(=C(/CC)c1ccc(O)cc1)c1ccc(O)cc1,25985,D5,s3://morphology_profiles/filtered_mp/25985-Hoechst/merged_25985-Hoechst_d05.tif,s3://morphology_profiles/filtered_mp/25985-ERSyto/merged_25985-ERSyto_d05.tif,s3://morphology_profiles/filtered_mp/25985-ERSytoBleed/merged_25985-ERSytoBleed_d05.tif,s3://morphology_profiles/filtered_mp/25985-Ph_golgi/merged_25985-Ph_golgi_d05.tif,s3://morphology_profiles/filtered_mp/25985-Mito/merged_25985-Mito_d05.tif
CCN(CC)C(=O)N1CCN(C)CC1,25985,D13,s3://morphology_profiles/filtered_mp/25985-Hoechst/merged_25985-Hoechst_d13.tif,s3://morphology_profiles/filtered_mp/25985-ERSyto/merged_25985-ERSyto_d13.tif,s3://morphology_profiles/filtered_mp/25985-ERSytoBleed/merged_25985-ERSytoBleed_d13.tif,s3://morphology_profiles/filtered_mp/25985-Ph_golgi/merged_25985-Ph_golgi_d13.tif,s3://morphology_profiles/filtered_mp/25985-Mito/merged_25985-Mito_d13.tif
CCOC(=O)O[C@]1(C(=O)COC(=O)CC)CC[C@H]2[C@@H]3CCC4=CC(=O)C=C[C@]4(C)[C@H]3[C@@H](O)C[C@@]21C,25985,D20,s3://morphology_profiles/filtered_mp/25985-Hoechst/merged_25985-Hoechst_d20.tif,s3://morphology_profiles/filtered_mp/25985-ERSyto/merged_25985-ERSyto_d20.tif,s3://morphology_profiles/filtered_mp/25985-ERSytoBleed/merged_25985-ERSytoBleed_d20.tif,s3://morphology_profiles/filtered_mp/25985-Ph_golgi/merged_25985-Ph_golgi_d20.tif,s3://morphology_profiles/filtered_mp/25985-Mito/merged_25985-Mito_d20.tif
CC(C)OC(=O)C(C)(C)Oc1ccc(C(=O)c2ccc(Cl)cc2)cc1,25985,H22,s3://morphology_profiles/filtered_mp/25985-Hoechst/merged_25985-Hoechst_h22.tif,s3://morphology_profiles/filtered_mp/25985-ERSyto/merged_25985-ERSyto_h22.tif,s3://morphology_profiles/filtered_mp/25985-ERSytoBleed/merged_25985-ERSytoBleed_h22.tif,s3://morphology_profiles/filtered_mp/25985-Ph_golgi/merged_25985-Ph_golgi_h22.tif,s3://morphology_profiles/filtered_mp/25985-Mito/merged_25985-Mito_h22.tif
Cc1noc(NS(=O)(=O)c2ccc(N)cc2)c1C,25985,I10,s3://morphology_profiles/filtered_mp/25985-Hoechst/merged_25985-Hoechst_i10.tif,s3://morphology_profiles/filtered_mp/25985-ERSyto/merged_25985-ERSyto_i10.tif,s3://morphology_profiles/filtered_mp/25985-ERSytoBleed/merged_25985-ERSytoBleed_i10.tif,s3://morphology_profiles/filtered_mp/25985-Ph_golgi/merged_25985-Ph_golgi_i10.tif,s3://morphology_profiles/filtered_mp/25985-Mito/merged_25985-Mito_i10.tif
Cc1ncc([N+](=O)[O-])n1CCO,25985,J7,s3://morphology_profiles/filtered_mp/25985-Hoechst/merged_25985-Hoechst_j07.tif,s3://morphology_profiles/filtered_mp/25985-ERSyto/merged_25985-ERSyto_j07.tif,s3://morphology_profiles/filtered_mp/25985-ERSytoBleed/merged_25985-ERSytoBleed_j07.tif,s3://morphology_profiles/filtered_mp/25985-Ph_golgi/merged_25985-Ph_golgi_j07.tif,s3://morphology_profiles/filtered_mp/25985-Mito/merged_25985-Mito_j07.tif
Cc1cc2cc3c(C)cc(=O)oc3c(C)c2o1,25985,L17,s3://morphology_profiles/filtered_mp/25985-Hoechst/merged_25985-Hoechst_l17.tif,s3://morphology_profiles/filtered_mp/25985-ERSyto/merged_25985-ERSyto_l17.tif,s3://morphology_profiles/filtered_mp/25985-ERSytoBleed/merged_25985-ERSytoBleed_l17.tif,s3://morphology_profiles/filtered_mp/25985-Ph_golgi/merged_25985-Ph_golgi_l17.tif,s3://morphology_profiles/filtered_mp/25985-Mito/merged_25985-Mito_l17.tif
CN(C(=O)CN(CCO)CC(=O)N(C)C(C)(C)Cc1ccccc1)C(C)(C)Cc1ccccc1,25985,N7,s3://morphology_profiles/filtered_mp/25985-Hoechst/merged_25985-Hoechst_n07.tif,s3://morphology_profiles/filtered_mp/25985-ERSyto/merged_25985-ERSyto_n07.tif,s3://morphology_profiles/filtered_mp/25985-ERSytoBleed/merged_25985-ERSytoBleed_n07.tif,s3://morphology_profiles/filtered_mp/25985-Ph_golgi/merged_25985-Ph_golgi_n07.tif,s3://morphology_profiles/filtered_mp/25985-Mito/merged_25985-Mito_n07.tif
CC(=O)CCCCn1c(=O)c2c(ncn2C)n(C)c1=O,25985,N19,s3://morphology_profiles/filtered_mp/25985-Hoechst/merged_25985-Hoechst_n19.tif,s3://morphology_profiles/filtered_mp/25985-ERSyto/merged_25985-ERSyto_n19.tif,s3://morphology_profiles/filtered_mp/25985-ERSytoBleed/merged_25985-ERSytoBleed_n19.tif,s3://morphology_profiles/filtered_mp/25985-Ph_golgi/merged_25985-Ph_golgi_n19.tif,s3://morphology_profiles/filtered_mp/25985-Mito/merged_25985-Mito_n19.tif
C1CCc2nnnn2CC1,25985,N21,s3://morphology_profiles/filtered_mp/25985-Hoechst/merged_25985-Hoechst_n21.tif,s3://morphology_profiles/filtered_mp/25985-ERSyto/merged_25985-ERSyto_n21.tif,s3://morphology_profiles/filtered_mp/25985-ERSytoBleed/merged_25985-ERSytoBleed_n21.tif,s3://morphology_profiles/filtered_mp/25985-Ph_golgi/merged_25985-Ph_golgi_n21.tif,s3://morphology_profiles/filtered_mp/25985-Mito/merged_25985-Mito_n21.tif
CC1=C2[C@H]3OC(=O)[C@@H](C)[C@@H]3CC[C@@]2(C)C=CC1=O,25985,O7,s3://morphology_profiles/filtered_mp/25985-Hoechst/merged_25985-Hoechst_o07.tif,s3://morphology_profiles/filtered_mp/25985-ERSyto/merged_25985-ERSyto_o07.tif,s3://morphology_profiles/filtered_mp/25985-ERSytoBleed/merged_25985-ERSytoBleed_o07.tif,s3://morphology_profiles/filtered_mp/25985-Ph_golgi/merged_25985-Ph_golgi_o07.tif,s3://morphology_profiles/filtered_mp/25985-Mito/merged_25985-Mito_o07.tif
COc1ccc2cc([C@H](C)C(=O)O)ccc2c1,25985,O16,s3://morphology_profiles/filtered_mp/25985-Hoechst/merged_25985-Hoechst_o16.tif,s3://morphology_profiles/filtered_mp/25985-ERSyto/merged_25985-ERSyto_o16.tif,s3://morphology_profiles/filtered_mp/25985-ERSytoBleed/merged_25985-ERSytoBleed_o16.tif,s3://morphology_profiles/filtered_mp/25985-Ph_golgi/merged_25985-Ph_golgi_o16.tif,s3://morphology_profiles/filtered_mp/25985-Mito/merged_25985-Mito_o16.tif
Nc1ccc(S(=O)(=O)Nc2ccccn2)cc1,25986,A9,s3://morphology_profiles/filtered_mp/25986-Hoechst/merged_25986-Hoechst_a09.tif,s3://morphology_profiles/filtered_mp/25986-ERSyto/merged_25986-ERSyto_a09.tif,s3://morphology_profiles/filtered_mp/25986-ERSytoBleed/merged_25986-ERSytoBleed_a09.tif,s3://morphology_profiles/filtered_mp/25986-Ph_golgi/merged_25986-Ph_golgi_a09.tif,s3://morphology_profiles/filtered_mp/25986-Mito/merged_25986-Mito_a09.tif
CC(O)=Nc1ccc(O)cc1,25986,A12,s3://morphology_profiles/filtered_mp/25986-Hoechst/merged_25986-Hoechst_a12.tif,s3://morphology_profiles/filtered_mp/25986-ERSyto/merged_25986-ERSyto_a12.tif,s3://morphology_profiles/filtered_mp/25986-ERSytoBleed/merged_25986-ERSytoBleed_a12.tif,s3://morphology_profiles/filtered_mp/25986-Ph_golgi/merged_25986-Ph_golgi_a12.tif,s3://morphology_profiles/filtered_mp/25986-Mito/merged_25986-Mito_a12.tif
CC(O)=Nc1nnc(S(N)(=O)=O)s1,25986,C2,s3://morphology_profiles/filtered_mp/25986-Hoechst/merged_25986-Hoechst_c02.tif,s3://morphology_profiles/filtered_mp/25986-ERSyto/merged_25986-ERSyto_c02.tif,s3://morphology_profiles/filtered_mp/25986-ERSytoBleed/merged_25986-ERSytoBleed_c02.tif,s3://morphology_profiles/filtered_mp/25986-Ph_golgi/merged_25986-Ph_golgi_c02.tif,s3://morphology_profiles/filtered_mp/25986-Mito/merged_25986-Mito_c02.tif
CC/C(=C(/CC)c1ccc(O)cc1)c1ccc(O)cc1,25986,D5,s3://morphology_profiles/filtered_mp/25986-Hoechst/merged_25986-Hoechst_d05.tif,s3://morphology_profiles/filtered_mp/25986-ERSyto/merged_25986-ERSyto_d05.tif,s3://morphology_profiles/filtered_mp/25986-ERSytoBleed/merged_25986-ERSytoBleed_d05.tif,s3://morphology_profiles/filtered_mp/25986-Ph_golgi/merged_25986-Ph_golgi_d05.tif,s3://morphology_profiles/filtered_mp/25986-Mito/merged_25986-Mito_d05.tif
CCN(CC)C(=O)N1CCN(C)CC1,25986,D13,s3://morphology_profiles/filtered_mp/25986-Hoechst/merged_25986-Hoechst_d13.tif,s3://morphology_profiles/filtered_mp/25986-ERSyto/merged_25986-ERSyto_d13.tif,s3://morphology_profiles/filtered_mp/25986-ERSytoBleed/merged_25986-ERSytoBleed_d13.tif,s3://morphology_profiles/filtered_mp/25986-Ph_golgi/merged_25986-Ph_golgi_d13.tif,s3://morphology_profiles/filtered_mp/25986-Mito/merged_25986-Mito_d13.tif
CCOC(=O)O[C@]1(C(=O)COC(=O)CC)CC[C@H]2[C@@H]3CCC4=CC(=O)C=C[C@]4(C)[C@H]3[C@@H](O)C[C@@]21C,25986,D20,s3://morphology_profiles/filtered_mp/25986-Hoechst/merged_25986-Hoechst_d20.tif,s3://morphology_profiles/filtered_mp/25986-ERSyto/merged_25986-ERSyto_d20.tif,s3://morphology_profiles/filtered_mp/25986-ERSytoBleed/merged_25986-ERSytoBleed_d20.tif,s3://morphology_profiles/filtered_mp/25986-Ph_golgi/merged_25986-Ph_golgi_d20.tif,s3://morphology_profiles/filtered_mp/25986-Mito/merged_25986-Mito_d20.tif
CC(C)OC(=O)C(C)(C)Oc1ccc(C(=O)c2ccc(Cl)cc2)cc1,25986,H22,s3://morphology_profiles/filtered_mp/25986-Hoechst/merged_25986-Hoechst_h22.tif,s3://morphology_profiles/filtered_mp/25986-ERSyto/merged_25986-ERSyto_h22.tif,s3://morphology_profiles/filtered_mp/25986-ERSytoBleed/merged_25986-ERSytoBleed_h22.tif,s3://morphology_profiles/filtered_mp/25986-Ph_golgi/merged_25986-Ph_golgi_h22.tif,s3://morphology_profiles/filtered_mp/25986-Mito/merged_25986-Mito_h22.tif
Cc1noc(NS(=O)(=O)c2ccc(N)cc2)c1C,25986,I10,s3://morphology_profiles/filtered_mp/25986-Hoechst/merged_25986-Hoechst_i10.tif,s3://morphology_profiles/filtered_mp/25986-ERSyto/merged_25986-ERSyto_i10.tif,s3://morphology_profiles/filtered_mp/25986-ERSytoBleed/merged_25986-ERSytoBleed_i10.tif,s3://morphology_profiles/filtered_mp/25986-Ph_golgi/merged_25986-Ph_golgi_i10.tif,s3://morphology_profiles/filtered_mp/25986-Mito/merged_25986-Mito_i10.tif
Cc1ncc([N+](=O)[O-])n1CCO,25986,J7,s3://morphology_profiles/filtered_mp/25986-Hoechst/merged_25986-Hoechst_j07.tif,s3://morphology_profiles/filtered_mp/25986-ERSyto/merged_25986-ERSyto_j07.tif,s3://morphology_profiles/filtered_mp/25986-ERSytoBleed/merged_25986-ERSytoBleed_j07.tif,s3://morphology_profiles/filtered_mp/25986-Ph_golgi/merged_25986-Ph_golgi_j07.tif,s3://morphology_profiles/filtered_mp/25986-Mito/merged_25986-Mito_j07.tif
Cc1cc2cc3c(C)cc(=O)oc3c(C)c2o1,25986,L17,s3://morphology_profiles/filtered_mp/25986-Hoechst/merged_25986-Hoechst_l17.tif,s3://morphology_profiles/filtered_mp/25986-ERSyto/merged_25986-ERSyto_l17.tif,s3://morphology_profiles/filtered_mp/25986-ERSytoBleed/merged_25986-ERSytoBleed_l17.tif,s3://morphology_profiles/filtered_mp/25986-Ph_golgi/merged_25986-Ph_golgi_l17.tif,s3://morphology_profiles/filtered_mp/25986-Mito/merged_25986-Mito_l17.tif
CN(C(=O)CN(CCO)CC(=O)N(C)C(C)(C)Cc1ccccc1)C(C)(C)Cc1ccccc1,25986,N7,s3://morphology_profiles/filtered_mp/25986-Hoechst/merged_25986-Hoechst_n07.tif,s3://morphology_profiles/filtered_mp/25986-ERSyto/merged_25986-ERSyto_n07.tif,s3://morphology_profiles/filtered_mp/25986-ERSytoBleed/merged_25986-ERSytoBleed_n07.tif,s3://morphology_profiles/filtered_mp/25986-Ph_golgi/merged_25986-Ph_golgi_n07.tif,s3://morphology_profiles/filtered_mp/25986-Mito/merged_25986-Mito_n07.tif
CC(=O)CCCCn1c(=O)c2c(ncn2C)n(C)c1=O,25986,N19,s3://morphology_profiles/filtered_mp/25986-Hoechst/merged_25986-Hoechst_n19.tif,s3://morphology_profiles/filtered_mp/25986-ERSyto/merged_25986-ERSyto_n19.tif,s3://morphology_profiles/filtered_mp/25986-ERSytoBleed/merged_25986-ERSytoBleed_n19.tif,s3://morphology_profiles/filtered_mp/25986-Ph_golgi/merged_25986-Ph_golgi_n19.tif,s3://morphology_profiles/filtered_mp/25986-Mito/merged_25986-Mito_n19.tif
C1CCc2nnnn2CC1,25986,N21,s3://morphology_profiles/filtered_mp/25986-Hoechst/merged_25986-Hoechst_n21.tif,s3://morphology_profiles/filtered_mp/25986-ERSyto/merged_25986-ERSyto_n21.tif,s3://morphology_profiles/filtered_mp/25986-ERSytoBleed/merged_25986-ERSytoBleed_n21.tif,s3://morphology_profiles/filtered_mp/25986-Ph_golgi/merged_25986-Ph_golgi_n21.tif,s3://morphology_profiles/filtered_mp/25986-Mito/merged_25986-Mito_n21.tif
CC1=C2[C@H]3OC(=O)[C@@H](C)[C@@H]3CC[C@@]2(C)C=CC1=O,25986,O7,s3://morphology_profiles/filtered_mp/25986-Hoechst/merged_25986-Hoechst_o07.tif,s3://morphology_profiles/filtered_mp/25986-ERSyto/merged_25986-ERSyto_o07.tif,s3://morphology_profiles/filtered_mp/25986-ERSytoBleed/merged_25986-ERSytoBleed_o07.tif,s3://morphology_profiles/filtered_mp/25986-Ph_golgi/merged_25986-Ph_golgi_o07.tif,s3://morphology_profiles/filtered_mp/25986-Mito/merged_25986-Mito_o07.tif
COc1ccc2cc([C@H](C)C(=O)O)ccc2c1,25986,O16,s3://morphology_profiles/filtered_mp/25986-Hoechst/merged_25986-Hoechst_o16.tif,s3://morphology_profiles/filtered_mp/25986-ERSyto/merged_25986-ERSyto_o16.tif,s3://morphology_profiles/filtered_mp/25986-ERSytoBleed/merged_25986-ERSytoBleed_o16.tif,s3://morphology_profiles/filtered_mp/25986-Ph_golgi/merged_25986-Ph_golgi_o16.tif,s3://morphology_profiles/filtered_mp/25986-Mito/merged_25986-Mito_o16.tif
Nc1ccc(S(=O)(=O)Nc2ccccn2)cc1,25987,A9,s3://morphology_profiles/filtered_mp/25987-Hoechst/merged_25987-Hoechst_a09.tif,s3://morphology_profiles/filtered_mp/25987-ERSyto/merged_25987-ERSyto_a09.tif,s3://morphology_profiles/filtered_mp/25987-ERSytoBleed/merged_25987-ERSytoBleed_a09.tif,s3://morphology_profiles/filtered_mp/25987-Ph_golgi/merged_25987-Ph_golgi_a09.tif,s3://morphology_profiles/filtered_mp/25987-Mito/merged_25987-Mito_a09.tif
CC(O)=Nc1ccc(O)cc1,25987,A12,s3://morphology_profiles/filtered_mp/25987-Hoechst/merged_25987-Hoechst_a12.tif,s3://morphology_profiles/filtered_mp/25987-ERSyto/merged_25987-ERSyto_a12.tif,s3://morphology_profiles/filtered_mp/25987-ERSytoBleed/merged_25987-ERSytoBleed_a12.tif,s3://morphology_profiles/filtered_mp/25987-Ph_golgi/merged_25987-Ph_golgi_a12.tif,s3://morphology_profiles/filtered_mp/25987-Mito/merged_25987-Mito_a12.tif
CC(O)=Nc1nnc(S(N)(=O)=O)s1,25987,C2,s3://morphology_profiles/filtered_mp/25987-Hoechst/merged_25987-Hoechst_c02.tif,s3://morphology_profiles/filtered_mp/25987-ERSyto/merged_25987-ERSyto_c02.tif,s3://morphology_profiles/filtered_mp/25987-ERSytoBleed/merged_25987-ERSytoBleed_c02.tif,s3://morphology_profiles/filtered_mp/25987-Ph_golgi/merged_25987-Ph_golgi_c02.tif,s3://morphology_profiles/filtered_mp/25987-Mito/merged_25987-Mito_c02.tif
CC/C(=C(/CC)c1ccc(O)cc1)c1ccc(O)cc1,25987,D5,s3://morphology_profiles/filtered_mp/25987-Hoechst/merged_25987-Hoechst_d05.tif,s3://morphology_profiles/filtered_mp/25987-ERSyto/merged_25987-ERSyto_d05.tif,s3://morphology_profiles/filtered_mp/25987-ERSytoBleed/merged_25987-ERSytoBleed_d05.tif,s3://morphology_profiles/filtered_mp/25987-Ph_golgi/merged_25987-Ph_golgi_d05.tif,s3://morphology_profiles/filtered_mp/25987-Mito/merged_25987-Mito_d05.tif
CCN(CC)C(=O)N1CCN(C)CC1,25987,D13,s3://morphology_profiles/filtered_mp/25987-Hoechst/merged_25987-Hoechst_d13.tif,s3://morphology_profiles/filtered_mp/25987-ERSyto/merged_25987-ERSyto_d13.tif,s3://morphology_profiles/filtered_mp/25987-ERSytoBleed/merged_25987-ERSytoBleed_d13.tif,s3://morphology_profiles/filtered_mp/25987-Ph_golgi/merged_25987-Ph_golgi_d13.tif,s3://morphology_profiles/filtered_mp/25987-Mito/merged_25987-Mito_d13.tif
CCOC(=O)O[C@]1(C(=O)COC(=O)CC)CC[C@H]2[C@@H]3CCC4=CC(=O)C=C[C@]4(C)[C@H]3[C@@H](O)C[C@@]21C,25987,D20,s3://morphology_profiles/filtered_mp/25987-Hoechst/merged_25987-Hoechst_d20.tif,s3://morphology_profiles/filtered_mp/25987-ERSyto/merged_25987-ERSyto_d20.tif,s3://morphology_profiles/filtered_mp/25987-ERSytoBleed/merged_25987-ERSytoBleed_d20.tif,s3://morphology_profiles/filtered_mp/25987-Ph_golgi/merged_25987-Ph_golgi_d20.tif,s3://morphology_profiles/filtered_mp/25987-Mito/merged_25987-Mito_d20.tif
CC(C)OC(=O)C(C)(C)Oc1ccc(C(=O)c2ccc(Cl)cc2)cc1,25987,H22,s3://morphology_profiles/filtered_mp/25987-Hoechst/merged_25987-Hoechst_h22.tif,s3://morphology_profiles/filtered_mp/25987-ERSyto/merged_25987-ERSyto_h22.tif,s3://morphology_profiles/filtered_mp/25987-ERSytoBleed/merged_25987-ERSytoBleed_h22.tif,s3://morphology_profiles/filtered_mp/25987-Ph_golgi/merged_25987-Ph_golgi_h22.tif,s3://morphology_profiles/filtered_mp/25987-Mito/merged_25987-Mito_h22.tif
Cc1noc(NS(=O)(=O)c2ccc(N)cc2)c1C,25987,I10,s3://morphology_profiles/filtered_mp/25987-Hoechst/merged_25987-Hoechst_i10.tif,s3://morphology_profiles/filtered_mp/25987-ERSyto/merged_25987-ERSyto_i10.tif,s3://morphology_profiles/filtered_mp/25987-ERSytoBleed/merged_25987-ERSytoBleed_i10.tif,s3://morphology_profiles/filtered_mp/25987-Ph_golgi/merged_25987-Ph_golgi_i10.tif,s3://morphology_profiles/filtered_mp/25987-Mito/merged_25987-Mito_i10.tif
Cc1ncc([N+](=O)[O-])n1CCO,25987,J7,s3://morphology_profiles/filtered_mp/25987-Hoechst/merged_25987-Hoechst_j07.tif,s3://morphology_profiles/filtered_mp/25987-ERSyto/merged_25987-ERSyto_j07.tif,s3://morphology_profiles/filtered_mp/25987-ERSytoBleed/merged_25987-ERSytoBleed_j07.tif,s3://morphology_profiles/filtered_mp/25987-Ph_golgi/merged_25987-Ph_golgi_j07.tif,s3://morphology_profiles/filtered_mp/25987-Mito/merged_25987-Mito_j07.tif
Cc1cc2cc3c(C)cc(=O)oc3c(C)c2o1,25987,L17,s3://morphology_profiles/filtered_mp/25987-Hoechst/merged_25987-Hoechst_l17.tif,s3://morphology_profiles/filtered_mp/25987-ERSyto/merged_25987-ERSyto_l17.tif,s3://morphology_profiles/filtered_mp/25987-ERSytoBleed/merged_25987-ERSytoBleed_l17.tif,s3://morphology_profiles/filtered_mp/25987-Ph_golgi/merged_25987-Ph_golgi_l17.tif,s3://morphology_profiles/filtered_mp/25987-Mito/merged_25987-Mito_l17.tif
CN(C(=O)CN(CCO)CC(=O)N(C)C(C)(C)Cc1ccccc1)C(C)(C)Cc1ccccc1,25987,N7,s3://morphology_profiles/filtered_mp/25987-Hoechst/merged_25987-Hoechst_n07.tif,s3://morphology_profiles/filtered_mp/25987-ERSyto/merged_25987-ERSyto_n07.tif,s3://morphology_profiles/filtered_mp/25987-ERSytoBleed/merged_25987-ERSytoBleed_n07.tif,s3://morphology_profiles/filtered_mp/25987-Ph_golgi/merged_25987-Ph_golgi_n07.tif,s3://morphology_profiles/filtered_mp/25987-Mito/merged_25987-Mito_n07.tif
CC(=O)CCCCn1c(=O)c2c(ncn2C)n(C)c1=O,25987,N19,s3://morphology_profiles/filtered_mp/25987-Hoechst/merged_25987-Hoechst_n19.tif,s3://morphology_profiles/filtered_mp/25987-ERSyto/merged_25987-ERSyto_n19.tif,s3://morphology_profiles/filtered_mp/25987-ERSytoBleed/merged_25987-ERSytoBleed_n19.tif,s3://morphology_profiles/filtered_mp/25987-Ph_golgi/merged_25987-Ph_golgi_n19.tif,s3://morphology_profiles/filtered_mp/25987-Mito/merged_25987-Mito_n19.tif
C1CCc2nnnn2CC1,25987,N21,s3://morphology_profiles/filtered_mp/25987-Hoechst/merged_25987-Hoechst_n21.tif,s3://morphology_profiles/filtered_mp/25987-ERSyto/merged_25987-ERSyto_n21.tif,s3://morphology_profiles/filtered_mp/25987-ERSytoBleed/merged_25987-ERSytoBleed_n21.tif,s3://morphology_profiles/filtered_mp/25987-Ph_golgi/merged_25987-Ph_golgi_n21.tif,s3://morphology_profiles/filtered_mp/25987-Mito/merged_25987-Mito_n21.tif
CC1=C2[C@H]3OC(=O)[C@@H](C)[C@@H]3CC[C@@]2(C)C=CC1=O,25987,O7,s3://morphology_profiles/filtered_mp/25987-Hoechst/merged_25987-Hoechst_o07.tif,s3://morphology_profiles/filtered_mp/25987-ERSyto/merged_25987-ERSyto_o07.tif,s3://morphology_profiles/filtered_mp/25987-ERSytoBleed/merged_25987-ERSytoBleed_o07.tif,s3://morphology_profiles/filtered_mp/25987-Ph_golgi/merged_25987-Ph_golgi_o07.tif,s3://morphology_profiles/filtered_mp/25987-Mito/merged_25987-Mito_o07.tif
COc1ccc2cc([C@H](C)C(=O)O)ccc2c1,25987,O16,s3://morphology_profiles/filtered_mp/25987-Hoechst/merged_25987-Hoechst_o16.tif,s3://morphology_profiles/filtered_mp/25987-ERSyto/merged_25987-ERSyto_o16.tif,s3://morphology_profiles/filtered_mp/25987-ERSytoBleed/merged_25987-ERSytoBleed_o16.tif,s3://morphology_profiles/filtered_mp/25987-Ph_golgi/merged_25987-Ph_golgi_o16.tif,s3://morphology_profiles/filtered_mp/25987-Mito/merged_25987-Mito_o16.tif
Nc1ccc(S(=O)(=O)Nc2ccccn2)cc1,25988,A9,s3://morphology_profiles/filtered_mp/25988-Hoechst/merged_25988-Hoechst_a09.tif,s3://morphology_profiles/filtered_mp/25988-ERSyto/merged_25988-ERSyto_a09.tif,s3://morphology_profiles/filtered_mp/25988-ERSytoBleed/merged_25988-ERSytoBleed_a09.tif,s3://morphology_profiles/filtered_mp/25988-Ph_golgi/merged_25988-Ph_golgi_a09.tif,s3://morphology_profiles/filtered_mp/25988-Mito/merged_25988-Mito_a09.tif
CC(O)=Nc1ccc(O)cc1,25988,A12,s3://morphology_profiles/filtered_mp/25988-Hoechst/merged_25988-Hoechst_a12.tif,s3://morphology_profiles/filtered_mp/25988-ERSyto/merged_25988-ERSyto_a12.tif,s3://morphology_profiles/filtered_mp/25988-ERSytoBleed/merged_25988-ERSytoBleed_a12.tif,s3://morphology_profiles/filtered_mp/25988-Ph_golgi/merged_25988-Ph_golgi_a12.tif,s3://morphology_profiles/filtered_mp/25988-Mito/merged_25988-Mito_a12.tif
CC(O)=Nc1nnc(S(N)(=O)=O)s1,25988,C2,s3://morphology_profiles/filtered_mp/25988-Hoechst/merged_25988-Hoechst_c02.tif,s3://morphology_profiles/filtered_mp/25988-ERSyto/merged_25988-ERSyto_c02.tif,s3://morphology_profiles/filtered_mp/25988-ERSytoBleed/merged_25988-ERSytoBleed_c02.tif,s3://morphology_profiles/filtered_mp/25988-Ph_golgi/merged_25988-Ph_golgi_c02.tif,s3://morphology_profiles/filtered_mp/25988-Mito/merged_25988-Mito_c02.tif
CC/C(=C(/CC)c1ccc(O)cc1)c1ccc(O)cc1,25988,D5,s3://morphology_profiles/filtered_mp/25988-Hoechst/merged_25988-Hoechst_d05.tif,s3://morphology_profiles/filtered_mp/25988-ERSyto/merged_25988-ERSyto_d05.tif,s3://morphology_profiles/filtered_mp/25988-ERSytoBleed/merged_25988-ERSytoBleed_d05.tif,s3://morphology_profiles/filtered_mp/25988-Ph_golgi/merged_25988-Ph_golgi_d05.tif,s3://morphology_profiles/filtered_mp/25988-Mito/merged_25988-Mito_d05.tif
CCN(CC)C(=O)N1CCN(C)CC1,25988,D13,s3://morphology_profiles/filtered_mp/25988-Hoechst/merged_25988-Hoechst_d13.tif,s3://morphology_profiles/filtered_mp/25988-ERSyto/merged_25988-ERSyto_d13.tif,s3://morphology_profiles/filtered_mp/25988-ERSytoBleed/merged_25988-ERSytoBleed_d13.tif,s3://morphology_profiles/filtered_mp/25988-Ph_golgi/merged_25988-Ph_golgi_d13.tif,s3://morphology_profiles/filtered_mp/25988-Mito/merged_25988-Mito_d13.tif
CCOC(=O)O[C@]1(C(=O)COC(=O)CC)CC[C@H]2[C@@H]3CCC4=CC(=O)C=C[C@]4(C)[C@H]3[C@@H](O)C[C@@]21C,25988,D20,s3://morphology_profiles/filtered_mp/25988-Hoechst/merged_25988-Hoechst_d20.tif,s3://morphology_profiles/filtered_mp/25988-ERSyto/merged_25988-ERSyto_d20.tif,s3://morphology_profiles/filtered_mp/25988-ERSytoBleed/merged_25988-ERSytoBleed_d20.tif,s3://morphology_profiles/filtered_mp/25988-Ph_golgi/merged_25988-Ph_golgi_d20.tif,s3://morphology_profiles/filtered_mp/25988-Mito/merged_25988-Mito_d20.tif
CC(C)OC(=O)C(C)(C)Oc1ccc(C(=O)c2ccc(Cl)cc2)cc1,25988,H22,s3://morphology_profiles/filtered_mp/25988-Hoechst/merged_25988-Hoechst_h22.tif,s3://morphology_profiles/filtered_mp/25988-ERSyto/merged_25988-ERSyto_h22.tif,s3://morphology_profiles/filtered_mp/25988-ERSytoBleed/merged_25988-ERSytoBleed_h22.tif,s3://morphology_profiles/filtered_mp/25988-Ph_golgi/merged_25988-Ph_golgi_h22.tif,s3://morphology_profiles/filtered_mp/25988-Mito/merged_25988-Mito_h22.tif
Cc1noc(NS(=O)(=O)c2ccc(N)cc2)c1C,25988,I10,s3://morphology_profiles/filtered_mp/25988-Hoechst/merged_25988-Hoechst_i10.tif,s3://morphology_profiles/filtered_mp/25988-ERSyto/merged_25988-ERSyto_i10.tif,s3://morphology_profiles/filtered_mp/25988-ERSytoBleed/merged_25988-ERSytoBleed_i10.tif,s3://morphology_profiles/filtered_mp/25988-Ph_golgi/merged_25988-Ph_golgi_i10.tif,s3://morphology_profiles/filtered_mp/25988-Mito/merged_25988-Mito_i10.tif
Cc1ncc([N+](=O)[O-])n1CCO,25988,J7,s3://morphology_profiles/filtered_mp/25988-Hoechst/merged_25988-Hoechst_j07.tif,s3://morphology_profiles/filtered_mp/25988-ERSyto/merged_25988-ERSyto_j07.tif,s3://morphology_profiles/filtered_mp/25988-ERSytoBleed/merged_25988-ERSytoBleed_j07.tif,s3://morphology_profiles/filtered_mp/25988-Ph_golgi/merged_25988-Ph_golgi_j07.tif,s3://morphology_profiles/filtered_mp/25988-Mito/merged_25988-Mito_j07.tif
Cc1cc2cc3c(C)cc(=O)oc3c(C)c2o1,25988,L17,s3://morphology_profiles/filtered_mp/25988-Hoechst/merged_25988-Hoechst_l17.tif,s3://morphology_profiles/filtered_mp/25988-ERSyto/merged_25988-ERSyto_l17.tif,s3://morphology_profiles/filtered_mp/25988-ERSytoBleed/merged_25988-ERSytoBleed_l17.tif,s3://morphology_profiles/filtered_mp/25988-Ph_golgi/merged_25988-Ph_golgi_l17.tif,s3://morphology_profiles/filtered_mp/25988-Mito/merged_25988-Mito_l17.tif
CN(C(=O)CN(CCO)CC(=O)N(C)C(C)(C)Cc1ccccc1)C(C)(C)Cc1ccccc1,25988,N7,s3://morphology_profiles/filtered_mp/25988-Hoechst/merged_25988-Hoechst_n07.tif,s3://morphology_profiles/filtered_mp/25988-ERSyto/merged_25988-ERSyto_n07.tif,s3://morphology_profiles/filtered_mp/25988-ERSytoBleed/merged_25988-ERSytoBleed_n07.tif,s3://morphology_profiles/filtered_mp/25988-Ph_golgi/merged_25988-Ph_golgi_n07.tif,s3://morphology_profiles/filtered_mp/25988-Mito/merged_25988-Mito_n07.tif
CC(=O)CCCCn1c(=O)c2c(ncn2C)n(C)c1=O,25988,N19,s3://morphology_profiles/filtered_mp/25988-Hoechst/merged_25988-Hoechst_n19.tif,s3://morphology_profiles/filtered_mp/25988-ERSyto/merged_25988-ERSyto_n19.tif,s3://morphology_profiles/filtered_mp/25988-ERSytoBleed/merged_25988-ERSytoBleed_n19.tif,s3://morphology_profiles/filtered_mp/25988-Ph_golgi/merged_25988-Ph_golgi_n19.tif,s3://morphology_profiles/filtered_mp/25988-Mito/merged_25988-Mito_n19.tif
C1CCc2nnnn2CC1,25988,N21,s3://morphology_profiles/filtered_mp/25988-Hoechst/merged_25988-Hoechst_n21.tif,s3://morphology_profiles/filtered_mp/25988-ERSyto/merged_25988-ERSyto_n21.tif,s3://morphology_profiles/filtered_mp/25988-ERSytoBleed/merged_25988-ERSytoBleed_n21.tif,s3://morphology_profiles/filtered_mp/25988-Ph_golgi/merged_25988-Ph_golgi_n21.tif,s3://morphology_profiles/filtered_mp/25988-Mito/merged_25988-Mito_n21.tif
CC1=C2[C@H]3OC(=O)[C@@H](C)[C@@H]3CC[C@@]2(C)C=CC1=O,25988,O7,s3://morphology_profiles/filtered_mp/25988-Hoechst/merged_25988-Hoechst_o07.tif,s3://morphology_profiles/filtered_mp/25988-ERSyto/merged_25988-ERSyto_o07.tif,s3://morphology_profiles/filtered_mp/25988-ERSytoBleed/merged_25988-ERSytoBleed_o07.tif,s3://morphology_profiles/filtered_mp/25988-Ph_golgi/merged_25988-Ph_golgi_o07.tif,s3://morphology_profiles/filtered_mp/25988-Mito/merged_25988-Mito_o07.tif
COc1ccc2cc([C@H](C)C(=O)O)ccc2c1,25988,O16,s3://morphology_profiles/filtered_mp/25988-Hoechst/merged_25988-Hoechst_o16.tif,s3://morphology_profiles/filtered_mp/25988-ERSyto/merged_25988-ERSyto_o16.tif,s3://morphology_profiles/filtered_mp/25988-ERSytoBleed/merged_25988-ERSytoBleed_o16.tif,s3://morphology_profiles/filtered_mp/25988-Ph_golgi/merged_25988-Ph_golgi_o16.tif,s3://morphology_profiles/filtered_mp/25988-Mito/merged_25988-Mito_o16.tif
Oc1ccc(Cl)cc1Cc1cc(Cl)ccc1O,25989,C14,s3://morphology_profiles/filtered_mp/25989-Hoechst/merged_25989-Hoechst_c14.tif,s3://morphology_profiles/filtered_mp/25989-ERSyto/merged_25989-ERSyto_c14.tif,s3://morphology_profiles/filtered_mp/25989-ERSytoBleed/merged_25989-ERSytoBleed_c14.tif,s3://morphology_profiles/filtered_mp/25989-Ph_golgi/merged_25989-Ph_golgi_c14.tif,s3://morphology_profiles/filtered_mp/25989-Mito/merged_25989-Mito_c14.tif
Nc1ccc(S(=O)(=O)c2ccc(N)cc2)cc1,25989,C18,s3://morphology_profiles/filtered_mp/25989-Hoechst/merged_25989-Hoechst_c18.tif,s3://morphology_profiles/filtered_mp/25989-ERSyto/merged_25989-ERSyto_c18.tif,s3://morphology_profiles/filtered_mp/25989-ERSytoBleed/merged_25989-ERSytoBleed_c18.tif,s3://morphology_profiles/filtered_mp/25989-Ph_golgi/merged_25989-Ph_golgi_c18.tif,s3://morphology_profiles/filtered_mp/25989-Mito/merged_25989-Mito_c18.tif
C=C(CC)C(=O)c1ccc(OCC(=O)O)c(Cl)c1Cl,25989,D18,s3://morphology_profiles/filtered_mp/25989-Hoechst/merged_25989-Hoechst_d18.tif,s3://morphology_profiles/filtered_mp/25989-ERSyto/merged_25989-ERSyto_d18.tif,s3://morphology_profiles/filtered_mp/25989-ERSytoBleed/merged_25989-ERSytoBleed_d18.tif,s3://morphology_profiles/filtered_mp/25989-Ph_golgi/merged_25989-Ph_golgi_d18.tif,s3://morphology_profiles/filtered_mp/25989-Mito/merged_25989-Mito_d18.tif
Cc1nc(O)c(C#N)cc1-c1ccncc1,25989,G18,s3://morphology_profiles/filtered_mp/25989-Hoechst/merged_25989-Hoechst_g18.tif,s3://morphology_profiles/filtered_mp/25989-ERSyto/merged_25989-ERSyto_g18.tif,s3://morphology_profiles/filtered_mp/25989-ERSytoBleed/merged_25989-ERSytoBleed_g18.tif,s3://morphology_profiles/filtered_mp/25989-Ph_golgi/merged_25989-Ph_golgi_g18.tif,s3://morphology_profiles/filtered_mp/25989-Mito/merged_25989-Mito_g18.tif
Brc1c(NC2=NCCN2)ccc2nccnc12,25989,I2,s3://morphology_profiles/filtered_mp/25989-Hoechst/merged_25989-Hoechst_i02.tif,s3://morphology_profiles/filtered_mp/25989-ERSyto/merged_25989-ERSyto_i02.tif,s3://morphology_profiles/filtered_mp/25989-ERSytoBleed/merged_25989-ERSytoBleed_i02.tif,s3://morphology_profiles/filtered_mp/25989-Ph_golgi/merged_25989-Ph_golgi_i02.tif,s3://morphology_profiles/filtered_mp/25989-Mito/merged_25989-Mito_i02.tif
CC(=O)N=c1sc(S(N)(=O)=O)nn1C,25989,J19,s3://morphology_profiles/filtered_mp/25989-Hoechst/merged_25989-Hoechst_j19.tif,s3://morphology_profiles/filtered_mp/25989-ERSyto/merged_25989-ERSyto_j19.tif,s3://morphology_profiles/filtered_mp/25989-ERSytoBleed/merged_25989-ERSytoBleed_j19.tif,s3://morphology_profiles/filtered_mp/25989-Ph_golgi/merged_25989-Ph_golgi_j19.tif,s3://morphology_profiles/filtered_mp/25989-Mito/merged_25989-Mito_j19.tif
N=C(O)N1c2ccccc2C=Cc2ccccc21,25989,K14,s3://morphology_profiles/filtered_mp/25989-Hoechst/merged_25989-Hoechst_k14.tif,s3://morphology_profiles/filtered_mp/25989-ERSyto/merged_25989-ERSyto_k14.tif,s3://morphology_profiles/filtered_mp/25989-ERSytoBleed/merged_25989-ERSytoBleed_k14.tif,s3://morphology_profiles/filtered_mp/25989-Ph_golgi/merged_25989-Ph_golgi_k14.tif,s3://morphology_profiles/filtered_mp/25989-Mito/merged_25989-Mito_k14.tif
Cc1cn([C@H]2C[C@H](N=[N+]=[N-])[C@@H](CO)O2)c(=O)nc1O,25989,L10,s3://morphology_profiles/filtered_mp/25989-Hoechst/merged_25989-Hoechst_l10.tif,s3://morphology_profiles/filtered_mp/25989-ERSyto/merged_25989-ERSyto_l10.tif,s3://morphology_profiles/filtered_mp/25989-ERSytoBleed/merged_25989-ERSytoBleed_l10.tif,s3://morphology_profiles/filtered_mp/25989-Ph_golgi/merged_25989-Ph_golgi_l10.tif,s3://morphology_profiles/filtered_mp/25989-Mito/merged_25989-Mito_l10.tif
CCn1cc(C(=O)O)c(=O)c2cc3c(cc21)OCO3,25989,M3,s3://morphology_profiles/filtered_mp/25989-Hoechst/merged_25989-Hoechst_m03.tif,s3://morphology_profiles/filtered_mp/25989-ERSyto/merged_25989-ERSyto_m03.tif,s3://morphology_profiles/filtered_mp/25989-ERSytoBleed/merged_25989-ERSytoBleed_m03.tif,s3://morphology_profiles/filtered_mp/25989-Ph_golgi/merged_25989-Ph_golgi_m03.tif,s3://morphology_profiles/filtered_mp/25989-Mito/merged_25989-Mito_m03.tif
O=c1nc(O)c(I)cn1[C@H]1C[C@H](O)[C@@H](CO)O1,25989,O10,s3://morphology_profiles/filtered_mp/25989-Hoechst/merged_25989-Hoechst_o10.tif,s3://morphology_profiles/filtered_mp/25989-ERSyto/merged_25989-ERSyto_o10.tif,s3://morphology_profiles/filtered_mp/25989-ERSytoBleed/merged_25989-ERSytoBleed_o10.tif,s3://morphology_profiles/filtered_mp/25989-Ph_golgi/merged_25989-Ph_golgi_o10.tif,s3://morphology_profiles/filtered_mp/25989-Mito/merged_25989-Mito_o10.tif
c1ccc2[nH]c(-c3cscn3)nc2c1,25989,P9,s3://morphology_profiles/filtered_mp/25989-Hoechst/merged_25989-Hoechst_p09.tif,s3://morphology_profiles/filtered_mp/25989-ERSyto/merged_25989-ERSyto_p09.tif,s3://morphology_profiles/filtered_mp/25989-ERSytoBleed/merged_25989-ERSytoBleed_p09.tif,s3://morphology_profiles/filtered_mp/25989-Ph_golgi/merged_25989-Ph_golgi_p09.tif,s3://morphology_profiles/filtered_mp/25989-Mito/merged_25989-Mito_p09.tif
NS(=O)(=O)c1cc(C(=O)O)c(NCc2ccco2)cc1Cl,25989,P18,s3://morphology_profiles/filtered_mp/25989-Hoechst/merged_25989-Hoechst_p18.tif,s3://morphology_profiles/filtered_mp/25989-ERSyto/merged_25989-ERSyto_p18.tif,s3://morphology_profiles/filtered_mp/25989-ERSytoBleed/merged_25989-ERSytoBleed_p18.tif,s3://morphology_profiles/filtered_mp/25989-Ph_golgi/merged_25989-Ph_golgi_p18.tif,s3://morphology_profiles/filtered_mp/25989-Mito/merged_25989-Mito_p18.tif
CCn1cc(C(=O)O)c(=O)c2cc(F)c(N3CCNCC3)nc21,25989,P21,s3://morphology_profiles/filtered_mp/25989-Hoechst/merged_25989-Hoechst_p21.tif,s3://morphology_profiles/filtered_mp/25989-ERSyto/merged_25989-ERSyto_p21.tif,s3://morphology_profiles/filtered_mp/25989-ERSytoBleed/merged_25989-ERSytoBleed_p21.tif,s3://morphology_profiles/filtered_mp/25989-Ph_golgi/merged_25989-Ph_golgi_p21.tif,s3://morphology_profiles/filtered_mp/25989-Mito/merged_25989-Mito_p21.tif
Oc1ccc(Cl)cc1Cc1cc(Cl)ccc1O,25990,C14,s3://morphology_profiles/filtered_mp/25990-Hoechst/merged_25990-Hoechst_c14.tif,s3://morphology_profiles/filtered_mp/25990-ERSyto/merged_25990-ERSyto_c14.tif,s3://morphology_profiles/filtered_mp/25990-ERSytoBleed/merged_25990-ERSytoBleed_c14.tif,s3://morphology_profiles/filtered_mp/25990-Ph_golgi/merged_25990-Ph_golgi_c14.tif,s3://morphology_profiles/filtered_mp/25990-Mito/merged_25990-Mito_c14.tif
Nc1ccc(S(=O)(=O)c2ccc(N)cc2)cc1,25990,C18,s3://morphology_profiles/filtered_mp/25990-Hoechst/merged_25990-Hoechst_c18.tif,s3://morphology_profiles/filtered_mp/25990-ERSyto/merged_25990-ERSyto_c18.tif,s3://morphology_profiles/filtered_mp/25990-ERSytoBleed/merged_25990-ERSytoBleed_c18.tif,s3://morphology_profiles/filtered_mp/25990-Ph_golgi/merged_25990-Ph_golgi_c18.tif,s3://morphology_profiles/filtered_mp/25990-Mito/merged_25990-Mito_c18.tif
C=C(CC)C(=O)c1ccc(OCC(=O)O)c(Cl)c1Cl,25990,D18,s3://morphology_profiles/filtered_mp/25990-Hoechst/merged_25990-Hoechst_d18.tif,s3://morphology_profiles/filtered_mp/25990-ERSyto/merged_25990-ERSyto_d18.tif,s3://morphology_profiles/filtered_mp/25990-ERSytoBleed/merged_25990-ERSytoBleed_d18.tif,s3://morphology_profiles/filtered_mp/25990-Ph_golgi/merged_25990-Ph_golgi_d18.tif,s3://morphology_profiles/filtered_mp/25990-Mito/merged_25990-Mito_d18.tif
Cc1nc(O)c(C#N)cc1-c1ccncc1,25990,G18,s3://morphology_profiles/filtered_mp/25990-Hoechst/merged_25990-Hoechst_g18.tif,s3://morphology_profiles/filtered_mp/25990-ERSyto/merged_25990-ERSyto_g18.tif,s3://morphology_profiles/filtered_mp/25990-ERSytoBleed/merged_25990-ERSytoBleed_g18.tif,s3://morphology_profiles/filtered_mp/25990-Ph_golgi/merged_25990-Ph_golgi_g18.tif,s3://morphology_profiles/filtered_mp/25990-Mito/merged_25990-Mito_g18.tif
Brc1c(NC2=NCCN2)ccc2nccnc12,25990,I2,s3://morphology_profiles/filtered_mp/25990-Hoechst/merged_25990-Hoechst_i02.tif,s3://morphology_profiles/filtered_mp/25990-ERSyto/merged_25990-ERSyto_i02.tif,s3://morphology_profiles/filtered_mp/25990-ERSytoBleed/merged_25990-ERSytoBleed_i02.tif,s3://morphology_profiles/filtered_mp/25990-Ph_golgi/merged_25990-Ph_golgi_i02.tif,s3://morphology_profiles/filtered_mp/25990-Mito/merged_25990-Mito_i02.tif
CC(=O)N=c1sc(S(N)(=O)=O)nn1C,25990,J19,s3://morphology_profiles/filtered_mp/25990-Hoechst/merged_25990-Hoechst_j19.tif,s3://morphology_profiles/filtered_mp/25990-ERSyto/merged_25990-ERSyto_j19.tif,s3://morphology_profiles/filtered_mp/25990-ERSytoBleed/merged_25990-ERSytoBleed_j19.tif,s3://morphology_profiles/filtered_mp/25990-Ph_golgi/merged_25990-Ph_golgi_j19.tif,s3://morphology_profiles/filtered_mp/25990-Mito/merged_25990-Mito_j19.tif
N=C(O)N1c2ccccc2C=Cc2ccccc21,25990,K14,s3://morphology_profiles/filtered_mp/25990-Hoechst/merged_25990-Hoechst_k14.tif,s3://morphology_profiles/filtered_mp/25990-ERSyto/merged_25990-ERSyto_k14.tif,s3://morphology_profiles/filtered_mp/25990-ERSytoBleed/merged_25990-ERSytoBleed_k14.tif,s3://morphology_profiles/filtered_mp/25990-Ph_golgi/merged_25990-Ph_golgi_k14.tif,s3://morphology_profiles/filtered_mp/25990-Mito/merged_25990-Mito_k14.tif
Cc1cn([C@H]2C[C@H](N=[N+]=[N-])[C@@H](CO)O2)c(=O)nc1O,25990,L10,s3://morphology_profiles/filtered_mp/25990-Hoechst/merged_25990-Hoechst_l10.tif,s3://morphology_profiles/filtered_mp/25990-ERSyto/merged_25990-ERSyto_l10.tif,s3://morphology_profiles/filtered_mp/25990-ERSytoBleed/merged_25990-ERSytoBleed_l10.tif,s3://morphology_profiles/filtered_mp/25990-Ph_golgi/merged_25990-Ph_golgi_l10.tif,s3://morphology_profiles/filtered_mp/25990-Mito/merged_25990-Mito_l10.tif
CCn1cc(C(=O)O)c(=O)c2cc3c(cc21)OCO3,25990,M3,s3://morphology_profiles/filtered_mp/25990-Hoechst/merged_25990-Hoechst_m03.tif,s3://morphology_profiles/filtered_mp/25990-ERSyto/merged_25990-ERSyto_m03.tif,s3://morphology_profiles/filtered_mp/25990-ERSytoBleed/merged_25990-ERSytoBleed_m03.tif,s3://morphology_profiles/filtered_mp/25990-Ph_golgi/merged_25990-Ph_golgi_m03.tif,s3://morphology_profiles/filtered_mp/25990-Mito/merged_25990-Mito_m03.tif
O=c1nc(O)c(I)cn1[C@H]1C[C@H](O)[C@@H](CO)O1,25990,O10,s3://morphology_profiles/filtered_mp/25990-Hoechst/merged_25990-Hoechst_o10.tif,s3://morphology_profiles/filtered_mp/25990-ERSyto/merged_25990-ERSyto_o10.tif,s3://morphology_profiles/filtered_mp/25990-ERSytoBleed/merged_25990-ERSytoBleed_o10.tif,s3://morphology_profiles/filtered_mp/25990-Ph_golgi/merged_25990-Ph_golgi_o10.tif,s3://morphology_profiles/filtered_mp/25990-Mito/merged_25990-Mito_o10.tif
c1ccc2[nH]c(-c3cscn3)nc2c1,25990,P9,s3://morphology_profiles/filtered_mp/25990-Hoechst/merged_25990-Hoechst_p09.tif,s3://morphology_profiles/filtered_mp/25990-ERSyto/merged_25990-ERSyto_p09.tif,s3://morphology_profiles/filtered_mp/25990-ERSytoBleed/merged_25990-ERSytoBleed_p09.tif,s3://morphology_profiles/filtered_mp/25990-Ph_golgi/merged_25990-Ph_golgi_p09.tif,s3://morphology_profiles/filtered_mp/25990-Mito/merged_25990-Mito_p09.tif
NS(=O)(=O)c1cc(C(=O)O)c(NCc2ccco2)cc1Cl,25990,P18,s3://morphology_profiles/filtered_mp/25990-Hoechst/merged_25990-Hoechst_p18.tif,s3://morphology_profiles/filtered_mp/25990-ERSyto/merged_25990-ERSyto_p18.tif,s3://morphology_profiles/filtered_mp/25990-ERSytoBleed/merged_25990-ERSytoBleed_p18.tif,s3://morphology_profiles/filtered_mp/25990-Ph_golgi/merged_25990-Ph_golgi_p18.tif,s3://morphology_profiles/filtered_mp/25990-Mito/merged_25990-Mito_p18.tif
CCn1cc(C(=O)O)c(=O)c2cc(F)c(N3CCNCC3)nc21,25990,P21,s3://morphology_profiles/filtered_mp/25990-Hoechst/merged_25990-Hoechst_p21.tif,s3://morphology_profiles/filtered_mp/25990-ERSyto/merged_25990-ERSyto_p21.tif,s3://morphology_profiles/filtered_mp/25990-ERSytoBleed/merged_25990-ERSytoBleed_p21.tif,s3://morphology_profiles/filtered_mp/25990-Ph_golgi/merged_25990-Ph_golgi_p21.tif,s3://morphology_profiles/filtered_mp/25990-Mito/merged_25990-Mito_p21.tif
Oc1ccc(Cl)cc1Cc1cc(Cl)ccc1O,25991,C14,s3://morphology_profiles/filtered_mp/25991-Hoechst/merged_25991-Hoechst_c14.tif,s3://morphology_profiles/filtered_mp/25991-ERSyto/merged_25991-ERSyto_c14.tif,s3://morphology_profiles/filtered_mp/25991-ERSytoBleed/merged_25991-ERSytoBleed_c14.tif,s3://morphology_profiles/filtered_mp/25991-Ph_golgi/merged_25991-Ph_golgi_c14.tif,s3://morphology_profiles/filtered_mp/25991-Mito/merged_25991-Mito_c14.tif
Nc1ccc(S(=O)(=O)c2ccc(N)cc2)cc1,25991,C18,s3://morphology_profiles/filtered_mp/25991-Hoechst/merged_25991-Hoechst_c18.tif,s3://morphology_profiles/filtered_mp/25991-ERSyto/merged_25991-ERSyto_c18.tif,s3://morphology_profiles/filtered_mp/25991-ERSytoBleed/merged_25991-ERSytoBleed_c18.tif,s3://morphology_profiles/filtered_mp/25991-Ph_golgi/merged_25991-Ph_golgi_c18.tif,s3://morphology_profiles/filtered_mp/25991-Mito/merged_25991-Mito_c18.tif
C=C(CC)C(=O)c1ccc(OCC(=O)O)c(Cl)c1Cl,25991,D18,s3://morphology_profiles/filtered_mp/25991-Hoechst/merged_25991-Hoechst_d18.tif,s3://morphology_profiles/filtered_mp/25991-ERSyto/merged_25991-ERSyto_d18.tif,s3://morphology_profiles/filtered_mp/25991-ERSytoBleed/merged_25991-ERSytoBleed_d18.tif,s3://morphology_profiles/filtered_mp/25991-Ph_golgi/merged_25991-Ph_golgi_d18.tif,s3://morphology_profiles/filtered_mp/25991-Mito/merged_25991-Mito_d18.tif
Cc1nc(O)c(C#N)cc1-c1ccncc1,25991,G18,s3://morphology_profiles/filtered_mp/25991-Hoechst/merged_25991-Hoechst_g18.tif,s3://morphology_profiles/filtered_mp/25991-ERSyto/merged_25991-ERSyto_g18.tif,s3://morphology_profiles/filtered_mp/25991-ERSytoBleed/merged_25991-ERSytoBleed_g18.tif,s3://morphology_profiles/filtered_mp/25991-Ph_golgi/merged_25991-Ph_golgi_g18.tif,s3://morphology_profiles/filtered_mp/25991-Mito/merged_25991-Mito_g18.tif
Brc1c(NC2=NCCN2)ccc2nccnc12,25991,I2,s3://morphology_profiles/filtered_mp/25991-Hoechst/merged_25991-Hoechst_i02.tif,s3://morphology_profiles/filtered_mp/25991-ERSyto/merged_25991-ERSyto_i02.tif,s3://morphology_profiles/filtered_mp/25991-ERSytoBleed/merged_25991-ERSytoBleed_i02.tif,s3://morphology_profiles/filtered_mp/25991-Ph_golgi/merged_25991-Ph_golgi_i02.tif,s3://morphology_profiles/filtered_mp/25991-Mito/merged_25991-Mito_i02.tif
CC(=O)N=c1sc(S(N)(=O)=O)nn1C,25991,J19,s3://morphology_profiles/filtered_mp/25991-Hoechst/merged_25991-Hoechst_j19.tif,s3://morphology_profiles/filtered_mp/25991-ERSyto/merged_25991-ERSyto_j19.tif,s3://morphology_profiles/filtered_mp/25991-ERSytoBleed/merged_25991-ERSytoBleed_j19.tif,s3://morphology_profiles/filtered_mp/25991-Ph_golgi/merged_25991-Ph_golgi_j19.tif,s3://morphology_profiles/filtered_mp/25991-Mito/merged_25991-Mito_j19.tif
N=C(O)N1c2ccccc2C=Cc2ccccc21,25991,K14,s3://morphology_profiles/filtered_mp/25991-Hoechst/merged_25991-Hoechst_k14.tif,s3://morphology_profiles/filtered_mp/25991-ERSyto/merged_25991-ERSyto_k14.tif,s3://morphology_profiles/filtered_mp/25991-ERSytoBleed/merged_25991-ERSytoBleed_k14.tif,s3://morphology_profiles/filtered_mp/25991-Ph_golgi/merged_25991-Ph_golgi_k14.tif,s3://morphology_profiles/filtered_mp/25991-Mito/merged_25991-Mito_k14.tif
Cc1cn([C@H]2C[C@H](N=[N+]=[N-])[C@@H](CO)O2)c(=O)nc1O,25991,L10,s3://morphology_profiles/filtered_mp/25991-Hoechst/merged_25991-Hoechst_l10.tif,s3://morphology_profiles/filtered_mp/25991-ERSyto/merged_25991-ERSyto_l10.tif,s3://morphology_profiles/filtered_mp/25991-ERSytoBleed/merged_25991-ERSytoBleed_l10.tif,s3://morphology_profiles/filtered_mp/25991-Ph_golgi/merged_25991-Ph_golgi_l10.tif,s3://morphology_profiles/filtered_mp/25991-Mito/merged_25991-Mito_l10.tif
CCn1cc(C(=O)O)c(=O)c2cc3c(cc21)OCO3,25991,M3,s3://morphology_profiles/filtered_mp/25991-Hoechst/merged_25991-Hoechst_m03.tif,s3://morphology_profiles/filtered_mp/25991-ERSyto/merged_25991-ERSyto_m03.tif,s3://morphology_profiles/filtered_mp/25991-ERSytoBleed/merged_25991-ERSytoBleed_m03.tif,s3://morphology_profiles/filtered_mp/25991-Ph_golgi/merged_25991-Ph_golgi_m03.tif,s3://morphology_profiles/filtered_mp/25991-Mito/merged_25991-Mito_m03.tif
O=c1nc(O)c(I)cn1[C@H]1C[C@H](O)[C@@H](CO)O1,25991,O10,s3://morphology_profiles/filtered_mp/25991-Hoechst/merged_25991-Hoechst_o10.tif,s3://morphology_profiles/filtered_mp/25991-ERSyto/merged_25991-ERSyto_o10.tif,s3://morphology_profiles/filtered_mp/25991-ERSytoBleed/merged_25991-ERSytoBleed_o10.tif,s3://morphology_profiles/filtered_mp/25991-Ph_golgi/merged_25991-Ph_golgi_o10.tif,s3://morphology_profiles/filtered_mp/25991-Mito/merged_25991-Mito_o10.tif
c1ccc2[nH]c(-c3cscn3)nc2c1,25991,P9,s3://morphology_profiles/filtered_mp/25991-Hoechst/merged_25991-Hoechst_p09.tif,s3://morphology_profiles/filtered_mp/25991-ERSyto/merged_25991-ERSyto_p09.tif,s3://morphology_profiles/filtered_mp/25991-ERSytoBleed/merged_25991-ERSytoBleed_p09.tif,s3://morphology_profiles/filtered_mp/25991-Ph_golgi/merged_25991-Ph_golgi_p09.tif,s3://morphology_profiles/filtered_mp/25991-Mito/merged_25991-Mito_p09.tif
NS(=O)(=O)c1cc(C(=O)O)c(NCc2ccco2)cc1Cl,25991,P18,s3://morphology_profiles/filtered_mp/25991-Hoechst/merged_25991-Hoechst_p18.tif,s3://morphology_profiles/filtered_mp/25991-ERSyto/merged_25991-ERSyto_p18.tif,s3://morphology_profiles/filtered_mp/25991-ERSytoBleed/merged_25991-ERSytoBleed_p18.tif,s3://morphology_profiles/filtered_mp/25991-Ph_golgi/merged_25991-Ph_golgi_p18.tif,s3://morphology_profiles/filtered_mp/25991-Mito/merged_25991-Mito_p18.tif
CCn1cc(C(=O)O)c(=O)c2cc(F)c(N3CCNCC3)nc21,25991,P21,s3://morphology_profiles/filtered_mp/25991-Hoechst/merged_25991-Hoechst_p21.tif,s3://morphology_profiles/filtered_mp/25991-ERSyto/merged_25991-ERSyto_p21.tif,s3://morphology_profiles/filtered_mp/25991-ERSytoBleed/merged_25991-ERSytoBleed_p21.tif,s3://morphology_profiles/filtered_mp/25991-Ph_golgi/merged_25991-Ph_golgi_p21.tif,s3://morphology_profiles/filtered_mp/25991-Mito/merged_25991-Mito_p21.tif
Oc1ccc(Cl)cc1Cc1cc(Cl)ccc1O,25992,C14,s3://morphology_profiles/filtered_mp/25992-Hoechst/merged_25992-Hoechst_c14.tif,s3://morphology_profiles/filtered_mp/25992-ERSyto/merged_25992-ERSyto_c14.tif,s3://morphology_profiles/filtered_mp/25992-ERSytoBleed/merged_25992-ERSytoBleed_c14.tif,s3://morphology_profiles/filtered_mp/25992-Ph_golgi/merged_25992-Ph_golgi_c14.tif,s3://morphology_profiles/filtered_mp/25992-Mito/merged_25992-Mito_c14.tif
Nc1ccc(S(=O)(=O)c2ccc(N)cc2)cc1,25992,C18,s3://morphology_profiles/filtered_mp/25992-Hoechst/merged_25992-Hoechst_c18.tif,s3://morphology_profiles/filtered_mp/25992-ERSyto/merged_25992-ERSyto_c18.tif,s3://morphology_profiles/filtered_mp/25992-ERSytoBleed/merged_25992-ERSytoBleed_c18.tif,s3://morphology_profiles/filtered_mp/25992-Ph_golgi/merged_25992-Ph_golgi_c18.tif,s3://morphology_profiles/filtered_mp/25992-Mito/merged_25992-Mito_c18.tif
C=C(CC)C(=O)c1ccc(OCC(=O)O)c(Cl)c1Cl,25992,D18,s3://morphology_profiles/filtered_mp/25992-Hoechst/merged_25992-Hoechst_d18.tif,s3://morphology_profiles/filtered_mp/25992-ERSyto/merged_25992-ERSyto_d18.tif,s3://morphology_profiles/filtered_mp/25992-ERSytoBleed/merged_25992-ERSytoBleed_d18.tif,s3://morphology_profiles/filtered_mp/25992-Ph_golgi/merged_25992-Ph_golgi_d18.tif,s3://morphology_profiles/filtered_mp/25992-Mito/merged_25992-Mito_d18.tif
Cc1nc(O)c(C#N)cc1-c1ccncc1,25992,G18,s3://morphology_profiles/filtered_mp/25992-Hoechst/merged_25992-Hoechst_g18.tif,s3://morphology_profiles/filtered_mp/25992-ERSyto/merged_25992-ERSyto_g18.tif,s3://morphology_profiles/filtered_mp/25992-ERSytoBleed/merged_25992-ERSytoBleed_g18.tif,s3://morphology_profiles/filtered_mp/25992-Ph_golgi/merged_25992-Ph_golgi_g18.tif,s3://morphology_profiles/filtered_mp/25992-Mito/merged_25992-Mito_g18.tif
Brc1c(NC2=NCCN2)ccc2nccnc12,25992,I2,s3://morphology_profiles/filtered_mp/25992-Hoechst/merged_25992-Hoechst_i02.tif,s3://morphology_profiles/filtered_mp/25992-ERSyto/merged_25992-ERSyto_i02.tif,s3://morphology_profiles/filtered_mp/25992-ERSytoBleed/merged_25992-ERSytoBleed_i02.tif,s3://morphology_profiles/filtered_mp/25992-Ph_golgi/merged_25992-Ph_golgi_i02.tif,s3://morphology_profiles/filtered_mp/25992-Mito/merged_25992-Mito_i02.tif
CC(=O)N=c1sc(S(N)(=O)=O)nn1C,25992,J19,s3://morphology_profiles/filtered_mp/25992-Hoechst/merged_25992-Hoechst_j19.tif,s3://morphology_profiles/filtered_mp/25992-ERSyto/merged_25992-ERSyto_j19.tif,s3://morphology_profiles/filtered_mp/25992-ERSytoBleed/merged_25992-ERSytoBleed_j19.tif,s3://morphology_profiles/filtered_mp/25992-Ph_golgi/merged_25992-Ph_golgi_j19.tif,s3://morphology_profiles/filtered_mp/25992-Mito/merged_25992-Mito_j19.tif
N=C(O)N1c2ccccc2C=Cc2ccccc21,25992,K14,s3://morphology_profiles/filtered_mp/25992-Hoechst/merged_25992-Hoechst_k14.tif,s3://morphology_profiles/filtered_mp/25992-ERSyto/merged_25992-ERSyto_k14.tif,s3://morphology_profiles/filtered_mp/25992-ERSytoBleed/merged_25992-ERSytoBleed_k14.tif,s3://morphology_profiles/filtered_mp/25992-Ph_golgi/merged_25992-Ph_golgi_k14.tif,s3://morphology_profiles/filtered_mp/25992-Mito/merged_25992-Mito_k14.tif
Cc1cn([C@H]2C[C@H](N=[N+]=[N-])[C@@H](CO)O2)c(=O)nc1O,25992,L10,s3://morphology_profiles/filtered_mp/25992-Hoechst/merged_25992-Hoechst_l10.tif,s3://morphology_profiles/filtered_mp/25992-ERSyto/merged_25992-ERSyto_l10.tif,s3://morphology_profiles/filtered_mp/25992-ERSytoBleed/merged_25992-ERSytoBleed_l10.tif,s3://morphology_profiles/filtered_mp/25992-Ph_golgi/merged_25992-Ph_golgi_l10.tif,s3://morphology_profiles/filtered_mp/25992-Mito/merged_25992-Mito_l10.tif
CCn1cc(C(=O)O)c(=O)c2cc3c(cc21)OCO3,25992,M3,s3://morphology_profiles/filtered_mp/25992-Hoechst/merged_25992-Hoechst_m03.tif,s3://morphology_profiles/filtered_mp/25992-ERSyto/merged_25992-ERSyto_m03.tif,s3://morphology_profiles/filtered_mp/25992-ERSytoBleed/merged_25992-ERSytoBleed_m03.tif,s3://morphology_profiles/filtered_mp/25992-Ph_golgi/merged_25992-Ph_golgi_m03.tif,s3://morphology_profiles/filtered_mp/25992-Mito/merged_25992-Mito_m03.tif
O=c1nc(O)c(I)cn1[C@H]1C[C@H](O)[C@@H](CO)O1,25992,O10,s3://morphology_profiles/filtered_mp/25992-Hoechst/merged_25992-Hoechst_o10.tif,s3://morphology_profiles/filtered_mp/25992-ERSyto/merged_25992-ERSyto_o10.tif,s3://morphology_profiles/filtered_mp/25992-ERSytoBleed/merged_25992-ERSytoBleed_o10.tif,s3://morphology_profiles/filtered_mp/25992-Ph_golgi/merged_25992-Ph_golgi_o10.tif,s3://morphology_profiles/filtered_mp/25992-Mito/merged_25992-Mito_o10.tif
c1ccc2[nH]c(-c3cscn3)nc2c1,25992,P9,s3://morphology_profiles/filtered_mp/25992-Hoechst/merged_25992-Hoechst_p09.tif,s3://morphology_profiles/filtered_mp/25992-ERSyto/merged_25992-ERSyto_p09.tif,s3://morphology_profiles/filtered_mp/25992-ERSytoBleed/merged_25992-ERSytoBleed_p09.tif,s3://morphology_profiles/filtered_mp/25992-Ph_golgi/merged_25992-Ph_golgi_p09.tif,s3://morphology_profiles/filtered_mp/25992-Mito/merged_25992-Mito_p09.tif
NS(=O)(=O)c1cc(C(=O)O)c(NCc2ccco2)cc1Cl,25992,P18,s3://morphology_profiles/filtered_mp/25992-Hoechst/merged_25992-Hoechst_p18.tif,s3://morphology_profiles/filtered_mp/25992-ERSyto/merged_25992-ERSyto_p18.tif,s3://morphology_profiles/filtered_mp/25992-ERSytoBleed/merged_25992-ERSytoBleed_p18.tif,s3://morphology_profiles/filtered_mp/25992-Ph_golgi/merged_25992-Ph_golgi_p18.tif,s3://morphology_profiles/filtered_mp/25992-Mito/merged_25992-Mito_p18.tif
CCn1cc(C(=O)O)c(=O)c2cc(F)c(N3CCNCC3)nc21,25992,P21,s3://morphology_profiles/filtered_mp/25992-Hoechst/merged_25992-Hoechst_p21.tif,s3://morphology_profiles/filtered_mp/25992-ERSyto/merged_25992-ERSyto_p21.tif,s3://morphology_profiles/filtered_mp/25992-ERSytoBleed/merged_25992-ERSytoBleed_p21.tif,s3://morphology_profiles/filtered_mp/25992-Ph_golgi/merged_25992-Ph_golgi_p21.tif,s3://morphology_profiles/filtered_mp/25992-Mito/merged_25992-Mito_p21.tif
COc1c2occc2c(OC)c2c(=O)cc(C)oc12,26224,B15,s3://morphology_profiles/filtered_mp/26224-Hoechst/merged_26224-Hoechst_b15.tif,s3://morphology_profiles/filtered_mp/26224-ERSyto/merged_26224-ERSyto_b15.tif,s3://morphology_profiles/filtered_mp/26224-ERSytoBleed/merged_26224-ERSytoBleed_b15.tif,s3://morphology_profiles/filtered_mp/26224-Ph_golgi/merged_26224-Ph_golgi_b15.tif,s3://morphology_profiles/filtered_mp/26224-Mito/merged_26224-Mito_b15.tif
C[C@]12CC[C@@H]3c4ccc(O)cc4CC[C@H]3[C@@H]1CCC2=O,26224,C20,s3://morphology_profiles/filtered_mp/26224-Hoechst/merged_26224-Hoechst_c20.tif,s3://morphology_profiles/filtered_mp/26224-ERSyto/merged_26224-ERSyto_c20.tif,s3://morphology_profiles/filtered_mp/26224-ERSytoBleed/merged_26224-ERSytoBleed_c20.tif,s3://morphology_profiles/filtered_mp/26224-Ph_golgi/merged_26224-Ph_golgi_c20.tif,s3://morphology_profiles/filtered_mp/26224-Mito/merged_26224-Mito_c20.tif
CC(C)c1cccc(C(C)C)c1O,26224,D3,s3://morphology_profiles/filtered_mp/26224-Hoechst/merged_26224-Hoechst_d03.tif,s3://morphology_profiles/filtered_mp/26224-ERSyto/merged_26224-ERSyto_d03.tif,s3://morphology_profiles/filtered_mp/26224-ERSytoBleed/merged_26224-ERSytoBleed_d03.tif,s3://morphology_profiles/filtered_mp/26224-Ph_golgi/merged_26224-Ph_golgi_d03.tif,s3://morphology_profiles/filtered_mp/26224-Mito/merged_26224-Mito_d03.tif
CC[C@@H]1C(=O)OC[C@@H]1Cc1cncn1C,26224,E20,s3://morphology_profiles/filtered_mp/26224-Hoechst/merged_26224-Hoechst_e20.tif,s3://morphology_profiles/filtered_mp/26224-ERSyto/merged_26224-ERSyto_e20.tif,s3://morphology_profiles/filtered_mp/26224-ERSytoBleed/merged_26224-ERSytoBleed_e20.tif,s3://morphology_profiles/filtered_mp/26224-Ph_golgi/merged_26224-Ph_golgi_e20.tif,s3://morphology_profiles/filtered_mp/26224-Mito/merged_26224-Mito_e20.tif
C[C@]12C=CC(=O)C=C1CC[C@@H]1[C@@H]2C(=O)C[C@@]2(C)[C@H]1CC[C@]2(O)C(=O)CO,26224,F11,s3://morphology_profiles/filtered_mp/26224-Hoechst/merged_26224-Hoechst_f11.tif,s3://morphology_profiles/filtered_mp/26224-ERSyto/merged_26224-ERSyto_f11.tif,s3://morphology_profiles/filtered_mp/26224-ERSytoBleed/merged_26224-ERSytoBleed_f11.tif,s3://morphology_profiles/filtered_mp/26224-Ph_golgi/merged_26224-Ph_golgi_f11.tif,s3://morphology_profiles/filtered_mp/26224-Mito/merged_26224-Mito_f11.tif
COc1cnc(NS(=O)(=O)c2ccc(N)cc2)nc1,26224,G7,s3://morphology_profiles/filtered_mp/26224-Hoechst/merged_26224-Hoechst_g07.tif,s3://morphology_profiles/filtered_mp/26224-ERSyto/merged_26224-ERSyto_g07.tif,s3://morphology_profiles/filtered_mp/26224-ERSytoBleed/merged_26224-ERSytoBleed_g07.tif,s3://morphology_profiles/filtered_mp/26224-Ph_golgi/merged_26224-Ph_golgi_g07.tif,s3://morphology_profiles/filtered_mp/26224-Mito/merged_26224-Mito_g07.tif
CCc1nc(=N)[nH]c(N)c1-c1ccc(Cl)cc1,26224,H1,s3://morphology_profiles/filtered_mp/26224-Hoechst/merged_26224-Hoechst_h01.tif,s3://morphology_profiles/filtered_mp/26224-ERSyto/merged_26224-ERSyto_h01.tif,s3://morphology_profiles/filtered_mp/26224-ERSytoBleed/merged_26224-ERSytoBleed_h01.tif,s3://morphology_profiles/filtered_mp/26224-Ph_golgi/merged_26224-Ph_golgi_h01.tif,s3://morphology_profiles/filtered_mp/26224-Mito/merged_26224-Mito_h01.tif
NS(=O)(=O)c1cc2c(cc1Cl)N=CNS2(=O)=O,26224,H9,s3://morphology_profiles/filtered_mp/26224-Hoechst/merged_26224-Hoechst_h09.tif,s3://morphology_profiles/filtered_mp/26224-ERSyto/merged_26224-ERSyto_h09.tif,s3://morphology_profiles/filtered_mp/26224-ERSytoBleed/merged_26224-ERSytoBleed_h09.tif,s3://morphology_profiles/filtered_mp/26224-Ph_golgi/merged_26224-Ph_golgi_h09.tif,s3://morphology_profiles/filtered_mp/26224-Mito/merged_26224-Mito_h09.tif
N=c1[nH]c2nc(=N)c(-c3ccccc3)nc-2c(N)[nH]1,26224,K2,s3://morphology_profiles/filtered_mp/26224-Hoechst/merged_26224-Hoechst_k02.tif,s3://morphology_profiles/filtered_mp/26224-ERSyto/merged_26224-ERSyto_k02.tif,s3://morphology_profiles/filtered_mp/26224-ERSytoBleed/merged_26224-ERSytoBleed_k02.tif,s3://morphology_profiles/filtered_mp/26224-Ph_golgi/merged_26224-Ph_golgi_k02.tif,s3://morphology_profiles/filtered_mp/26224-Mito/merged_26224-Mito_k02.tif
Cc1cccc(Nc2ccccc2C(=O)O)c1C,26224,K19,s3://morphology_profiles/filtered_mp/26224-Hoechst/merged_26224-Hoechst_k19.tif,s3://morphology_profiles/filtered_mp/26224-ERSyto/merged_26224-ERSyto_k19.tif,s3://morphology_profiles/filtered_mp/26224-ERSytoBleed/merged_26224-ERSytoBleed_k19.tif,s3://morphology_profiles/filtered_mp/26224-Ph_golgi/merged_26224-Ph_golgi_k19.tif,s3://morphology_profiles/filtered_mp/26224-Mito/merged_26224-Mito_k19.tif
N=c1nnc(-c2cccc(Cl)c2Cl)c(N)[nH]1,26224,L12,s3://morphology_profiles/filtered_mp/26224-Hoechst/merged_26224-Hoechst_l12.tif,s3://morphology_profiles/filtered_mp/26224-ERSyto/merged_26224-ERSyto_l12.tif,s3://morphology_profiles/filtered_mp/26224-ERSytoBleed/merged_26224-ERSytoBleed_l12.tif,s3://morphology_profiles/filtered_mp/26224-Ph_golgi/merged_26224-Ph_golgi_l12.tif,s3://morphology_profiles/filtered_mp/26224-Mito/merged_26224-Mito_l12.tif
Cc1ccnc(NS(=O)(=O)c2ccc(N)cc2)n1,26224,L17,s3://morphology_profiles/filtered_mp/26224-Hoechst/merged_26224-Hoechst_l17.tif,s3://morphology_profiles/filtered_mp/26224-ERSyto/merged_26224-ERSyto_l17.tif,s3://morphology_profiles/filtered_mp/26224-ERSytoBleed/merged_26224-ERSytoBleed_l17.tif,s3://morphology_profiles/filtered_mp/26224-Ph_golgi/merged_26224-Ph_golgi_l17.tif,s3://morphology_profiles/filtered_mp/26224-Mito/merged_26224-Mito_l17.tif
CCCN(CCC)S(=O)(=O)c1ccc(C(=O)O)cc1,26224,N1,s3://morphology_profiles/filtered_mp/26224-Hoechst/merged_26224-Hoechst_n01.tif,s3://morphology_profiles/filtered_mp/26224-ERSyto/merged_26224-ERSyto_n01.tif,s3://morphology_profiles/filtered_mp/26224-ERSytoBleed/merged_26224-ERSytoBleed_n01.tif,s3://morphology_profiles/filtered_mp/26224-Ph_golgi/merged_26224-Ph_golgi_n01.tif,s3://morphology_profiles/filtered_mp/26224-Mito/merged_26224-Mito_n01.tif
O=C(CCCN1CC=C(n2c(O)nc3ccccc32)CC1)c1ccc(F)cc1,26224,O19,s3://morphology_profiles/filtered_mp/26224-Hoechst/merged_26224-Hoechst_o19.tif,s3://morphology_profiles/filtered_mp/26224-ERSyto/merged_26224-ERSyto_o19.tif,s3://morphology_profiles/filtered_mp/26224-ERSytoBleed/merged_26224-ERSytoBleed_o19.tif,s3://morphology_profiles/filtered_mp/26224-Ph_golgi/merged_26224-Ph_golgi_o19.tif,s3://morphology_profiles/filtered_mp/26224-Mito/merged_26224-Mito_o19.tif
COc1ccc2[nH]cc(CCN=C(C)O)c2c1,26224,P6,s3://morphology_profiles/filtered_mp/26224-Hoechst/merged_26224-Hoechst_p06.tif,s3://morphology_profiles/filtered_mp/26224-ERSyto/merged_26224-ERSyto_p06.tif,s3://morphology_profiles/filtered_mp/26224-ERSytoBleed/merged_26224-ERSytoBleed_p06.tif,s3://morphology_profiles/filtered_mp/26224-Ph_golgi/merged_26224-Ph_golgi_p06.tif,s3://morphology_profiles/filtered_mp/26224-Mito/merged_26224-Mito_p06.tif
CCCN=C(O)NS(=O)(=O)c1ccc(Cl)cc1,26224,P13,s3://morphology_profiles/filtered_mp/26224-Hoechst/merged_26224-Hoechst_p13.tif,s3://morphology_profiles/filtered_mp/26224-ERSyto/merged_26224-ERSyto_p13.tif,s3://morphology_profiles/filtered_mp/26224-ERSytoBleed/merged_26224-ERSytoBleed_p13.tif,s3://morphology_profiles/filtered_mp/26224-Ph_golgi/merged_26224-Ph_golgi_p13.tif,s3://morphology_profiles/filtered_mp/26224-Mito/merged_26224-Mito_p13.tif
COc1c2occc2c(OC)c2c(=O)cc(C)oc12,26232,B15,s3://morphology_profiles/filtered_mp/26232-Hoechst/merged_26232-Hoechst_b15.tif,s3://morphology_profiles/filtered_mp/26232-ERSyto/merged_26232-ERSyto_b15.tif,s3://morphology_profiles/filtered_mp/26232-ERSytoBleed/merged_26232-ERSytoBleed_b15.tif,s3://morphology_profiles/filtered_mp/26232-Ph_golgi/merged_26232-Ph_golgi_b15.tif,s3://morphology_profiles/filtered_mp/26232-Mito/merged_26232-Mito_b15.tif
C[C@]12CC[C@@H]3c4ccc(O)cc4CC[C@H]3[C@@H]1CCC2=O,26232,C20,s3://morphology_profiles/filtered_mp/26232-Hoechst/merged_26232-Hoechst_c20.tif,s3://morphology_profiles/filtered_mp/26232-ERSyto/merged_26232-ERSyto_c20.tif,s3://morphology_profiles/filtered_mp/26232-ERSytoBleed/merged_26232-ERSytoBleed_c20.tif,s3://morphology_profiles/filtered_mp/26232-Ph_golgi/merged_26232-Ph_golgi_c20.tif,s3://morphology_profiles/filtered_mp/26232-Mito/merged_26232-Mito_c20.tif
CC(C)c1cccc(C(C)C)c1O,26232,D3,s3://morphology_profiles/filtered_mp/26232-Hoechst/merged_26232-Hoechst_d03.tif,s3://morphology_profiles/filtered_mp/26232-ERSyto/merged_26232-ERSyto_d03.tif,s3://morphology_profiles/filtered_mp/26232-ERSytoBleed/merged_26232-ERSytoBleed_d03.tif,s3://morphology_profiles/filtered_mp/26232-Ph_golgi/merged_26232-Ph_golgi_d03.tif,s3://morphology_profiles/filtered_mp/26232-Mito/merged_26232-Mito_d03.tif
CC[C@@H]1C(=O)OC[C@@H]1Cc1cncn1C,26232,E20,s3://morphology_profiles/filtered_mp/26232-Hoechst/merged_26232-Hoechst_e20.tif,s3://morphology_profiles/filtered_mp/26232-ERSyto/merged_26232-ERSyto_e20.tif,s3://morphology_profiles/filtered_mp/26232-ERSytoBleed/merged_26232-ERSytoBleed_e20.tif,s3://morphology_profiles/filtered_mp/26232-Ph_golgi/merged_26232-Ph_golgi_e20.tif,s3://morphology_profiles/filtered_mp/26232-Mito/merged_26232-Mito_e20.tif
C[C@]12C=CC(=O)C=C1CC[C@@H]1[C@@H]2C(=O)C[C@@]2(C)[C@H]1CC[C@]2(O)C(=O)CO,26232,F11,s3://morphology_profiles/filtered_mp/26232-Hoechst/merged_26232-Hoechst_f11.tif,s3://morphology_profiles/filtered_mp/26232-ERSyto/merged_26232-ERSyto_f11.tif,s3://morphology_profiles/filtered_mp/26232-ERSytoBleed/merged_26232-ERSytoBleed_f11.tif,s3://morphology_profiles/filtered_mp/26232-Ph_golgi/merged_26232-Ph_golgi_f11.tif,s3://morphology_profiles/filtered_mp/26232-Mito/merged_26232-Mito_f11.tif
COc1cnc(NS(=O)(=O)c2ccc(N)cc2)nc1,26232,G7,s3://morphology_profiles/filtered_mp/26232-Hoechst/merged_26232-Hoechst_g07.tif,s3://morphology_profiles/filtered_mp/26232-ERSyto/merged_26232-ERSyto_g07.tif,s3://morphology_profiles/filtered_mp/26232-ERSytoBleed/merged_26232-ERSytoBleed_g07.tif,s3://morphology_profiles/filtered_mp/26232-Ph_golgi/merged_26232-Ph_golgi_g07.tif,s3://morphology_profiles/filtered_mp/26232-Mito/merged_26232-Mito_g07.tif
CCc1nc(=N)[nH]c(N)c1-c1ccc(Cl)cc1,26232,H1,s3://morphology_profiles/filtered_mp/26232-Hoechst/merged_26232-Hoechst_h01.tif,s3://morphology_profiles/filtered_mp/26232-ERSyto/merged_26232-ERSyto_h01.tif,s3://morphology_profiles/filtered_mp/26232-ERSytoBleed/merged_26232-ERSytoBleed_h01.tif,s3://morphology_profiles/filtered_mp/26232-Ph_golgi/merged_26232-Ph_golgi_h01.tif,s3://morphology_profiles/filtered_mp/26232-Mito/merged_26232-Mito_h01.tif
NS(=O)(=O)c1cc2c(cc1Cl)N=CNS2(=O)=O,26232,H9,s3://morphology_profiles/filtered_mp/26232-Hoechst/merged_26232-Hoechst_h09.tif,s3://morphology_profiles/filtered_mp/26232-ERSyto/merged_26232-ERSyto_h09.tif,s3://morphology_profiles/filtered_mp/26232-ERSytoBleed/merged_26232-ERSytoBleed_h09.tif,s3://morphology_profiles/filtered_mp/26232-Ph_golgi/merged_26232-Ph_golgi_h09.tif,s3://morphology_profiles/filtered_mp/26232-Mito/merged_26232-Mito_h09.tif
N=c1[nH]c2nc(=N)c(-c3ccccc3)nc-2c(N)[nH]1,26232,K2,s3://morphology_profiles/filtered_mp/26232-Hoechst/merged_26232-Hoechst_k02.tif,s3://morphology_profiles/filtered_mp/26232-ERSyto/merged_26232-ERSyto_k02.tif,s3://morphology_profiles/filtered_mp/26232-ERSytoBleed/merged_26232-ERSytoBleed_k02.tif,s3://morphology_profiles/filtered_mp/26232-Ph_golgi/merged_26232-Ph_golgi_k02.tif,s3://morphology_profiles/filtered_mp/26232-Mito/merged_26232-Mito_k02.tif
Cc1cccc(Nc2ccccc2C(=O)O)c1C,26232,K19,s3://morphology_profiles/filtered_mp/26232-Hoechst/merged_26232-Hoechst_k19.tif,s3://morphology_profiles/filtered_mp/26232-ERSyto/merged_26232-ERSyto_k19.tif,s3://morphology_profiles/filtered_mp/26232-ERSytoBleed/merged_26232-ERSytoBleed_k19.tif,s3://morphology_profiles/filtered_mp/26232-Ph_golgi/merged_26232-Ph_golgi_k19.tif,s3://morphology_profiles/filtered_mp/26232-Mito/merged_26232-Mito_k19.tif
N=c1nnc(-c2cccc(Cl)c2Cl)c(N)[nH]1,26232,L12,s3://morphology_profiles/filtered_mp/26232-Hoechst/merged_26232-Hoechst_l12.tif,s3://morphology_profiles/filtered_mp/26232-ERSyto/merged_26232-ERSyto_l12.tif,s3://morphology_profiles/filtered_mp/26232-ERSytoBleed/merged_26232-ERSytoBleed_l12.tif,s3://morphology_profiles/filtered_mp/26232-Ph_golgi/merged_26232-Ph_golgi_l12.tif,s3://morphology_profiles/filtered_mp/26232-Mito/merged_26232-Mito_l12.tif
Cc1ccnc(NS(=O)(=O)c2ccc(N)cc2)n1,26232,L17,s3://morphology_profiles/filtered_mp/26232-Hoechst/merged_26232-Hoechst_l17.tif,s3://morphology_profiles/filtered_mp/26232-ERSyto/merged_26232-ERSyto_l17.tif,s3://morphology_profiles/filtered_mp/26232-ERSytoBleed/merged_26232-ERSytoBleed_l17.tif,s3://morphology_profiles/filtered_mp/26232-Ph_golgi/merged_26232-Ph_golgi_l17.tif,s3://morphology_profiles/filtered_mp/26232-Mito/merged_26232-Mito_l17.tif
CCCN(CCC)S(=O)(=O)c1ccc(C(=O)O)cc1,26232,N1,s3://morphology_profiles/filtered_mp/26232-Hoechst/merged_26232-Hoechst_n01.tif,s3://morphology_profiles/filtered_mp/26232-ERSyto/merged_26232-ERSyto_n01.tif,s3://morphology_profiles/filtered_mp/26232-ERSytoBleed/merged_26232-ERSytoBleed_n01.tif,s3://morphology_profiles/filtered_mp/26232-Ph_golgi/merged_26232-Ph_golgi_n01.tif,s3://morphology_profiles/filtered_mp/26232-Mito/merged_26232-Mito_n01.tif
O=C(CCCN1CC=C(n2c(O)nc3ccccc32)CC1)c1ccc(F)cc1,26232,O19,s3://morphology_profiles/filtered_mp/26232-Hoechst/merged_26232-Hoechst_o19.tif,s3://morphology_profiles/filtered_mp/26232-ERSyto/merged_26232-ERSyto_o19.tif,s3://morphology_profiles/filtered_mp/26232-ERSytoBleed/merged_26232-ERSytoBleed_o19.tif,s3://morphology_profiles/filtered_mp/26232-Ph_golgi/merged_26232-Ph_golgi_o19.tif,s3://morphology_profiles/filtered_mp/26232-Mito/merged_26232-Mito_o19.tif
COc1ccc2[nH]cc(CCN=C(C)O)c2c1,26232,P6,s3://morphology_profiles/filtered_mp/26232-Hoechst/merged_26232-Hoechst_p06.tif,s3://morphology_profiles/filtered_mp/26232-ERSyto/merged_26232-ERSyto_p06.tif,s3://morphology_profiles/filtered_mp/26232-ERSytoBleed/merged_26232-ERSytoBleed_p06.tif,s3://morphology_profiles/filtered_mp/26232-Ph_golgi/merged_26232-Ph_golgi_p06.tif,s3://morphology_profiles/filtered_mp/26232-Mito/merged_26232-Mito_p06.tif
CCCN=C(O)NS(=O)(=O)c1ccc(Cl)cc1,26232,P13,s3://morphology_profiles/filtered_mp/26232-Hoechst/merged_26232-Hoechst_p13.tif,s3://morphology_profiles/filtered_mp/26232-ERSyto/merged_26232-ERSyto_p13.tif,s3://morphology_profiles/filtered_mp/26232-ERSytoBleed/merged_26232-ERSytoBleed_p13.tif,s3://morphology_profiles/filtered_mp/26232-Ph_golgi/merged_26232-Ph_golgi_p13.tif,s3://morphology_profiles/filtered_mp/26232-Mito/merged_26232-Mito_p13.tif
COc1c2occc2c(OC)c2c(=O)cc(C)oc12,26239,B15,s3://morphology_profiles/filtered_mp/26239-Hoechst/merged_26239-Hoechst_b15.tif,s3://morphology_profiles/filtered_mp/26239-ERSyto/merged_26239-ERSyto_b15.tif,s3://morphology_profiles/filtered_mp/26239-ERSytoBleed/merged_26239-ERSytoBleed_b15.tif,s3://morphology_profiles/filtered_mp/26239-Ph_golgi/merged_26239-Ph_golgi_b15.tif,s3://morphology_profiles/filtered_mp/26239-Mito/merged_26239-Mito_b15.tif
C[C@]12CC[C@@H]3c4ccc(O)cc4CC[C@H]3[C@@H]1CCC2=O,26239,C20,s3://morphology_profiles/filtered_mp/26239-Hoechst/merged_26239-Hoechst_c20.tif,s3://morphology_profiles/filtered_mp/26239-ERSyto/merged_26239-ERSyto_c20.tif,s3://morphology_profiles/filtered_mp/26239-ERSytoBleed/merged_26239-ERSytoBleed_c20.tif,s3://morphology_profiles/filtered_mp/26239-Ph_golgi/merged_26239-Ph_golgi_c20.tif,s3://morphology_profiles/filtered_mp/26239-Mito/merged_26239-Mito_c20.tif
CC(C)c1cccc(C(C)C)c1O,26239,D3,s3://morphology_profiles/filtered_mp/26239-Hoechst/merged_26239-Hoechst_d03.tif,s3://morphology_profiles/filtered_mp/26239-ERSyto/merged_26239-ERSyto_d03.tif,s3://morphology_profiles/filtered_mp/26239-ERSytoBleed/merged_26239-ERSytoBleed_d03.tif,s3://morphology_profiles/filtered_mp/26239-Ph_golgi/merged_26239-Ph_golgi_d03.tif,s3://morphology_profiles/filtered_mp/26239-Mito/merged_26239-Mito_d03.tif
CC[C@@H]1C(=O)OC[C@@H]1Cc1cncn1C,26239,E20,s3://morphology_profiles/filtered_mp/26239-Hoechst/merged_26239-Hoechst_e20.tif,s3://morphology_profiles/filtered_mp/26239-ERSyto/merged_26239-ERSyto_e20.tif,s3://morphology_profiles/filtered_mp/26239-ERSytoBleed/merged_26239-ERSytoBleed_e20.tif,s3://morphology_profiles/filtered_mp/26239-Ph_golgi/merged_26239-Ph_golgi_e20.tif,s3://morphology_profiles/filtered_mp/26239-Mito/merged_26239-Mito_e20.tif
C[C@]12C=CC(=O)C=C1CC[C@@H]1[C@@H]2C(=O)C[C@@]2(C)[C@H]1CC[C@]2(O)C(=O)CO,26239,F11,s3://morphology_profiles/filtered_mp/26239-Hoechst/merged_26239-Hoechst_f11.tif,s3://morphology_profiles/filtered_mp/26239-ERSyto/merged_26239-ERSyto_f11.tif,s3://morphology_profiles/filtered_mp/26239-ERSytoBleed/merged_26239-ERSytoBleed_f11.tif,s3://morphology_profiles/filtered_mp/26239-Ph_golgi/merged_26239-Ph_golgi_f11.tif,s3://morphology_profiles/filtered_mp/26239-Mito/merged_26239-Mito_f11.tif
COc1cnc(NS(=O)(=O)c2ccc(N)cc2)nc1,26239,G7,s3://morphology_profiles/filtered_mp/26239-Hoechst/merged_26239-Hoechst_g07.tif,s3://morphology_profiles/filtered_mp/26239-ERSyto/merged_26239-ERSyto_g07.tif,s3://morphology_profiles/filtered_mp/26239-ERSytoBleed/merged_26239-ERSytoBleed_g07.tif,s3://morphology_profiles/filtered_mp/26239-Ph_golgi/merged_26239-Ph_golgi_g07.tif,s3://morphology_profiles/filtered_mp/26239-Mito/merged_26239-Mito_g07.tif
CCc1nc(=N)[nH]c(N)c1-c1ccc(Cl)cc1,26239,H1,s3://morphology_profiles/filtered_mp/26239-Hoechst/merged_26239-Hoechst_h01.tif,s3://morphology_profiles/filtered_mp/26239-ERSyto/merged_26239-ERSyto_h01.tif,s3://morphology_profiles/filtered_mp/26239-ERSytoBleed/merged_26239-ERSytoBleed_h01.tif,s3://morphology_profiles/filtered_mp/26239-Ph_golgi/merged_26239-Ph_golgi_h01.tif,s3://morphology_profiles/filtered_mp/26239-Mito/merged_26239-Mito_h01.tif
NS(=O)(=O)c1cc2c(cc1Cl)N=CNS2(=O)=O,26239,H9,s3://morphology_profiles/filtered_mp/26239-Hoechst/merged_26239-Hoechst_h09.tif,s3://morphology_profiles/filtered_mp/26239-ERSyto/merged_26239-ERSyto_h09.tif,s3://morphology_profiles/filtered_mp/26239-ERSytoBleed/merged_26239-ERSytoBleed_h09.tif,s3://morphology_profiles/filtered_mp/26239-Ph_golgi/merged_26239-Ph_golgi_h09.tif,s3://morphology_profiles/filtered_mp/26239-Mito/merged_26239-Mito_h09.tif
N=c1[nH]c2nc(=N)c(-c3ccccc3)nc-2c(N)[nH]1,26239,K2,s3://morphology_profiles/filtered_mp/26239-Hoechst/merged_26239-Hoechst_k02.tif,s3://morphology_profiles/filtered_mp/26239-ERSyto/merged_26239-ERSyto_k02.tif,s3://morphology_profiles/filtered_mp/26239-ERSytoBleed/merged_26239-ERSytoBleed_k02.tif,s3://morphology_profiles/filtered_mp/26239-Ph_golgi/merged_26239-Ph_golgi_k02.tif,s3://morphology_profiles/filtered_mp/26239-Mito/merged_26239-Mito_k02.tif
Cc1cccc(Nc2ccccc2C(=O)O)c1C,26239,K19,s3://morphology_profiles/filtered_mp/26239-Hoechst/merged_26239-Hoechst_k19.tif,s3://morphology_profiles/filtered_mp/26239-ERSyto/merged_26239-ERSyto_k19.tif,s3://morphology_profiles/filtered_mp/26239-ERSytoBleed/merged_26239-ERSytoBleed_k19.tif,s3://morphology_profiles/filtered_mp/26239-Ph_golgi/merged_26239-Ph_golgi_k19.tif,s3://morphology_profiles/filtered_mp/26239-Mito/merged_26239-Mito_k19.tif
N=c1nnc(-c2cccc(Cl)c2Cl)c(N)[nH]1,26239,L12,s3://morphology_profiles/filtered_mp/26239-Hoechst/merged_26239-Hoechst_l12.tif,s3://morphology_profiles/filtered_mp/26239-ERSyto/merged_26239-ERSyto_l12.tif,s3://morphology_profiles/filtered_mp/26239-ERSytoBleed/merged_26239-ERSytoBleed_l12.tif,s3://morphology_profiles/filtered_mp/26239-Ph_golgi/merged_26239-Ph_golgi_l12.tif,s3://morphology_profiles/filtered_mp/26239-Mito/merged_26239-Mito_l12.tif
Cc1ccnc(NS(=O)(=O)c2ccc(N)cc2)n1,26239,L17,s3://morphology_profiles/filtered_mp/26239-Hoechst/merged_26239-Hoechst_l17.tif,s3://morphology_profiles/filtered_mp/26239-ERSyto/merged_26239-ERSyto_l17.tif,s3://morphology_profiles/filtered_mp/26239-ERSytoBleed/merged_26239-ERSytoBleed_l17.tif,s3://morphology_profiles/filtered_mp/26239-Ph_golgi/merged_26239-Ph_golgi_l17.tif,s3://morphology_profiles/filtered_mp/26239-Mito/merged_26239-Mito_l17.tif
CCCN(CCC)S(=O)(=O)c1ccc(C(=O)O)cc1,26239,N1,s3://morphology_profiles/filtered_mp/26239-Hoechst/merged_26239-Hoechst_n01.tif,s3://morphology_profiles/filtered_mp/26239-ERSyto/merged_26239-ERSyto_n01.tif,s3://morphology_profiles/filtered_mp/26239-ERSytoBleed/merged_26239-ERSytoBleed_n01.tif,s3://morphology_profiles/filtered_mp/26239-Ph_golgi/merged_26239-Ph_golgi_n01.tif,s3://morphology_profiles/filtered_mp/26239-Mito/merged_26239-Mito_n01.tif
O=C(CCCN1CC=C(n2c(O)nc3ccccc32)CC1)c1ccc(F)cc1,26239,O19,s3://morphology_profiles/filtered_mp/26239-Hoechst/merged_26239-Hoechst_o19.tif,s3://morphology_profiles/filtered_mp/26239-ERSyto/merged_26239-ERSyto_o19.tif,s3://morphology_profiles/filtered_mp/26239-ERSytoBleed/merged_26239-ERSytoBleed_o19.tif,s3://morphology_profiles/filtered_mp/26239-Ph_golgi/merged_26239-Ph_golgi_o19.tif,s3://morphology_profiles/filtered_mp/26239-Mito/merged_26239-Mito_o19.tif
COc1ccc2[nH]cc(CCN=C(C)O)c2c1,26239,P6,s3://morphology_profiles/filtered_mp/26239-Hoechst/merged_26239-Hoechst_p06.tif,s3://morphology_profiles/filtered_mp/26239-ERSyto/merged_26239-ERSyto_p06.tif,s3://morphology_profiles/filtered_mp/26239-ERSytoBleed/merged_26239-ERSytoBleed_p06.tif,s3://morphology_profiles/filtered_mp/26239-Ph_golgi/merged_26239-Ph_golgi_p06.tif,s3://morphology_profiles/filtered_mp/26239-Mito/merged_26239-Mito_p06.tif
CCCN=C(O)NS(=O)(=O)c1ccc(Cl)cc1,26239,P13,s3://morphology_profiles/filtered_mp/26239-Hoechst/merged_26239-Hoechst_p13.tif,s3://morphology_profiles/filtered_mp/26239-ERSyto/merged_26239-ERSyto_p13.tif,s3://morphology_profiles/filtered_mp/26239-ERSytoBleed/merged_26239-ERSytoBleed_p13.tif,s3://morphology_profiles/filtered_mp/26239-Ph_golgi/merged_26239-Ph_golgi_p13.tif,s3://morphology_profiles/filtered_mp/26239-Mito/merged_26239-Mito_p13.tif
COc1c2occc2c(OC)c2c(=O)cc(C)oc12,26247,B15,s3://morphology_profiles/filtered_mp/26247-Hoechst/merged_26247-Hoechst_b15.tif,s3://morphology_profiles/filtered_mp/26247-ERSyto/merged_26247-ERSyto_b15.tif,s3://morphology_profiles/filtered_mp/26247-ERSytoBleed/merged_26247-ERSytoBleed_b15.tif,s3://morphology_profiles/filtered_mp/26247-Ph_golgi/merged_26247-Ph_golgi_b15.tif,s3://morphology_profiles/filtered_mp/26247-Mito/merged_26247-Mito_b15.tif
C[C@]12CC[C@@H]3c4ccc(O)cc4CC[C@H]3[C@@H]1CCC2=O,26247,C20,s3://morphology_profiles/filtered_mp/26247-Hoechst/merged_26247-Hoechst_c20.tif,s3://morphology_profiles/filtered_mp/26247-ERSyto/merged_26247-ERSyto_c20.tif,s3://morphology_profiles/filtered_mp/26247-ERSytoBleed/merged_26247-ERSytoBleed_c20.tif,s3://morphology_profiles/filtered_mp/26247-Ph_golgi/merged_26247-Ph_golgi_c20.tif,s3://morphology_profiles/filtered_mp/26247-Mito/merged_26247-Mito_c20.tif
CC(C)c1cccc(C(C)C)c1O,26247,D3,s3://morphology_profiles/filtered_mp/26247-Hoechst/merged_26247-Hoechst_d03.tif,s3://morphology_profiles/filtered_mp/26247-ERSyto/merged_26247-ERSyto_d03.tif,s3://morphology_profiles/filtered_mp/26247-ERSytoBleed/merged_26247-ERSytoBleed_d03.tif,s3://morphology_profiles/filtered_mp/26247-Ph_golgi/merged_26247-Ph_golgi_d03.tif,s3://morphology_profiles/filtered_mp/26247-Mito/merged_26247-Mito_d03.tif
CC[C@@H]1C(=O)OC[C@@H]1Cc1cncn1C,26247,E20,s3://morphology_profiles/filtered_mp/26247-Hoechst/merged_26247-Hoechst_e20.tif,s3://morphology_profiles/filtered_mp/26247-ERSyto/merged_26247-ERSyto_e20.tif,s3://morphology_profiles/filtered_mp/26247-ERSytoBleed/merged_26247-ERSytoBleed_e20.tif,s3://morphology_profiles/filtered_mp/26247-Ph_golgi/merged_26247-Ph_golgi_e20.tif,s3://morphology_profiles/filtered_mp/26247-Mito/merged_26247-Mito_e20.tif
C[C@]12C=CC(=O)C=C1CC[C@@H]1[C@@H]2C(=O)C[C@@]2(C)[C@H]1CC[C@]2(O)C(=O)CO,26247,F11,s3://morphology_profiles/filtered_mp/26247-Hoechst/merged_26247-Hoechst_f11.tif,s3://morphology_profiles/filtered_mp/26247-ERSyto/merged_26247-ERSyto_f11.tif,s3://morphology_profiles/filtered_mp/26247-ERSytoBleed/merged_26247-ERSytoBleed_f11.tif,s3://morphology_profiles/filtered_mp/26247-Ph_golgi/merged_26247-Ph_golgi_f11.tif,s3://morphology_profiles/filtered_mp/26247-Mito/merged_26247-Mito_f11.tif
COc1cnc(NS(=O)(=O)c2ccc(N)cc2)nc1,26247,G7,s3://morphology_profiles/filtered_mp/26247-Hoechst/merged_26247-Hoechst_g07.tif,s3://morphology_profiles/filtered_mp/26247-ERSyto/merged_26247-ERSyto_g07.tif,s3://morphology_profiles/filtered_mp/26247-ERSytoBleed/merged_26247-ERSytoBleed_g07.tif,s3://morphology_profiles/filtered_mp/26247-Ph_golgi/merged_26247-Ph_golgi_g07.tif,s3://morphology_profiles/filtered_mp/26247-Mito/merged_26247-Mito_g07.tif
CCc1nc(=N)[nH]c(N)c1-c1ccc(Cl)cc1,26247,H1,s3://morphology_profiles/filtered_mp/26247-Hoechst/merged_26247-Hoechst_h01.tif,s3://morphology_profiles/filtered_mp/26247-ERSyto/merged_26247-ERSyto_h01.tif,s3://morphology_profiles/filtered_mp/26247-ERSytoBleed/merged_26247-ERSytoBleed_h01.tif,s3://morphology_profiles/filtered_mp/26247-Ph_golgi/merged_26247-Ph_golgi_h01.tif,s3://morphology_profiles/filtered_mp/26247-Mito/merged_26247-Mito_h01.tif
NS(=O)(=O)c1cc2c(cc1Cl)N=CNS2(=O)=O,26247,H9,s3://morphology_profiles/filtered_mp/26247-Hoechst/merged_26247-Hoechst_h09.tif,s3://morphology_profiles/filtered_mp/26247-ERSyto/merged_26247-ERSyto_h09.tif,s3://morphology_profiles/filtered_mp/26247-ERSytoBleed/merged_26247-ERSytoBleed_h09.tif,s3://morphology_profiles/filtered_mp/26247-Ph_golgi/merged_26247-Ph_golgi_h09.tif,s3://morphology_profiles/filtered_mp/26247-Mito/merged_26247-Mito_h09.tif
N=c1[nH]c2nc(=N)c(-c3ccccc3)nc-2c(N)[nH]1,26247,K2,s3://morphology_profiles/filtered_mp/26247-Hoechst/merged_26247-Hoechst_k02.tif,s3://morphology_profiles/filtered_mp/26247-ERSyto/merged_26247-ERSyto_k02.tif,s3://morphology_profiles/filtered_mp/26247-ERSytoBleed/merged_26247-ERSytoBleed_k02.tif,s3://morphology_profiles/filtered_mp/26247-Ph_golgi/merged_26247-Ph_golgi_k02.tif,s3://morphology_profiles/filtered_mp/26247-Mito/merged_26247-Mito_k02.tif
Cc1cccc(Nc2ccccc2C(=O)O)c1C,26247,K19,s3://morphology_profiles/filtered_mp/26247-Hoechst/merged_26247-Hoechst_k19.tif,s3://morphology_profiles/filtered_mp/26247-ERSyto/merged_26247-ERSyto_k19.tif,s3://morphology_profiles/filtered_mp/26247-ERSytoBleed/merged_26247-ERSytoBleed_k19.tif,s3://morphology_profiles/filtered_mp/26247-Ph_golgi/merged_26247-Ph_golgi_k19.tif,s3://morphology_profiles/filtered_mp/26247-Mito/merged_26247-Mito_k19.tif
N=c1nnc(-c2cccc(Cl)c2Cl)c(N)[nH]1,26247,L12,s3://morphology_profiles/filtered_mp/26247-Hoechst/merged_26247-Hoechst_l12.tif,s3://morphology_profiles/filtered_mp/26247-ERSyto/merged_26247-ERSyto_l12.tif,s3://morphology_profiles/filtered_mp/26247-ERSytoBleed/merged_26247-ERSytoBleed_l12.tif,s3://morphology_profiles/filtered_mp/26247-Ph_golgi/merged_26247-Ph_golgi_l12.tif,s3://morphology_profiles/filtered_mp/26247-Mito/merged_26247-Mito_l12.tif
Cc1ccnc(NS(=O)(=O)c2ccc(N)cc2)n1,26247,L17,s3://morphology_profiles/filtered_mp/26247-Hoechst/merged_26247-Hoechst_l17.tif,s3://morphology_profiles/filtered_mp/26247-ERSyto/merged_26247-ERSyto_l17.tif,s3://morphology_profiles/filtered_mp/26247-ERSytoBleed/merged_26247-ERSytoBleed_l17.tif,s3://morphology_profiles/filtered_mp/26247-Ph_golgi/merged_26247-Ph_golgi_l17.tif,s3://morphology_profiles/filtered_mp/26247-Mito/merged_26247-Mito_l17.tif
CCCN(CCC)S(=O)(=O)c1ccc(C(=O)O)cc1,26247,N1,s3://morphology_profiles/filtered_mp/26247-Hoechst/merged_26247-Hoechst_n01.tif,s3://morphology_profiles/filtered_mp/26247-ERSyto/merged_26247-ERSyto_n01.tif,s3://morphology_profiles/filtered_mp/26247-ERSytoBleed/merged_26247-ERSytoBleed_n01.tif,s3://morphology_profiles/filtered_mp/26247-Ph_golgi/merged_26247-Ph_golgi_n01.tif,s3://morphology_profiles/filtered_mp/26247-Mito/merged_26247-Mito_n01.tif
O=C(CCCN1CC=C(n2c(O)nc3ccccc32)CC1)c1ccc(F)cc1,26247,O19,s3://morphology_profiles/filtered_mp/26247-Hoechst/merged_26247-Hoechst_o19.tif,s3://morphology_profiles/filtered_mp/26247-ERSyto/merged_26247-ERSyto_o19.tif,s3://morphology_profiles/filtered_mp/26247-ERSytoBleed/merged_26247-ERSytoBleed_o19.tif,s3://morphology_profiles/filtered_mp/26247-Ph_golgi/merged_26247-Ph_golgi_o19.tif,s3://morphology_profiles/filtered_mp/26247-Mito/merged_26247-Mito_o19.tif
COc1ccc2[nH]cc(CCN=C(C)O)c2c1,26247,P6,s3://morphology_profiles/filtered_mp/26247-Hoechst/merged_26247-Hoechst_p06.tif,s3://morphology_profiles/filtered_mp/26247-ERSyto/merged_26247-ERSyto_p06.tif,s3://morphology_profiles/filtered_mp/26247-ERSytoBleed/merged_26247-ERSytoBleed_p06.tif,s3://morphology_profiles/filtered_mp/26247-Ph_golgi/merged_26247-Ph_golgi_p06.tif,s3://morphology_profiles/filtered_mp/26247-Mito/merged_26247-Mito_p06.tif
CCCN=C(O)NS(=O)(=O)c1ccc(Cl)cc1,26247,P13,s3://morphology_profiles/filtered_mp/26247-Hoechst/merged_26247-Hoechst_p13.tif,s3://morphology_profiles/filtered_mp/26247-ERSyto/merged_26247-ERSyto_p13.tif,s3://morphology_profiles/filtered_mp/26247-ERSytoBleed/merged_26247-ERSytoBleed_p13.tif,s3://morphology_profiles/filtered_mp/26247-Ph_golgi/merged_26247-Ph_golgi_p13.tif,s3://morphology_profiles/filtered_mp/26247-Mito/merged_26247-Mito_p13.tif
